$date
	Sun Mar  8 19:56:55 2026
$end
$version
	Icarus Verilog
$end
$timescale
	1ps
$end
$scope module tb_alu_32bit $end
$var wire 1 ! zero_o $end
$var wire 1 " valid_o $end
$var wire 32 # result_o [31:0] $end
$var wire 1 $ overflow_o $end
$var wire 1 % carry_o $end
$var reg 1 & clk $end
$var reg 32 ' expected_result [31:0] $end
$var reg 1 ( expected_zero $end
$var reg 4 ) opcode [3:0] $end
$var reg 32 * operand_a [31:0] $end
$var reg 32 + operand_b [31:0] $end
$var reg 1 , rst_n $end
$var reg 1 - valid_i $end
$var integer 32 . error_count [31:0] $end
$var integer 32 / i [31:0] $end
$var integer 32 0 rd_ptr [31:0] $end
$var integer 32 1 test_count [31:0] $end
$var integer 32 2 wr_ptr [31:0] $end
$scope module dut $end
$var wire 1 3 add_overflow $end
$var wire 32 4 and_result [31:0] $end
$var wire 1 & clk $end
$var wire 4 5 opcode [3:0] $end
$var wire 32 6 operand_a [31:0] $end
$var wire 32 7 operand_b [31:0] $end
$var wire 32 8 or_result [31:0] $end
$var wire 1 , rst_n $end
$var wire 1 9 slt_bit $end
$var wire 1 : sub_overflow $end
$var wire 1 - valid_i $end
$var wire 32 ; xor_result [31:0] $end
$var wire 32 < sub_result [31:0] $end
$var wire 33 = sub_ext [32:0] $end
$var wire 1 > sub_carry $end
$var wire 32 ? srl_result [31:0] $end
$var wire 32 @ sra_result [31:0] $end
$var wire 32 A slt_result [31:0] $end
$var wire 32 B sll_result [31:0] $end
$var wire 5 C shamt [4:0] $end
$var wire 32 D add_result [31:0] $end
$var wire 33 E add_ext [32:0] $end
$var wire 1 F add_carry $end
$var reg 32 G a_q [31:0] $end
$var reg 32 H b_q [31:0] $end
$var reg 1 I carry_comb $end
$var reg 1 % carry_o $end
$var reg 4 J opcode_q [3:0] $end
$var reg 1 K overflow_comb $end
$var reg 1 $ overflow_o $end
$var reg 32 L result_comb [31:0] $end
$var reg 32 M result_o [31:0] $end
$var reg 1 " valid_o $end
$var reg 1 N valid_q $end
$var reg 1 ! zero_o $end
$upscope $end
$scope task compute_expected $end
$var reg 32 O a [31:0] $end
$var reg 33 P add_ext [32:0] $end
$var reg 32 Q b [31:0] $end
$var reg 4 R op [3:0] $end
$var reg 1 S slt_bit $end
$var reg 33 T sub_ext [32:0] $end
$upscope $end
$upscope $end
$enddefinitions $end
#0
$dumpvars
bx T
xS
bx R
bx Q
bx P
bx O
0N
b0 M
b0 L
0K
b0 J
0I
b0 H
b0 G
0F
b0 E
b0 D
b0 C
b0 B
b0 A
b0 @
b0 ?
1>
b100000000000000000000000000000000 =
b0 <
b0 ;
0:
09
b0 8
b0 7
b0 6
b0 5
b0 4
03
b0 2
b0 1
b0 0
bx /
b0 .
0-
0,
b0 +
b0 *
b0 )
x(
bx '
0&
0%
0$
b0 #
0"
0!
$end
#5000
1&
#10000
0&
#15000
1&
#20000
0&
#25000
1&
#30000
0&
#35000
1&
#40000
0&
#45000
1&
#50000
0&
#55000
1&
#60000
0&
#65000
1&
#70000
0&
#75000
1&
#80000
0&
#85000
1&
#90000
0&
#95000
1!
1,
1&
#100000
0&
#105000
1&
#110000
0&
#115000
1&
#120000
0&
#125000
1&
#130000
0&
#135000
1&
#140000
0&
#145000
b0 /
1&
#150000
1-
b1 2
0(
b11010010100111000110101110100101 '
b1010001100010111101011010100011 T
b11010010100111101001001110100101 P
b11000000100010010101111010000001 Q
b10010000101010011010100100100 O
b101 R
b101 )
b101 5
b11000000100010010101111010000001 +
b11000000100010010101111010000001 7
b10010000101010011010100100100 *
b10010000101010011010100100100 6
0&
#155000
0>
b1 C
b11010010100111101001001110100101 D
b1010001100010111101011010100011 <
b11010010100111000110101110100101 L
b11010010100111000110101110100101 ;
b11010010100111010111111110100101 8
b10001010000000000 4
1N
b101 J
b11000000100010010101111010000001 H
b11010010100111101001001110100101 E
b1010001100010111101011010100011 =
b100100001010100110101001001000 B
b1001000010101001101010010010 ?
b1001000010101001101010010010 @
b10010000101010011010100100100 G
1&
#160000
b1 /
0-
0&
#165000
0!
1"
b11010010100111000110101110100101 #
b11010010100111000110101110100101 M
0N
1&
#170000
1-
b10 2
b1 '
1S
b11010010100101000111111110100110 T
b100110110011101010010110001101100 P
b10110001111100000101011001100011 Q
b10000100100001001101011000001001 O
b10 R
b10 )
b10 5
b10110001111100000101011001100011 +
b10110001111100000101011001100011 7
b10000100100001001101011000001001 *
b10000100100001001101011000001001 6
0&
#175000
13
b1 A
19
b11 C
b110110011101010010110001101100 D
1F
b11010010100101000111111110100110 <
b1 L
b110101011101001000000001101010 ;
b10110101111101001101011001101011 8
b10000000100000000101011000000001 4
1N
b10 J
b10110001111100000101011001100011 H
b100110110011101010010110001101100 E
b11010010100101000111111110100110 =
b100100001001101011000001001000 B
b10000100100001001101011000001 ?
b11110000100100001001101011000001 @
b10000100100001001101011000001001 G
0"
b1 0
b1 1
1&
#180000
b10 /
0-
0&
#185000
1"
b1 #
b1 M
0N
1&
#190000
1-
b11 2
b1001101100110010001010010011010 '
b10111111110110011110000110000000 T
b1001101100110010001010010011010 P
b1000110110111111001100110001101 Q
b110101110010111101100001101 O
b0 R
b0 )
b0 5
b1000110110111111001100110001101 +
b1000110110111111001100110001101 7
b110101110010111101100001101 *
b110101110010111101100001101 6
0&
#195000
b1 A
19
03
b1101 C
b1001101100110010001010010011010 D
0F
b10111111110110011110000110000000 <
0K
0I
b1001101100110010001010010011010 L
b1000000011001101110001010000000 ;
b1000110111111111111101110001101 8
b110100110010001100100001101 4
1N
b0 J
b1000110110111111001100110001101 H
b1001101100110010001010010011010 E
b10111111110110011110000110000000 =
b101111011000011010000000000000 B
b11010111001011 ?
b11010111001011 @
b110101110010111101100001101 G
0"
b10 0
b10 1
1&
#200000
b11 /
0-
0&
#205000
1"
b1001101100110010001010010011010 #
b1001101100110010001010010011010 M
0N
1&
#210000
1-
b100 2
b101001100010110011001001010011 '
b100101001100010110011001001010011 T
b100111011111110011101011001110111 P
b10001001001101110101001000010010 Q
b10110010110000101000010001100101 O
b1 R
b1 )
b1 5
b10001001001101110101001000010010 +
b10001001001101110101001000010010 7
b10110010110000101000010001100101 *
b10110010110000101000010001100101 6
0&
#215000
b0 A
09
13
1I
1F
b10010 C
b111011111110011101011001110111 D
b101001100010110011001001010011 <
1>
b101001100010110011001001010011 L
b111011111101011101011001110111 ;
b10111011111101111101011001110111 8
b10000000000000100000000000000000 4
1N
b1 J
b10001001001101110101001000010010 H
b100111011111110011101011001110111 E
b100101001100010110011001001010011 =
b10001100101000000000000000000 B
b10110010110000 ?
b11111111111111111110110010110000 @
b10110010110000101000010001100101 G
0"
b11 0
b11 1
1&
#220000
b100 /
0-
0&
#225000
1%
1"
b101001100010110011001001010011 #
b101001100010110011001001010011 M
0N
1&
#230000
1-
b101 2
b110111101111110111100001101 '
b11111010000111000001010111110100 T
b111110010111011000000001110 P
b110110101111100110100001101 Q
b111100111110001100000001 O
b100 R
b100 )
b100 5
b110110101111100110100001101 +
b110110101111100110100001101 7
b111100111110001100000001 *
b111100111110001100000001 6
0&
#235000
b1 A
19
03
b1101 C
b111110010111011000000001110 D
0F
b11111010000111000001010111110100 <
0>
0I
b110111101111110111100001101 L
b110001001000010111000001100 ;
b110111101111110111100001101 8
b110100111100000100000001 4
1N
b100 J
b110110101111100110100001101 H
b111110010111011000000001110 E
b11111010000111000001010111110100 =
b1111100011000000010000000000000 B
b11110011111 ?
b11110011111 @
b111100111110001100000001 G
0"
b100 0
b100 1
1&
#240000
b101 /
0-
0&
#245000
0%
1"
b110111101111110111100001101 #
b110111101111110111100001101 M
0N
1&
#250000
1-
b110 2
b11000000000000000000000000000000 '
b100011100100101100010010000111001 T
b1011001101100011011111010110011 P
b11110100011011100110100111101 Q
b111011001000111111000101110110 O
b110 R
b110 )
b110 5
b11110100011011100110100111101 +
b11110100011011100110100111101 7
b111011001000111111000101110110 *
b111011001000111111000101110110 6
0&
#255000
b0 A
09
b11101 C
b1011001101100011011111010110011 D
b11100100101100010010000111001 <
1>
b11000000000000000000000000000000 L
b100101101011100011110001001011 ;
b111111101011111111110101111111 8
b11010000000011100000100110100 4
1N
b110 J
b11110100011011100110100111101 H
b1011001101100011011111010110011 E
b100011100100101100010010000111001 =
b11000000000000000000000000000000 B
b1 ?
b1 @
b111011001000111111000101110110 G
0"
b101 0
b101 1
1&
#260000
b110 /
0-
0&
#265000
1"
b11000000000000000000000000000000 #
b11000000000000000000000000000000 M
0N
1&
#270000
1-
b111 2
b110000101001100110000001100001 '
b100110000101001100110000001100001 T
b10111101000000100100111101111001 P
b1000110001011011111011110001100 Q
b1110110110101000101011111101101 O
b1 R
b1 )
b1 5
b1000110001011011111011110001100 +
b1000110001011011111011110001100 7
b1110110110101000101011111101101 *
b1110110110101000101011111101101 6
0&
#275000
13
b1100 C
b10111101000000100100111101111001 D
b110000101001100110000001100001 <
1I
b110000101001100110000001100001 L
b110000111110011010000001100001 ;
b1110110111111011111011111101101 8
b1000110000001000101011110001100 4
1N
b1 J
b1000110001011011111011110001100 H
b10111101000000100100111101111001 E
b100110000101001100110000001100001 =
b1000101011111101101000000000000 B
b1110110110101000101 ?
b1110110110101000101 @
b1110110110101000101011111101101 G
0"
b110 0
b110 1
1&
#280000
b111 /
0-
0&
#285000
1%
1"
b110000101001100110000001100001 #
b110000101001100110000001100001 M
0N
1&
#290000
1-
b1000 2
b1100000001101010000111010111111 '
b10011001110001101100010100110011 T
b101100000001101010000111010111111 P
b11100011001101110010010011000110 Q
b1111100111111011110100111111001 O
b0 R
b0 )
b0 5
b11100011001101110010010011000110 +
b11100011001101110010010011000110 7
b1111100111111011110100111111001 *
b1111100111111011110100111111001 6
0&
#295000
1:
b0 A
09
03
0>
1F
b110 C
b1100000001101010000111010111111 D
b10011001110001101100010100110011 <
0K
1I
b1100000001101010000111010111111 L
b10011111110010101100110100111111 ;
b11111111111111111110110111111111 8
b1100000001101010010000011000000 4
1N
b0 J
b11100011001101110010010011000110 H
b101100000001101010000111010111111 E
b10011001110001101100010100110011 =
b111111011110100111111001000000 B
b1111100111111011110100111 ?
b1111100111111011110100111 @
b1111100111111011110100111111001 G
0"
b111 0
b111 1
1&
#300000
b1000 /
0-
0&
#305000
1"
b1100000001101010000111010111111 #
b1100000001101010000111010111111 M
0N
1&
#310000
1-
b1001 2
b11110111111101111101011011101111 '
b100001101111000111011001000011011 T
b110111000000010110101011101101111 P
b11010101000100111101001010101010 Q
b11100010111101111000010011000101 O
b100 R
b100 )
b100 5
b11010101000100111101001010101010 +
b11010101000100111101001010101010 7
b11100010111101111000010011000101 *
b11100010111101111000010011000101 6
0&
#315000
0:
1>
b1010 C
b10111000000010110101011101101111 D
b1101111000111011001000011011 <
0I
b11110111111101111101011011101111 L
b110111111001000101011001101111 ;
b11110111111101111101011011101111 8
b11000000000100111000000010000000 4
1N
b100 J
b11010101000100111101001010101010 H
b110111000000010110101011101101111 E
b100001101111000111011001000011011 =
b11011110000100110001010000000000 B
b1110001011110111100001 ?
b11111111111110001011110111100001 @
b11100010111101111000010011000101 G
0"
b1000 0
b1000 1
1&
#320000
b1001 /
0-
0&
#325000
0%
1"
b11110111111101111101011011101111 #
b11110111111101111101011011101111 M
0N
1&
#330000
1-
b1010 2
b11111011111111111111011111110111 '
b10110110110111011000010101101110 T
b100101110100000100110101001011100 P
b10111011110100100111001001110111 Q
b1110010101011111111011111100101 O
b10111011110100100111001001110111 +
b10111011110100100111001001110111 7
b1110010101011111111011111100101 *
b1110010101011111111011111100101 6
0&
#335000
1:
b0 A
09
03
b10111 C
b101110100000100110101001011100 D
b10110110110111011000010101101110 <
0>
b11111011111111111111011111110111 L
b11001001011111011000010110010010 ;
b11111011111111111111011111110111 8
b110010100000100111001001100101 4
1N
b10111011110100100111001001110111 H
b100101110100000100110101001011100 E
b10110110110111011000010101101110 =
b11110010100000000000000000000000 B
b11100101 ?
b11100101 @
b1110010101011111111011111100101 G
0"
b1001 0
b1001 1
1&
#340000
b1010 /
0-
0&
#345000
1"
b11111011111111111111011111110111 #
b11111011111111111111011111110111 M
0N
1&
#350000
1-
b1011 2
b1101011000010010000000000000000 '
b101000001010001011111101010000011 T
b11010001000111111011000110100001 P
b1000111111011001101101110001111 Q
b10001001001100101101011000010010 O
b110 R
b110 )
b110 5
b1000111111011001101101110001111 +
b1000111111011001101101110001111 7
b10001001001100101101011000010010 *
b10001001001100101101011000010010 6
0&
#355000
b1 A
19
1:
1>
0F
b1111 C
b11010001000111111011000110100001 D
b1000001010001011111101010000011 <
b1101011000010010000000000000000 L
b11001110110111100000110110011101 ;
b11001111111111101101111110011111 8
b1001000001101001000000010 4
1N
b110 J
b1000111111011001101101110001111 H
b11010001000111111011000110100001 E
b101000001010001011111101010000011 =
b1101011000010010000000000000000 B
b10001001001100101 ?
b11111111111111110001001001100101 @
b10001001001100101101011000010010 G
0"
b1010 0
b1010 1
1&
#360000
b1011 /
0-
0&
#365000
1"
b1101011000010010000000000000000 #
b1101011000010010000000000000000 M
0N
1&
#370000
1-
b1100 2
b10011110010001101111111100111100 '
b10010001101110011101001100100100 T
b101100000101001110000000011000000 P
b11100111011101101001011011001110 Q
b1111001001100000110100111110010 O
b101 R
b101 )
b101 5
b11100111011101101001011011001110 +
b11100111011101101001011011001110 7
b1111001001100000110100111110010 *
b1111001001100000110100111110010 6
0&
#375000
b0 A
09
1:
0>
1F
b1110 C
b1100000101001110000000011000000 D
b10010001101110011101001100100100 <
b10011110010001101111111100111100 L
b10011110010001101111111100111100 ;
b11111111011101101111111111111110 8
b1100001001100000000000011000010 4
1N
b101 J
b11100111011101101001011011001110 H
b101100000101001110000000011000000 E
b10010001101110011101001100100100 =
b11010011111001000000000000000 B
b11110010011000001 ?
b11110010011000001 @
b1111001001100000110100111110010 G
0"
b1011 0
b1011 1
1&
#380000
b1100 /
0-
0&
#385000
1"
b10011110010001101111111100111100 #
b10011110010001101111111100111100 M
0N
1&
#390000
1-
b1101 2
b11111111101000000000001111010111 '
b100010001001101100010110000100011 T
b111010110110010101100100110101101 P
b11100010110010100100111011000101 Q
b11110100000000000111101011101000 O
b1000 R
b1000 )
b1000 5
b11100010110010100100111011000101 +
b11100010110010100100111011000101 7
b11110100000000000111101011101000 *
b11110100000000000111101011101000 6
0&
#395000
0:
b101 C
b11010110110010101100100110101101 D
b10001001101100010110000100011 <
1>
b11111111101000000000001111010111 L
b10110110010100011010000101101 ;
b11110110110010100111111011101101 8
b11100000000000000100101011000000 4
1N
b1000 J
b11100010110010100100111011000101 H
b111010110110010101100100110101101 E
b100010001001101100010110000100011 =
b10000000000011110101110100000000 B
b111101000000000001111010111 ?
b11111111101000000000001111010111 @
b11110100000000000111101011101000 G
0"
b1100 0
b1100 1
1&
#400000
b1101 /
0-
0&
#405000
1"
b11111111101000000000001111010111 #
b11111111101000000000001111010111 M
0N
1&
#410000
1-
b1110 2
b10000000000000000000000000000000 '
b1001111110010100010000010011111 T
b100001100111001100111001000011001 P
b11011110100011100010100010111101 Q
b101110010110000100100101011100 O
b110 R
b110 )
b110 5
b11011110100011100010100010111101 +
b11011110100011100010100010111101 7
b101110010110000100100101011100 *
b101110010110000100100101011100 6
0&
#415000
03
b11101 C
b1100111001100111001000011001 D
b1001111110010100010000010011111 <
0>
b10000000000000000000000000000000 L
b11110000110101100110000111100001 ;
b11111110110111100110100111111101 8
b1110000010000000100000011100 4
1N
b110 J
b11011110100011100010100010111101 H
b100001100111001100111001000011001 E
b1001111110010100010000010011111 =
b10000000000000000000000000000000 B
b1 ?
b1 @
b101110010110000100100101011100 G
0"
b1101 0
b1101 1
1&
#420000
b1110 /
0-
0&
#425000
1"
b10000000000000000000000000000000 #
b10000000000000000000000000000000 M
0N
1&
#430000
1-
b1111 2
b11111100101101010101101011000001 '
b11100100000001000011000111001000 T
b101001001010100100111111010010010 P
b10110010101001110010011001100101 Q
b10010110101010110101100000101101 O
b1000 R
b1000 )
b1000 5
b10110010101001110010011001100101 +
b10110010101001110010011001100101 7
b10010110101010110101100000101101 *
b10010110101010110101100000101101 6
0&
#435000
13
b1 A
19
b101 C
b1001001010100100111111010010010 D
b11100100000001000011000111001000 <
b11111100101101010101101011000001 L
b100100000011000111111001001000 ;
b10110110101011110111111001101101 8
b10010010101000110000000000100101 4
1N
b1000 J
b10110010101001110010011001100101 H
b101001001010100100111111010010010 E
b11100100000001000011000111001000 =
b11010101011010110000010110100000 B
b100101101010101101011000001 ?
b11111100101101010101101011000001 @
b10010110101010110101100000101101 G
0"
b1110 0
b1110 1
1&
#440000
b1111 /
0-
0&
#445000
1"
b11111100101101010101101011000001 #
b11111100101101010101101011000001 M
0N
1&
#450000
1-
b10000 2
b1011000110000001000000010 '
b110101100011110111101101101011001 T
b10110111011000101110100101101101 P
b101011100111000011100001010 Q
b10110001111011110110001001100011 O
b11 R
b11 )
b11 5
b101011100111000011100001010 +
b101011100111000011100001010 7
b10110001111011110110001001100011 *
b10110001111011110110001001100011 6
0&
#455000
03
1>
0F
b1010 C
b10110111011000101110100101101101 D
b10101100011110111101101101011001 <
b1011000110000001000000010 L
b10110100100111001110010101101001 ;
b10110101111111111110011101101011 8
b1011000110000001000000010 4
1N
b11 J
b101011100111000011100001010 H
b10110111011000101110100101101101 E
b110101100011110111101101101011001 =
b10111101100010011000110000000000 B
b1011000111101111011000 ?
b11111111111011000111101111011000 @
b10110001111011110110001001100011 G
0"
b1111 0
b1111 1
1&
#460000
b10000 /
0-
0&
#465000
1"
b1011000110000001000000010 #
b1011000110000001000000010 M
0N
1&
#470000
1-
b10001 2
b1000000010000000000000 '
b110101111110101110000000101100000 T
b11010000100111110100001110100000 P
b10000011001000010000100100000 Q
b11000000001110110010001010000000 O
b10000011001000010000100100000 +
b10000011001000010000100100000 7
b11000000001110110010001010000000 *
b11000000001110110010001010000000 6
0&
#475000
b0 C
b11010000100111110100001110100000 D
b10101111110101110000000101100000 <
b1000000010000000000000 L
b11010000010111110000001110100000 ;
b11010000011111110010001110100000 8
b1000000010000000000000 4
1N
b10000011001000010000100100000 H
b11010000100111110100001110100000 E
b110101111110101110000000101100000 =
b11000000001110110010001010000000 B
b11000000001110110010001010000000 ?
b11000000001110110010001010000000 @
b11000000001110110010001010000000 G
0"
b10000 0
b10000 1
1&
#480000
b10001 /
0-
0&
#485000
1"
b1000000010000000000000 #
b1000000010000000000000 M
0N
1&
#490000
1-
b10010 2
1(
b0 '
0S
b10000110101010110111100100001101 T
b100100100010001010001001001000111 P
b11001110110011001100110010011101 Q
b1010101011110000100010110101010 O
b10 R
b10 )
b10 5
b11001110110011001100110010011101 +
b11001110110011001100110010011101 7
b1010101011110000100010110101010 *
b1010101011110000100010110101010 6
0&
#495000
b0 A
09
1:
0>
1F
b11101 C
b100100010001010001001001000111 D
b10000110101010110111100100001101 <
b0 L
b10011011101101001000100100110111 ;
b11011111111111001100110110111111 8
b1000100010010000100010010001000 4
1N
b10 J
b11001110110011001100110010011101 H
b100100100010001010001001001000111 E
b10000110101010110111100100001101 =
b1000000000000000000000000000000 B
b10 ?
b10 @
b1010101011110000100010110101010 G
0"
b10001 0
b10001 1
1&
#500000
b10010 /
0-
0&
#505000
1!
1"
b0 #
b0 M
0N
1&
#510000
1-
b10011 2
0(
b11111111111111111111100101100100 '
b101000001100111001000011010000011 T
b101010100101000111111011010101001 P
b10001001100000111011100000010011 Q
b11001011001000000011111010010110 O
b1000 R
b1000 )
b1000 5
b10001001100000111011100000010011 +
b10001001100000111011100000010011 7
b11001011001000000011111010010110 *
b11001011001000000011111010010110 6
0&
#515000
13
0:
1>
b10011 C
b1010100101000111111011010101001 D
b1000001100111001000011010000011 <
b11111111111111111111100101100100 L
b1000010101000111000011010000101 ;
b11001011101000111011111010010111 8
b10001001000000000011100000010010 4
1N
b1000 J
b10001001100000111011100000010011 H
b101010100101000111111011010101001 E
b101000001100111001000011010000011 =
b11110100101100000000000000000000 B
b1100101100100 ?
b11111111111111111111100101100100 @
b11001011001000000011111010010110 G
0"
b10010 0
b10010 1
1&
#520000
b10011 /
0-
0&
#525000
0!
1"
b11111111111111111111100101100100 #
b11111111111111111111100101100100 M
0N
1&
#530000
1-
b10100 2
b1 '
1S
b11011101000101000110000110111010 T
b100110000011001000000111001100000 P
b10101001101001111101011001010011 Q
b10000110101111000011100000001101 O
b10 R
b10 )
b10 5
b10101001101001111101011001010011 +
b10101001101001111101011001010011 7
b10000110101111000011100000001101 *
b10000110101111000011100000001101 6
0&
#535000
b1 A
19
b110000011001000000111001100000 D
b11011101000101000110000110111010 <
0>
b1 L
b101111000110111110111001011110 ;
b10101111101111111111111001011111 8
b10000000101001000001000000000001 4
1N
b10 J
b10101001101001111101011001010011 H
b100110000011001000000111001100000 E
b11011101000101000110000110111010 =
b11000000011010000000000000000000 B
b1000011010111 ?
b11111111111111111111000011010111 @
b10000110101111000011100000001101 G
0"
b10011 0
b10011 1
1&
#540000
b10100 /
0-
0&
#545000
1"
b1 #
b1 M
0N
1&
#550000
1-
b10101 2
b100000010001100000100001000000 '
b1001010111110011011001010010110 T
b100100000010001100000100001000000 P
b11101010101001100010101011010101 Q
b110101100111111101110101101011 O
b0 R
b0 )
b0 5
b11101010101001100010101011010101 +
b11101010101001100010101011010101 7
b110101100111111101110101101011 *
b110101100111111101110101101011 6
0&
#555000
b0 A
09
03
0:
b10101 C
b100000010001100000100001000000 D
b1001010111110011011001010010110 <
0K
1I
b100000010001100000100001000000 L
b11011111001110011111011110111110 ;
b11111111101111111111111111111111 8
b100000100001100000100001000001 4
1N
b0 J
b11101010101001100010101011010101 H
b100100000010001100000100001000000 E
b1001010111110011011001010010110 =
b10101101011000000000000000000000 B
b110101100 ?
b110101100 @
b110101100111111101110101101011 G
0"
b10100 0
b10100 1
1&
#560000
b10101 /
0-
0&
#565000
1%
1"
b100000010001100000100001000000 #
b100000010001100000100001000000 M
0N
1&
#570000
1-
b10110 2
b100000010001011101 '
b10101001110000010000101101010100 T
b101011000011011011000100010110000 P
b11010111010101100011111010101110 Q
b10000001000101110100101000000010 O
b111 R
b111 )
b111 5
b11010111010101100011111010101110 +
b11010111010101100011111010101110 7
b10000001000101110100101000000010 *
b10000001000101110100101000000010 6
0&
#575000
13
b1 A
19
b1110 C
b1011000011011011000100010110000 D
b10101001110000010000101101010100 <
0I
b100000010001011101 L
b1010110010000010111010010101100 ;
b11010111010101110111111010101110 8
b10000001000101100000101000000010 4
1N
b111 J
b11010111010101100011111010101110 H
b101011000011011011000100010110000 E
b10101001110000010000101101010100 =
b11010010100000001000000000000000 B
b100000010001011101 ?
b11111111111111100000010001011101 @
b10000001000101110100101000000010 G
0"
b10101 0
b10101 1
1&
#580000
b10110 /
0-
0&
#585000
0%
1"
b100000010001011101 #
b100000010001011101 M
0N
1&
#590000
1-
b10111 2
b1110111111111 '
b100111001110100111011001001110 T
b11110110110001010101101111101100 P
b11100111110001010111001011001111 Q
b1110111111111110100100011101 O
b1000 R
b1000 )
b1000 5
b11100111110001010111001011001111 +
b11100111110001010111001011001111 7
b1110111111111110100100011101 *
b1110111111111110100100011101 6
0&
#595000
b0 A
09
03
0:
b1111 C
b11110110110001010101101111101100 D
0F
b100111001110100111011001001110 <
b1110111111111 L
b11101001001110101001101111010010 ;
b11101111111111111111101111011111 8
b110110001010110000000001101 4
1N
b1000 J
b11100111110001010111001011001111 H
b11110110110001010101101111101100 E
b100111001110100111011001001110 =
b11110100100011101000000000000000 B
b1110111111111 ?
b1110111111111 @
b1110111111111110100100011101 G
0"
b10110 0
b10110 1
1&
#600000
b10111 /
0-
0&
#605000
1"
b1110111111111 #
b1110111111111 M
0N
1&
#610000
1-
b11000 2
b1000000000100000100000010 '
b100001100011110101110010000011001 T
b10110100011011010111000101101 P
b101000010010110010100001010 Q
b10001100001000100100100100011 O
b11 R
b11 )
b11 5
b101000010010110010100001010 +
b101000010010110010100001010 7
b10001100001000100100100100011 *
b10001100001000100100100100011 6
0&
#615000
1>
b1010 C
b10110100011011010111000101101 D
b1100011110101110010000011001 <
b1000000000100000100000010 L
b10100100011010010110000101001 ;
b10101100011010110110100101011 8
b1000000000100000100000010 4
1N
b11 J
b101000010010110010100001010 H
b10110100011011010111000101101 E
b100001100011110101110010000011001 =
b10001001001001000110000000000 B
b1000110000100010010 ?
b1000110000100010010 @
b10001100001000100100100100011 G
0"
b10111 0
b10111 1
1&
#620000
b11000 /
0-
0&
#625000
1"
b1000000000100000100000010 #
b1000000000100000100000010 M
0N
1&
#630000
1-
b11001 2
b11111111011100110100111011111110 '
b101000111010000011011111010001110 T
b110000011101001000101011100000110 P
b10011110001100010100110000111100 Q
b11100101011100110000101011001010 O
b100 R
b100 )
b100 5
b10011110001100010100110000111100 +
b10011110001100010100110000111100 7
b11100101011100110000101011001010 *
b11100101011100110000101011001010 6
0&
#635000
b0 A
09
03
1F
b11100 C
b10000011101001000101011100000110 D
b1000111010000011011111010001110 <
b11111111011100110100111011111110 L
b1111011010000100100011011110110 ;
b11111111011100110100111011111110 8
b10000100001100010000100000001000 4
1N
b100 J
b10011110001100010100110000111100 H
b110000011101001000101011100000110 E
b101000111010000011011111010001110 =
b10100000000000000000000000000000 B
b1110 ?
b11111111111111111111111111111110 @
b11100101011100110000101011001010 G
0"
b11000 0
b11000 1
1&
#640000
b11001 /
0-
0&
#645000
1"
b11111111011100110100111011111110 #
b11111111011100110100111011111110 M
0N
1&
#650000
1-
b11010 2
b1000001001010000010000110000010 '
b100110100001110100101110001101000 T
b10111110100101110001111101111100 P
b1000101001011100110000110001010 Q
b1111001011010001011110111110010 O
b11 R
b11 )
b11 5
b1000101001011100110000110001010 +
b1000101001011100110000110001010 7
b1111001011010001011110111110010 *
b1111001011010001011110111110010 6
0&
#655000
b0 A
09
13
0F
b1010 C
b10111110100101110001111101111100 D
b110100001110100101110001101000 <
1>
b1000001001010000010000110000010 L
b111100010001101101110001111000 ;
b1111101011011101111110111111010 8
b1000001001010000010000110000010 4
1N
b11 J
b1000101001011100110000110001010 H
b10111110100101110001111101111100 E
b100110100001110100101110001101000 =
b10100010111101111100100000000000 B
b111100101101000101111 ?
b111100101101000101111 @
b1111001011010001011110111110010 G
0"
b11001 0
b11001 1
1&
#660000
b11010 /
0-
0&
#665000
1"
b1000001001010000010000110000010 #
b1000001001010000010000110000010 M
0N
1&
#670000
1-
b11011 2
b1000001000000000000000000000000 '
b110100011110010111111001101001 T
b100001101000011111110100000011001 P
b11101100010010110011010011011000 Q
b100000110001001011001101000001 O
b110 R
b110 )
b110 5
b11101100010010110011010011011000 +
b11101100010010110011010011011000 7
b100000110001001011001101000001 *
b100000110001001011001101000001 6
0&
#675000
03
0:
b0 A
09
1F
b11000 C
b1101000011111110100000011001 D
b110100011110010111111001101001 <
0>
b1000001000000000000000000000000 L
b11001100100011111000011110011001 ;
b11101100110011111011011111011001 8
b100000010000000011000001000000 4
1N
b110 J
b11101100010010110011010011011000 H
b100001101000011111110100000011001 E
b110100011110010111111001101001 =
b1000001000000000000000000000000 B
b100000 ?
b100000 @
b100000110001001011001101000001 G
0"
b11010 0
b11010 1
1&
#680000
b11011 /
0-
0&
#685000
1"
b1000001000000000000000000000000 #
b1000001000000000000000000000000 M
0N
1&
#690000
1-
b11100 2
b100000000000001001000001000 '
b1110111100101101110000011101111 T
b100000000101010110000011000000001 P
b11000100100010100001001010001001 Q
b111100001000001111001101111000 O
b11 R
b11 )
b11 5
b11000100100010100001001010001001 +
b11000100100010100001001010001001 7
b111100001000001111001101111000 *
b111100001000001111001101111000 6
0&
#695000
b1001 C
b101010110000011000000001 D
b1110111100101101110000011101111 <
b100000000000001001000001000 L
b11111000101010101110000111110001 ;
b11111100101010101111001111111001 8
b100000000000001001000001000 4
1N
b11 J
b11000100100010100001001010001001 H
b100000000101010110000011000000001 E
b1110111100101101110000011101111 =
b1000001111001101111000000000000 B
b111100001000001111001 ?
b111100001000001111001 @
b111100001000001111001101111000 G
0"
b11011 0
b11011 1
1&
#700000
b11100 /
0-
0&
#705000
1"
b100000000000001001000001000 #
b100000000000001001000001000 M
0N
1&
#710000
1-
b11101 2
b11010000110001110111001110100001 '
b100011010110000101010100000110101 T
b11010000110001110111001110100001 P
b1011011000000100110010110110110 Q
b1110101110001010000110111101011 O
b0 R
b0 )
b0 5
b1011011000000100110010110110110 +
b1011011000000100110010110110110 7
b1110101110001010000110111101011 *
b1110101110001010000110111101011 6
0&
#715000
1K
13
b0 A
09
1>
0F
b10110 C
b11010000110001110111001110100001 D
b11010110000101010100000110101 <
0I
b11010000110001110111001110100001 L
b101110110001110110100001011101 ;
b1111111110001110110110111111111 8
b1010001000000000000010110100010 4
1N
b0 J
b1011011000000100110010110110110 H
b11010000110001110111001110100001 E
b100011010110000101010100000110101 =
b1111010110000000000000000000000 B
b111010111 ?
b111010111 @
b1110101110001010000110111101011 G
0"
b11100 0
b11100 1
1&
#720000
b11101 /
0-
0&
#725000
1$
1"
b11010000110001110111001110100001 #
b11010000110001110111001110100001 M
0N
1&
#730000
1-
b11110 2
b1100001101101110011000011000 '
b100001100001101101110011000011000 T
b10111010011000010000110101110100 P
b1010111000101010001001110101110 Q
b1100011010010111111100111000110 O
b1 R
b1 )
b1 5
b1010111000101010001001110101110 +
b1010111000101010001001110101110 7
b1100011010010111111100111000110 *
b1100011010010111111100111000110 6
0&
#735000
b1110 C
b10111010011000010000110101110100 D
b1100001101101110011000011000 <
1I
0K
b1100001101101110011000011000 L
b110100010111101110101001101000 ;
b1110111010111111111101111101110 8
b1000011000000010001000110000110 4
1N
b1 J
b1010111000101010001001110101110 H
b10111010011000010000110101110100 E
b100001100001101101110011000011000 =
b11111110011100011000000000000000 B
b11000110100101111 ?
b11000110100101111 @
b1100011010010111111100111000110 G
0"
b11101 0
b11101 1
1&
#740000
b11110 /
0-
0&
#745000
0$
1%
1"
b1100001101101110011000011000 #
b1100001101101110011000011000 M
0N
1&
#750000
1-
b11111 2
b11001001011001010010010110010010 '
b111001001011001010010010110010010 T
b11110011100001001101111111100110 P
b10101000011111101110100101010 Q
b11011110011101010000001010111100 O
b10101000011111101110100101010 +
b10101000011111101110100101010 7
b11011110011101010000001010111100 *
b11011110011101010000001010111100 6
0&
#755000
b1 A
19
0K
03
0:
b1010 C
b11110011100001001101111111100110 D
b11001001011001010010010110010010 <
1I
b11001001011001010010010110010010 L
b11001011011110101101111110010110 ;
b11011111011111111101111110111110 8
b10100000001010000000000101000 4
1N
b10101000011111101110100101010 H
b11110011100001001101111111100110 E
b111001001011001010010010110010010 =
b11010100000010101111000000000000 B
b1101111001110101000000 ?
b11111111111101111001110101000000 @
b11011110011101010000001010111100 G
0"
b11110 0
b11110 1
1&
#760000
b11111 /
0-
0&
#765000
1"
b11001001011001010010010110010010 #
b11001001011001010010010110010010 M
0N
1&
#770000
1-
b100000 2
b10111101110101111011111001111011 '
b11001101001111111101101110011010 T
b100111110011011110101100001111100 P
b10111000100101111011111001110001 Q
b10000101110101111001101000001011 O
b100 R
b100 )
b100 5
b10111000100101111011111001110001 +
b10111000100101111011111001110001 7
b10000101110101111001101000001011 *
b10000101110101111001101000001011 6
0&
#775000
13
b1 A
19
0>
1F
b10001 C
b111110011011110101100001111100 D
b11001101001111111101101110011010 <
0I
b10111101110101111011111001111011 L
b111101010000000010010001111010 ;
b10111101110101111011111001111011 8
b10000000100101111001101000000001 4
1N
b100 J
b10111000100101111011111001110001 H
b100111110011011110101100001111100 E
b11001101001111111101101110011010 =
b110100000101100000000000000000 B
b100001011101011 ?
b11111111111111111100001011101011 @
b10000101110101111001101000001011 G
0"
b11111 0
b11111 1
1&
#780000
b100000 /
0-
0&
#785000
0%
1"
b10111101110101111011111001111011 #
b10111101110101111011111001111011 M
0N
1&
#790000
1-
b100001 2
1(
b0 '
0S
b100011010111111111110110000110110 T
b1101010111001001001011011010100 P
b100111111100100101010101001111 Q
b1000010111100100100000110000101 O
b10 R
b10 )
b10 5
b100111111100100101010101001111 +
b100111111100100101010101001111 7
b1000010111100100100000110000101 *
b1000010111100100100000110000101 6
0&
#795000
b0 A
09
03
1>
b1111 C
b1101010111001001001011011010100 D
0F
b11010111111111110110000110110 <
b0 L
b1100101000000000001010011001010 ;
b1100111111100100101010111001111 8
b10111100100100000100000101 4
1N
b10 J
b100111111100100101010101001111 H
b1101010111001001001011011010100 E
b100011010111111111110110000110110 =
b100000110000101000000000000000 B
b1000010111100100 ?
b1000010111100100 @
b1000010111100100100000110000101 G
0"
b100000 0
b100000 1
1&
#800000
b100001 /
0-
0&
#805000
1!
1"
b0 #
b0 M
0N
1&
#810000
1-
b100010 2
0(
b10000000110010100101001100000001 '
b110000000110001100010110100000001 T
b10111010110100101001001101110101 P
b11101000001100011001100111010 Q
b10011101110011000110000000111011 O
b101 R
b101 )
b101 5
b11101000001100011001100111010 +
b11101000001100011001100111010 7
b10011101110011000110000000111011 *
b10011101110011000110000000111011 6
0&
#815000
b1 A
19
03
0:
b11010 C
b10111010110100101001001101110101 D
b10000000110001100010110100000001 <
b10000000110010100101001100000001 L
b10000000110010100101001100000001 ;
b10011101110011100111001100111011 8
b11101000001000010000000111010 4
1N
b101 J
b11101000001100011001100111010 H
b10111010110100101001001101110101 E
b110000000110001100010110100000001 =
b11101100000000000000000000000000 B
b100111 ?
b11111111111111111111111111100111 @
b10011101110011000110000000111011 G
0"
b100001 0
b100001 1
1&
#820000
b100010 /
0-
0&
#825000
0!
1"
b10000000110010100101001100000001 #
b10000000110010100101001100000001 M
0N
1&
#830000
1-
b100011 2
b10111111001 '
b110110100011110001110011101101001 T
b11001001110011010111110110010011 P
b1010101010100100101100010101 Q
b10111111001000110011001001111110 O
b111 R
b111 )
b111 5
b1010101010100100101100010101 +
b1010101010100100101100010101 7
b10111111001000110011001001111110 *
b10111111001000110011001001111110 6
0&
#835000
b10101 C
b11001001110011010111110110010011 D
b10110100011110001110011101101001 <
b10111111001 L
b10110101100010010111100101101011 ;
b10111111101010110111101101111111 8
b1010001000100000001000010100 4
1N
b111 J
b1010101010100100101100010101 H
b11001001110011010111110110010011 E
b110110100011110001110011101101001 =
b1001111110000000000000000000000 B
b10111111001 ?
b11111111111111111111110111111001 @
b10111111001000110011001001111110 G
0"
b100010 0
b100010 1
1&
#840000
b100011 /
0-
0&
#845000
1"
b10111111001 #
b10111111001 M
0N
1&
#850000
1-
b100100 2
1(
b0 '
b100001100001111010101000000011000 T
b11100101011101011110011111001010 P
b1101100100111000100101111011001 Q
b1111000110110011001101111110001 O
b10 R
b10 )
b10 5
b1101100100111000100101111011001 +
b1101100100111000100101111011001 7
b1111000110110011001101111110001 *
b1111000110110011001101111110001 6
0&
#855000
13
b0 A
09
b11001 C
b11100101011101011110011111001010 D
b1100001111010101000000011000 <
b0 L
b10100010001011101000000101000 ;
b1111100110111011101101111111001 8
b1101000100110000000101111010001 4
1N
b10 J
b1101100100111000100101111011001 H
b11100101011101011110011111001010 E
b100001100001111010101000000011000 =
b11100010000000000000000000000000 B
b111100 ?
b111100 @
b1111000110110011001101111110001 G
0"
b100011 0
b100011 1
1&
#860000
b100100 /
0-
0&
#865000
1!
1"
b0 #
b0 M
0N
1&
#870000
1-
b100101 2
b100001010111011010000110000010110 T
b1010111010110010000001010101110 P
b100110001101011111101101001100 Q
b110001001000110000011101100010 O
b100110001101011111101101001100 +
b100110001101011111101101001100 7
b110001001000110000011101100010 *
b110001001000110000011101100010 6
0&
#875000
03
b0 L
b0 A
09
b1100 C
b1010111010110010000001010101110 D
b1010111011010000110000010110 <
1>
b10111000101101111110000101110 ;
b110111001101111111111101101110 8
b100000001000010000001101000000 4
1N
b100110001101011111101101001100 H
b1010111010110010000001010101110 E
b100001010111011010000110000010110 =
b110000011101100010000000000000 B
b110001001000110000 ?
b110001001000110000 @
b110001001000110000011101100010 G
0"
b100100 0
b100100 1
1&
#880000
b100101 /
0-
0&
#885000
1"
0N
1&
#890000
1-
b100110 2
0(
b10010111010110101111011100101110 '
b100000111111001111011010000010000 T
b10010111010110101111011100101110 P
b1000111101110011010000110001111 Q
b1001111101000010101010110011111 O
b0 R
b0 )
b0 5
b1000111101110011010000110001111 +
b1000111101110011010000110001111 7
b1001111101000010101010110011111 *
b1001111101000010101010110011111 6
0&
#895000
1K
13
b1111 C
b10010111010110101111011100101110 D
b111111001111011010000010000 <
b10010111010110101111011100101110 L
b1000000110001111010000010000 ;
b1001111101110011111010110011111 8
b1000111101000010000000110001111 4
1N
b0 J
b1000111101110011010000110001111 H
b10010111010110101111011100101110 E
b100000111111001111011010000010000 =
b10101010110011111000000000000000 B
b1001111101000010 ?
b1001111101000010 @
b1001111101000010101010110011111 G
0"
b100101 0
b100101 1
1&
#900000
b100110 /
0-
0&
#905000
0!
1$
1"
b10010111010110101111011100101110 #
b10010111010110101111011100101110 M
0N
1&
#910000
1-
b100111 2
b1011000001110110000101010101111 '
b10100000101000000100100101000001 T
b101011000001110110000101010101111 P
b11011011110011010110000010110111 Q
b1111100011011011010100111111000 O
b11011011110011010110000010110111 +
b11011011110011010110000010110111 7
b1111100011011011010100111111000 *
b1111100011011011010100111111000 6
0&
#915000
1:
b0 A
09
03
0>
1I
1F
b10111 C
b1011000001110110000101010101111 D
b10100000101000000100100101000001 <
0K
b1011000001110110000101010101111 L
b10100111101000001100100101001111 ;
b11111111111011011110100111111111 8
b1011000010011010010000010110000 4
1N
b11011011110011010110000010110111 H
b101011000001110110000101010101111 E
b10100000101000000100100101000001 =
b11111100000000000000000000000000 B
b11111000 ?
b11111000 @
b1111100011011011010100111111000 G
0"
b100110 0
b100110 1
1&
#920000
b100111 /
0-
0&
#925000
0$
1%
1"
b1011000001110110000101010101111 #
b1011000001110110000101010101111 M
0N
1&
#930000
1-
b101000 2
b100001010001101100001001000011 '
b100100001010001101100001001000011 T
b101111110010000011110101011111011 P
b10101110011111011001010001011100 Q
b11001111110001000101011010011111 O
b1 R
b1 )
b1 5
b10101110011111011001010001011100 +
b10101110011111011001010001011100 7
b11001111110001000101011010011111 *
b11001111110001000101011010011111 6
0&
#935000
13
0:
1>
b11100 C
b1111110010000011110101011111011 D
b100001010001101100001001000011 <
0K
1I
b100001010001101100001001000011 L
b1100001101110011100001011000011 ;
b11101111111111011101011011011111 8
b10001110010001000001010000011100 4
1N
b1 J
b10101110011111011001010001011100 H
b101111110010000011110101011111011 E
b100100001010001101100001001000011 =
b11110000000000000000000000000000 B
b1100 ?
b11111111111111111111111111111100 @
b11001111110001000101011010011111 G
0"
b100111 0
b100111 1
1&
#940000
b101000 /
0-
0&
#945000
1"
b100001010001101100001001000011 #
b100001010001101100001001000011 M
0N
1&
#950000
1-
b101001 2
b10010111100000001011011000000000 '
b101101000111011011000100011010010 T
b11110010101010011111011111100100 P
b1000100110111100011011110001001 Q
b10101101110010111100000001011011 O
b110 R
b110 )
b110 5
b1000100110111100011011110001001 +
b1000100110111100011011110001001 7
b10101101110010111100000001011011 *
b10101101110010111100000001011011 6
0&
#955000
1:
03
b1 A
19
0F
b1001 C
b11110010101010011111011111100100 D
b1101000111011011000100011010010 <
1>
0I
b10010111100000001011011000000000 L
b11101001000101011111011111010010 ;
b11101101110111111111011111011011 8
b100110010100000000000001001 4
1N
b110 J
b1000100110111100011011110001001 H
b11110010101010011111011111100100 E
b101101000111011011000100011010010 =
b10010111100000001011011000000000 B
b10101101110010111100000 ?
b11111111110101101110010111100000 @
b10101101110010111100000001011011 G
0"
b101000 0
b101000 1
1&
#960000
b101001 /
0-
0&
#965000
0%
1"
b10010111100000001011011000000000 #
b10010111100000001011011000000000 M
0N
1&
#970000
1-
b101010 2
b10100000001000100011001001000000 '
b10111100100010101111001101111001 T
b110001100110100010111000100011001 P
b11101000001000110011111011010000 Q
b10100100101011100011001001001001 O
b11 R
b11 )
b11 5
b11101000001000110011111011010000 +
b11101000001000110011111011010000 7
b10100100101011100011001001001001 *
b10100100101011100011001001001001 6
0&
#975000
0:
0>
1F
b10000 C
b10001100110100010111000100011001 D
b10111100100010101111001101111001 <
b10100000001000100011001001000000 L
b1001100100011010000110010011001 ;
b11101100101011110011111011011001 8
b10100000001000100011001001000000 4
1N
b11 J
b11101000001000110011111011010000 H
b110001100110100010111000100011001 E
b10111100100010101111001101111001 =
b110010010010010000000000000000 B
b1010010010101110 ?
b11111111111111111010010010101110 @
b10100100101011100011001001001001 G
0"
b101001 0
b101001 1
1&
#980000
b101010 /
0-
0&
#985000
1"
b10100000001000100011001001000000 #
b10100000001000100011001001000000 M
0N
1&
#990000
1-
b101011 2
b10010100110001101011110100101000 '
b101000011001101101100010010000110 T
b110010100110001101011110100101000 P
b10101000110001111111110001010001 Q
b11101011111111101100000011010111 O
b0 R
b0 )
b0 5
b10101000110001111111110001010001 +
b10101000110001111111110001010001 7
b11101011111111101100000011010111 *
b11101011111111101100000011010111 6
0&
#995000
b0 A
09
b10001 C
b10010100110001101011110100101000 D
b1000011001101101100010010000110 <
1>
1I
b10010100110001101011110100101000 L
b1000011001110010011110010000110 ;
b11101011111111111111110011010111 8
b10101000110001101100000001010001 4
1N
b0 J
b10101000110001111111110001010001 H
b110010100110001101011110100101000 E
b101000011001101101100010010000110 =
b10000001101011100000000000000000 B
b111010111111111 ?
b11111111111111111111010111111111 @
b11101011111111101100000011010111 G
0"
b101010 0
b101010 1
1&
#1000000
b101011 /
0-
0&
#1005000
1%
1"
b10010100110001101011110100101000 #
b10010100110001101011110100101000 M
0N
1&
#1010000
1-
b101100 2
b10000000010010111100000100 '
b101000101000000111011000010001010 T
b1010001001111101010111010100010 P
b110000111010111111100001100 Q
b1001011001000010010111110010110 O
b11 R
b11 )
b11 5
b110000111010111111100001100 +
b110000111010111111100001100 7
b1001011001000010010111110010110 *
b1001011001000010010111110010110 6
0&
#1015000
b0 A
09
03
b1100 C
b1010001001111101010111010100010 D
0F
b1000101000000111011000010001010 <
1>
0I
b10000000010010111100000100 L
b1001101001111000101000010011010 ;
b1001111001111010111111110011110 8
b10000000010010111100000100 4
1N
b11 J
b110000111010111111100001100 H
b1010001001111101010111010100010 E
b101000101000000111011000010001010 =
b10010111110010110000000000000 B
b1001011001000010010 ?
b1001011001000010010 @
b1001011001000010010111110010110 G
0"
b101011 0
b101011 1
1&
#1020000
b101100 /
0-
0&
#1025000
0%
1"
b10000000010010111100000100 #
b10000000010010111100000100 M
0N
1&
#1030000
1-
b101101 2
b10000101011110110010001100001010 '
b101111100110101001110000011111010 T
b101000101100001001011110010001010 P
b1100100010101111110110111001000 Q
b11100001001011001100111011000010 O
b101 R
b101 )
b101 5
b1100100010101111110110111001000 +
b1100100010101111110110111001000 7
b11100001001011001100111011000010 *
b11100001001011001100111011000010 6
0&
#1035000
b1 A
19
03
1:
1F
b1000 C
b1000101100001001011110010001010 D
b1111100110101001110000011111010 <
b10000101011110110010001100001010 L
b10000101011110110010001100001010 ;
b11100101011111111110111111001010 8
b1100000000001001100110011000000 4
1N
b101 J
b1100100010101111110110111001000 H
b101000101100001001011110010001010 E
b101111100110101001110000011111010 =
b101100110011101100001000000000 B
b111000010010110011001110 ?
b11111111111000010010110011001110 @
b11100001001011001100111011000010 G
0"
b101100 0
b101100 1
1&
#1040000
b101101 /
0-
0&
#1045000
1"
b10000101011110110010001100001010 #
b10000101011110110010001100001010 M
0N
1&
#1050000
1-
b101110 2
b11010100000100100100000110101 '
b110011100100011110110110100111010 T
b11011010011101010100011110110100 P
b11110111100101110110100111101 Q
b10111011100000100101101001110111 O
b11 R
b11 )
b11 5
b11110111100101110110100111101 +
b11110111100101110110100111101 7
b10111011100000100101101001110111 *
b10111011100000100101101001110111 6
0&
#1055000
0:
b1 A
19
0F
b11101 C
b11011010011101010100011110110100 D
b10011100100011110110110100111010 <
b11010100000100100100000110101 L
b10100101011100001011011101001010 ;
b10111111111100101111111101111111 8
b11010100000100100100000110101 4
1N
b11 J
b11110111100101110110100111101 H
b11011010011101010100011110110100 E
b110011100100011110110110100111010 =
b11100000000000000000000000000000 B
b101 ?
b11111111111111111111111111111101 @
b10111011100000100101101001110111 G
0"
b101101 0
b101101 1
1&
#1060000
b101110 /
0-
0&
#1065000
1"
b11010100000100100100000110101 #
b11010100000100100100000110101 M
0N
1&
#1070000
1-
b101111 2
b10110110000010011101101101101100 '
b1001010000001111101101010010100 T
b11001000000100011101101110010000 P
b10111111000001010000000001111110 Q
b1001000011001101101100010010 O
b101 R
b101 )
b101 5
b10111111000001010000000001111110 +
b10111111000001010000000001111110 7
b1001000011001101101100010010 *
b1001000011001101101100010010 6
0&
#1075000
b0 A
09
0:
b11110 C
b11001000000100011101101110010000 D
b1001010000001111101101010010100 <
0>
b10110110000010011101101101101100 L
b10110110000010011101101101101100 ;
b10111111000011011101101101111110 8
b1001000001000000000000010010 4
1N
b101 J
b10111111000001010000000001111110 H
b11001000000100011101101110010000 E
b1001010000001111101101010010100 =
b10000000000000000000000000000000 B
b0 ?
b0 @
b1001000011001101101100010010 G
0"
b101110 0
b101110 1
1&
#1080000
b101111 /
0-
0&
#1085000
1"
b10110110000010011101101101101100 #
b10110110000010011101101101101100 M
0N
1&
#1090000
1-
b110000 2
b111110111111011110011101111101 '
b100011010000010111001101000110100 T
b1010011101111110110100010100110 P
b11100110110011110011100111001 Q
b110110111001011000000101101101 O
b100 R
b100 )
b100 5
b11100110110011110011100111001 +
b11100110110011110011100111001 7
b110110111001011000000101101101 *
b110110111001011000000101101101 6
0&
#1095000
1>
b11011 ?
b11011 @
b11001 C
b1010011101111110110100010100110 D
b11010000010111001101000110100 <
b111110111111011110011101111101 L
b101010001111000110011001010100 ;
b111110111111011110011101111101 8
b10100110000011000000100101001 4
1N
b100 J
b11100110110011110011100111001 H
b1010011101111110110100010100110 E
b100011010000010111001101000110100 =
b11011010000000000000000000000000 B
b110110111001011000000101101101 G
0"
b101111 0
b101111 1
1&
#1100000
b110000 /
0-
0&
#1105000
1"
b111110111111011110011101111101 #
b111110111111011110011101111101 M
0N
1&
#1110000
1-
b110001 2
b1001110000101000011000010011 '
b100101111001101001100001001100 T
b11111001101111101000010111110010 P
b11101001111010111111011011010011 Q
b1111110100101000111100011111 O
b11 R
b11 )
b11 5
b11101001111010111111011011010011 +
b11101001111010111111011011010011 7
b1111110100101000111100011111 *
b1111110100101000111100011111 6
0&
#1115000
0:
b0 A
09
b10011 C
b11111001101111101000010111110010 D
b100101111001101001100001001100 <
0>
b1001110000101000011000010011 L
b11100110001110010111100111001100 ;
b11101111111110111111111111011111 8
b1001110000101000011000010011 4
1N
b11 J
b11101001111010111111011011010011 H
b11111001101111101000010111110010 E
b100101111001101001100001001100 =
b1111000111110000000000000000000 B
b111111010 ?
b111111010 @
b1111110100101000111100011111 G
0"
b110000 0
b110000 1
1&
#1120000
b110001 /
0-
0&
#1125000
1"
b1001110000101000011000010011 #
b1001110000101000011000010011 M
0N
1&
#1130000
1-
b110010 2
b10000110110001001010011100001101 '
b10000110110001001010011100001101 T
b11111110111011011011011111111101 P
b10111100000101001000100001111000 Q
b1000010110110010010111110000101 O
b1 R
b1 )
b1 5
b10111100000101001000100001111000 +
b10111100000101001000100001111000 7
b1000010110110010010111110000101 *
b1000010110110010010111110000101 6
0&
#1135000
1K
1:
b0 A
09
b11000 C
b11111110111011011011011111111101 D
b10000110110001001010011100001101 <
b10000110110001001010011100001101 L
b11111110110011011010011111111101 ;
b11111110110111011010111111111101 8
b100000000100000000000 4
1N
b1 J
b10111100000101001000100001111000 H
b11111110111011011011011111111101 E
b10000110110001001010011100001101 =
b10000101000000000000000000000000 B
b1000010 ?
b1000010 @
b1000010110110010010111110000101 G
0"
b110001 0
b110001 1
1&
#1140000
b110010 /
0-
0&
#1145000
1$
1"
b10000110110001001010011100001101 #
b10000110110001001010011100001101 M
0N
1&
#1150000
1-
b110011 2
b101101110110100101100 '
b100001001010011110000111000010010 T
b1010010011001011010010010100100 P
b100100100010110100101101001001 Q
b101101110110100101100101011011 O
b1000 R
b1000 )
b1000 5
b100100100010110100101101001001 +
b100100100010110100101101001001 7
b101101110110100101100101011011 *
b101101110110100101100101011011 6
0&
#1155000
0:
b0 A
09
1>
b1001 C
b1010010011001011010010010100100 D
b1001010011110000111000010010 <
0K
b101101110110100101100 L
b1001010100010001001000010010 ;
b101101110110110101101101011011 8
b100100100010100100100101001001 4
1N
b1000 J
b100100100010110100101101001001 H
b1010010011001011010010010100100 E
b100001001010011110000111000010010 =
b10110100101100101011011000000000 B
b101101110110100101100 ?
b101101110110100101100 @
b101101110110100101100101011011 G
0"
b110010 0
b110010 1
1&
#1160000
b110011 /
0-
0&
#1165000
0$
1"
b101101110110100101100 #
b101101110110100101100 M
0N
1&
#1170000
1-
b110100 2
b11001010101110001111110000000000 '
b110001010111001011111111100010101 T
b10110100111111110101110101101001 P
b10101000011001010111100101010 Q
b10011111111100101010111000111111 O
b110 R
b110 )
b110 5
b10101000011001010111100101010 +
b10101000011001010111100101010 7
b10011111111100101010111000111111 *
b10011111111100101010111000111111 6
0&
#1175000
b1 A
19
03
0:
b1010 C
b10110100111111110101110101101001 D
b10001010111001011111111100010101 <
b11001010101110001111110000000000 L
b10001010111111100000000100010101 ;
b10011111111111101010111100111111 8
b10101000000001010111000101010 4
1N
b110 J
b10101000011001010111100101010 H
b10110100111111110101110101101001 E
b110001010111001011111111100010101 =
b11001010101110001111110000000000 B
b1001111111110010101011 ?
b11111111111001111111110010101011 @
b10011111111100101010111000111111 G
0"
b110011 0
b110011 1
1&
#1180000
b110100 /
0-
0&
#1185000
1"
b11001010101110001111110000000000 #
b11001010101110001111110000000000 M
0N
1&
#1190000
1-
b110101 2
b11101111001010100101101111011110 '
b1101000110101100010101011010010 T
b11101111010101001001101111011110 P
b11000011001111110011100010000110 Q
b101100000101010110001101011000 O
b101 R
b101 )
b101 5
b11000011001111110011100010000110 +
b11000011001111110011100010000110 7
b101100000101010110001101011000 *
b101100000101010110001101011000 6
0&
#1195000
b0 A
09
0:
0>
b110 C
b11101111010101001001101111011110 D
b1101000110101100010101011010010 <
b11101111001010100101101111011110 L
b11101111001010100101101111011110 ;
b11101111001111110111101111011110 8
b101010010000000000000 4
1N
b101 J
b11000011001111110011100010000110 H
b11101111010101001001101111011110 E
b1101000110101100010101011010010 =
b101010110001101011000000000 B
b101100000101010110001101 ?
b101100000101010110001101 @
b101100000101010110001101011000 G
0"
b110100 0
b110100 1
1&
#1200000
b110101 /
0-
0&
#1205000
1"
b11101111001010100101101111011110 #
b11101111001010100101101111011110 M
0N
1&
#1210000
1-
b110110 2
b11000110000010100000000010001100 '
b11111000111010100001100111110010 T
b110010101010010011111111100101010 P
b11001110001011111111001010011100 Q
b11000111000110100000110010001110 O
b11 R
b11 )
b11 5
b11001110001011111111001010011100 +
b11001110001011111111001010011100 7
b11000111000110100000110010001110 *
b11000111000110100000110010001110 6
0&
#1215000
b1 A
19
b11100 C
b10010101010010011111111100101010 D
1F
b11111000111010100001100111110010 <
0>
b11000110000010100000000010001100 L
b1001001101011111111000010010 ;
b11001111001111111111111010011110 8
b11000110000010100000000010001100 4
1N
b11 J
b11001110001011111111001010011100 H
b110010101010010011111111100101010 E
b11111000111010100001100111110010 =
b11100000000000000000000000000000 B
b1100 ?
b11111111111111111111111111111100 @
b11000111000110100000110010001110 G
0"
b110101 0
b110101 1
1&
#1220000
b110110 /
0-
0&
#1225000
1"
b11000110000010100000000010001100 #
b11000110000010100000000010001100 M
0N
1&
#1230000
1-
b110111 2
b1001101011001100111111010000000 '
b11101001101101111101110111010100 T
b100010000101100110101011000100000 P
b10010011011111011011110000100110 Q
b1111101001101011001100111111010 O
b110 R
b110 )
b110 5
b10010011011111011011110000100110 +
b10010011011111011011110000100110 7
b1111101001101011001100111111010 *
b1111101001101011001100111111010 6
0&
#1235000
b0 A
09
03
1:
b110 C
b10000101100110101011000100000 D
b11101001101101111101110111010100 <
b1001101011001100111111010000000 L
b11101110010010000010010111011100 ;
b11111111011111011011110111111110 8
b10001001101011001100000100010 4
1N
b110 J
b10010011011111011011110000100110 H
b100010000101100110101011000100000 E
b11101001101101111101110111010100 =
b1001101011001100111111010000000 B
b1111101001101011001100111 ?
b1111101001101011001100111 @
b1111101001101011001100111111010 G
0"
b110110 0
b110110 1
1&
#1240000
b110111 /
0-
0&
#1245000
1"
b1001101011001100111111010000000 #
b1001101011001100111111010000000 M
0N
1&
#1250000
1-
b111000 2
1(
b0 '
b1101000000010100110001011010000 T
b100001011001000011100110000010110 P
b11010001100010111011010010100011 Q
b111001100101100001011101110011 O
b10 R
b10 )
b10 5
b11010001100010111011010010100011 +
b11010001100010111011010010100011 7
b111001100101100001011101110011 *
b111001100101100001011101110011 6
0&
#1255000
0:
b0 A
09
b11 C
b1011001000011100110000010110 D
b1101000000010100110001011010000 <
b0 L
b11101000000111011010001111010000 ;
b11111001100111111011011111110011 8
b10001100000100001010000100011 4
1N
b10 J
b11010001100010111011010010100011 H
b100001011001000011100110000010110 E
b1101000000010100110001011010000 =
b11001100101100001011101110011000 B
b111001100101100001011101110 ?
b111001100101100001011101110 @
b111001100101100001011101110011 G
0"
b110111 0
b110111 1
1&
#1260000
b111000 /
0-
0&
#1265000
1!
1"
b0 #
b0 M
0N
1&
#1270000
1-
b111001 2
0(
b11111111111111111111001011110011 '
b10111101110001110001010101111100 T
b101110001011011000011101011100010 P
b11011001110100101001001010110011 Q
b10010111100110011010100000101111 O
b1000 R
b1000 )
b1000 5
b11011001110100101001001010110011 +
b11011001110100101001001010110011 7
b10010111100110011010100000101111 *
b10010111100110011010100000101111 6
0&
#1275000
13
b1 A
19
b10011 C
b1110001011011000011101011100010 D
b10111101110001110001010101111100 <
b11111111111111111111001011110011 L
b1001110010010110011101010011100 ;
b11011111110110111011101010111111 8
b10010001100100001000000000100011 4
1N
b1000 J
b11011001110100101001001010110011 H
b101110001011011000011101011100010 E
b10111101110001110001010101111100 =
b1000001011110000000000000000000 B
b1001011110011 ?
b11111111111111111111001011110011 @
b10010111100110011010100000101111 G
0"
b111000 0
b111000 1
1&
#1280000
b111001 /
0-
0&
#1285000
0!
1"
b11111111111111111111001011110011 #
b11111111111111111111001011110011 M
0N
1&
#1290000
1-
b111010 2
b1010111111011000010101100101 '
b110001101101011110100100100011011 T
b11010010000000010110001110100011 P
b100010001010010000110101000100 Q
b10101111110110000101011001011111 O
b111 R
b111 )
b111 5
b100010001010010000110101000100 +
b100010001010010000110101000100 7
b10101111110110000101011001011111 *
b10101111110110000101011001011111 6
0&
#1295000
03
1>
0F
b100 C
b11010010000000010110001110100011 D
b10001101101011110100100100011011 <
b1010111111011000010101100101 L
b10001101111100010101101100011011 ;
b10101111111110010101111101011111 8
b100010000010000000010001000100 4
1N
b111 J
b100010001010010000110101000100 H
b11010010000000010110001110100011 E
b110001101101011110100100100011011 =
b11111101100001010110010111110000 B
b1010111111011000010101100101 ?
b11111010111111011000010101100101 @
b10101111110110000101011001011111 G
0"
b111001 0
b111001 1
1&
#1300000
b111010 /
0-
0&
#1305000
1"
b1010111111011000010101100101 #
b1010111111011000010101100101 M
0N
1&
#1310000
1-
b111011 2
b11110111111100011111 '
b10010110010111011100011100101100 T
b101100001100101000011010011000010 P
b11100101100110110011011011001011 Q
b1111011111110001111110111110111 O
b11100101100110110011011011001011 +
b11100101100110110011011011001011 7
b1111011111110001111110111110111 *
b1111011111110001111110111110111 6
0&
#1315000
b0 A
09
1:
0>
1F
b1011 C
b1100001100101000011010011000010 D
b10010110010111011100011100101100 <
b11110111111100011111 L
b10011110011000111100101100111100 ;
b11111111111110111111111111111111 8
b1100001100110000011010011000011 4
1N
b11100101100110110011011011001011 H
b101100001100101000011010011000010 E
b10010110010111011100011100101100 =
b11000111111011111011100000000000 B
b11110111111100011111 ?
b11110111111100011111 @
b1111011111110001111110111110111 G
0"
b111010 0
b111010 1
1&
#1320000
b111011 /
0-
0&
#1325000
1"
b11110111111100011111 #
b11110111111100011111 M
0N
1&
#1330000
1-
b111100 2
b111100 '
b111000101111000000011111110001100 T
b100100000001100011111011001000000 P
b101101001010001101101101011010 Q
b11110011000010010001101011100110 O
b101101001010001101101101011010 +
b101101001010001101101101011010 7
b11110011000010010001101011100110 *
b11110011000010010001101011100110 6
0&
#1335000
b1 A
19
0:
b11010 C
b100000001100011111011001000000 D
b11000101111000000011111110001100 <
1>
b111100 L
b11011110001000011100000110111100 ;
b11111111001010011101101111111110 8
b100001000010000001101001000010 4
1N
b101101001010001101101101011010 H
b100100000001100011111011001000000 E
b111000101111000000011111110001100 =
b10011000000000000000000000000000 B
b111100 ?
b11111111111111111111111111111100 @
b11110011000010010001101011100110 G
0"
b111011 0
b111011 1
1&
#1340000
b111100 /
0-
0&
#1345000
1"
b111100 #
b111100 M
0N
1&
#1350000
1-
b111101 2
b10100100000101100000000101001 '
b11110010011001101111000111100 T
b100001011010100101010010000010110 P
b11110110100000101110001011101101 Q
b10100110011111100000100101001 O
b11 R
b11 )
b11 5
b11110110100000101110001011101101 +
b11110110100000101110001011101101 7
b10100110011111100000100101001 *
b10100110011111100000100101001 6
0&
#1355000
b0 A
09
0:
b1101 C
b1011010100101010010000010110 D
b11110010011001101111000111100 <
0>
b10100100000101100000000101001 L
b11100010010011010010001111000100 ;
b11110110110011111110001111101101 8
b10100100000101100000000101001 4
1N
b11 J
b11110110100000101110001011101101 H
b100001011010100101010010000010110 E
b11110010011001101111000111100 =
b11111000001001010010000000000000 B
b1010011001111110 ?
b1010011001111110 @
b10100110011111100000100101001 G
0"
b111100 0
b111100 1
1&
#1360000
b111101 /
0-
0&
#1365000
1"
b10100100000101100000000101001 #
b10100100000101100000000101001 M
0N
1&
#1370000
1-
b111110 2
b1011111110011001101101010111111 '
b100111010101100111011011001110101 T
b110011111111100110010001100111111 P
b10110010100111111011011001100101 Q
b11101101010100110110110011011010 O
b101 R
b101 )
b101 5
b10110010100111111011011001100101 +
b10110010100111111011011001100101 7
b11101101010100110110110011011010 *
b11101101010100110110110011011010 6
0&
#1375000
b0 A
09
1>
b101 C
b10011111111100110010001100111111 D
b111010101100111011011001110101 <
b1011111110011001101101010111111 L
b1011111110011001101101010111111 ;
b11111111110111111111111011111111 8
b10100000000100110010010001000000 4
1N
b101 J
b10110010100111111011011001100101 H
b110011111111100110010001100111111 E
b100111010101100111011011001110101 =
b10101010011011011001101101000000 B
b111011010101001101101100110 ?
b11111111011010101001101101100110 @
b11101101010100110110110011011010 G
0"
b111101 0
b111101 1
1&
#1380000
b111110 /
0-
0&
#1385000
1"
b1011111110011001101101010111111 #
b1011111110011001101101010111111 M
0N
1&
#1390000
1-
b111111 2
b11001010010010010111011110010100 '
b11101010110011000100110111010110 T
b111001010010010010111011110010100 P
b11101111101111101001010011011111 Q
b11011010100010101110001010110101 O
b0 R
b0 )
b0 5
b11101111101111101001010011011111 +
b11101111101111101001010011011111 7
b11011010100010101110001010110101 *
b11011010100010101110001010110101 6
0&
#1395000
b1 A
19
0>
b11111 C
b11001010010010010111011110010100 D
b11101010110011000100110111010110 <
1I
b11001010010010010111011110010100 L
b110101001101000111011001101010 ;
b11111111101111101111011011111111 8
b11001010100010101000000010010101 4
1N
b0 J
b11101111101111101001010011011111 H
b111001010010010010111011110010100 E
b11101010110011000100110111010110 =
b10000000000000000000000000000000 B
b1 ?
b11111111111111111111111111111111 @
b11011010100010101110001010110101 G
0"
b111110 0
b111110 1
1&
#1400000
b111111 /
0-
0&
#1405000
1%
1"
b11001010010010010111011110010100 #
b11001010010010010111011110010100 M
0N
1&
#1410000
1-
b1000000 2
b11010101111110001101000110101 '
b100011010101111110001101000110101 T
b1011111001000110001100010111101 P
b100010001100011111111101000100 Q
b111100111100010001100101111001 O
b1 R
b1 )
b1 5
b100010001100011111111101000100 +
b100010001100011111111101000100 7
b111100111100010001100101111001 *
b111100111100010001100101111001 6
0&
#1415000
b0 A
09
03
1>
0F
b11001111000100011001011110010000 B
b100 C
b1011111001000110001100010111101 D
b11010101111110001101000110101 <
1I
b11010101111110001101000110101 L
b11110110000001110011000111101 ;
b111110111100011111111101111101 8
b100000001100010001100101000000 4
1N
b1 J
b100010001100011111111101000100 H
b1011111001000110001100010111101 E
b100011010101111110001101000110101 =
b11110011110001000110010111 ?
b11110011110001000110010111 @
b111100111100010001100101111001 G
0"
b111111 0
b111111 1
1&
#1420000
b1000000 /
0-
0&
#1425000
1"
b11010101111110001101000110101 #
b11010101111110001101000110101 M
0N
1&
#1430000
1-
b1000001 2
b11010000001100110100000000000000 '
b111010011011010110000000110100110 T
b11111101011111010001011111111010 P
b10101000010010000101100101010 Q
b11101000011101000000110011010000 O
b110 R
b110 )
b110 5
b10101000010010000101100101010 +
b10101000010010000101100101010 7
b11101000011101000000110011010000 *
b11101000011101000000110011010000 6
0&
#1435000
b1 A
19
03
0:
b1010 C
b11111101011111010001011111111010 D
b11010011011010110000000110100110 <
0I
b11010000001100110100000000000000 L
b11111101011111010000011111111010 ;
b11111101011111010000111111111010 8
b100000000000 4
1N
b110 J
b10101000010010000101100101010 H
b11111101011111010001011111111010 E
b111010011011010110000000110100110 =
b11010000001100110100000000000000 B
b1110100001110100000011 ?
b11111111111110100001110100000011 @
b11101000011101000000110011010000 G
0"
b1000000 0
b1000000 1
1&
#1440000
b1000001 /
0-
0&
#1445000
0%
1"
b11010000001100110100000000000000 #
b11010000001100110100000000000000 M
0N
1&
#1450000
1-
b1000010 2
b1010010100110010110001010100101 '
b101001110100001101101111010011101 T
b1011101011001100111110010111001 P
b111011011111100111100001110 Q
b1010101111101101010110110101011 O
b101 R
b101 )
b101 5
b111011011111100111100001110 +
b111011011111100111100001110 7
b1010101111101101010110110101011 *
b1010101111101101010110110101011 6
0&
#1455000
b0 A
09
b1110 C
b1011101011001100111110010111001 D
b1001110100001101101111010011101 <
b1010010100110010110001010100101 L
b1010010100110010110001010100101 ;
b1010111111111111110111110101111 8
b101011001101000110100001010 4
1N
b101 J
b111011011111100111100001110 H
b1011101011001100111110010111001 E
b101001110100001101101111010011101 =
b10101011011010101100000000000000 B
b10101011111011010 ?
b10101011111011010 @
b1010101111101101010110110101011 G
0"
b1000001 0
b1000001 1
1&
#1460000
b1000010 /
0-
0&
#1465000
1"
b1010010100110010110001010100101 #
b1010010100110010110001010100101 M
0N
1&
#1470000
1-
b1000011 2
b10100000111111101111000101000010 '
b10100000111111101111000101000010 T
b100111011101111000110101001110110 P
b11001101010111101011110010011010 Q
b1101110010111011010110111011100 O
b1 R
b1 )
b1 5
b11001101010111101011110010011010 +
b11001101010111101011110010011010 7
b1101110010111011010110111011100 *
b1101110010111011010110111011100 6
0&
#1475000
1K
1:
b0 A
09
0>
1F
b11010 C
b111011101111000110101001110110 D
b10100000111111101111000101000010 <
0I
b10100000111111101111000101000010 L
b10100011000000110001000101000110 ;
b11101111010111111011110111011110 8
b1001100010111001010110010011000 4
1N
b1 J
b11001101010111101011110010011010 H
b100111011101111000110101001110110 E
b10100000111111101111000101000010 =
b1110000000000000000000000000000 B
b11011 ?
b11011 @
b1101110010111011010110111011100 G
0"
b1000010 0
b1000010 1
1&
#1480000
b1000011 /
0-
0&
#1485000
1$
1"
b10100000111111101111000101000010 #
b10100000111111101111000101000010 M
0N
1&
#1490000
1-
b1000100 2
b11111001011100111000000111110 '
b100011100111011100111000000111010 T
b111100000110100000111010111000000 P
b11100001111100010000001011000011 Q
b11111110110111110111001011111101 O
b101 R
b101 )
b101 5
b11100001111100010000001011000011 +
b11100001111100010000001011000011 7
b11111110110111110111001011111101 *
b11111110110111110111001011111101 6
0&
#1495000
0:
b11 C
b11100000110100000111010111000000 D
b11100111011100111000000111010 <
1>
0K
b11111001011100111000000111110 L
b11111001011100111000000111110 ;
b11111111111111110111001011111111 8
b11100000110100010000001011000001 4
1N
b101 J
b11100001111100010000001011000011 H
b111100000110100000111010111000000 E
b100011100111011100111000000111010 =
b11110110111110111001011111101000 B
b11111110110111110111001011111 ?
b11111111110110111110111001011111 @
b11111110110111110111001011111101 G
0"
b1000011 0
b1000011 1
1&
#1500000
b1000100 /
0-
0&
#1505000
0$
1"
b11111001011100111000000111110 #
b11111001011100111000000111110 M
0N
1&
#1510000
1-
b1000101 2
1(
b0 '
b100000011100101010000010000001000 T
b1010010100010001101011010100100 P
b100111011110011110100101001110 Q
b101011000011101110110101010110 O
b10 R
b10 )
b10 5
b100111011110011110100101001110 +
b100111011110011110100101001110 7
b101011000011101110110101010110 *
b101011000011101110110101010110 6
0&
#1515000
03
0F
b1110 C
b1010010100010001101011010100100 D
b11100101010000010000001000 <
1>
b0 L
b1100011101110000010000011000 ;
b101111011111111110110101011110 8
b100011000010001110100101000110 4
1N
b10 J
b100111011110011110100101001110 H
b1010010100010001101011010100100 E
b100000011100101010000010000001000 =
b10111011010101011000000000000000 B
b1010110000111011 ?
b1010110000111011 @
b101011000011101110110101010110 G
0"
b1000100 0
b1000100 1
1&
#1520000
b1000101 /
0-
0&
#1525000
1!
1"
b0 #
b0 M
0N
1&
#1530000
1-
b1000110 2
0(
b10110111111110010111011001101111 '
b100101110101010000100001001011101 T
b100111001000010101010101001110001 P
b10000101001100010011010000001010 Q
b10110011110110010111011001100111 O
b100 R
b100 )
b100 5
b10000101001100010011010000001010 +
b10000101001100010011010000001010 7
b10110011110110010111011001100111 *
b10110011110110010111011001100111 6
0&
#1535000
b0 A
09
13
1F
b1010 C
b111001000010101010101001110001 D
b101110101010000100001001011101 <
b10110111111110010111011001101111 L
b110110111010000100001001101101 ;
b10110111111110010111011001101111 8
b10000001000100010011010000000010 4
1N
b100 J
b10000101001100010011010000001010 H
b100111001000010101010101001110001 E
b100101110101010000100001001011101 =
b1100101110110011001110000000000 B
b1011001111011001011101 ?
b11111111111011001111011001011101 @
b10110011110110010111011001100111 G
0"
b1000101 0
b1000101 1
1&
#1540000
b1000110 /
0-
0&
#1545000
0!
1"
b10110111111110010111011001101111 #
b10110111111110010111011001101111 M
0N
1&
#1550000
1-
b1000111 2
b1011011 '
b10111111011000010010111101111110 T
b11110111011111100100001111101110 P
b10011100000011101000101000111000 Q
b1011011011011111011100110110110 O
b1000 R
b1000 )
b1000 5
b10011100000011101000101000111000 +
b10011100000011101000101000111000 7
b1011011011011111011100110110110 *
b1011011011011111011100110110110 6
0&
#1555000
1:
b0 A
09
03
b11000 C
b11110111011111100100001111101110 D
0F
b10111111011000010010111101111110 <
0>
b1011011 L
b11000111011000010011001110001110 ;
b11011111011011111011101110111110 8
b11000000011101000100000110000 4
1N
b1000 J
b10011100000011101000101000111000 H
b11110111011111100100001111101110 E
b10111111011000010010111101111110 =
b10110110000000000000000000000000 B
b1011011 ?
b1011011 @
b1011011011011111011100110110110 G
0"
b1000110 0
b1000110 1
1&
#1560000
b1000111 /
0-
0&
#1565000
1"
b1011011 #
b1011011 M
0N
1&
#1570000
1-
b1001000 2
b111100 '
b1100000101001011100001011000001 T
b100011000111111010100110000110001 P
b11011100001010111100010010111000 Q
b111100110100011000011101111001 O
b11011100001010111100010010111000 +
b11011100001010111100010010111000 7
b111100110100011000011101111001 *
b111100110100011000011101111001 6
0&
#1575000
0:
b0 A
09
1F
b11000111111010100110000110001 D
b1100000101001011100001011000001 <
b111100 L
b11100000111110100100001111000001 ;
b11111100111110111100011111111001 8
b11100000000011000010000111000 4
1N
b11011100001010111100010010111000 H
b100011000111111010100110000110001 E
b1100000101001011100001011000001 =
b1111001000000000000000000000000 B
b111100 ?
b111100 @
b111100110100011000011101111001 G
0"
b1000111 0
b1000111 1
1&
#1580000
b1001000 /
0-
0&
#1585000
1"
b111100 #
b111100 M
0N
1&
#1590000
1-
b1001001 2
b11111100101000000000000000000000 '
b100000000101011100110001000000001 T
b10010100001110110001110100100111 P
b1001001110001100101110110010011 Q
b1001010011101001011111110010100 O
b110 R
b110 )
b110 5
b1001001110001100101110110010011 +
b1001001110001100101110110010011 7
b1001010011101001011111110010100 *
b1001010011101001011111110010100 6
0&
#1595000
13
1>
0F
b10011 C
b10010100001110110001110100100111 D
b101011100110001000000001 <
b11111100101000000000000000000000 L
b11101100101110001000000111 ;
b1001011111101101111111110010111 8
b1001000010001000001110110010000 4
1N
b110 J
b1001001110001100101110110010011 H
b10010100001110110001110100100111 E
b100000000101011100110001000000001 =
b11111100101000000000000000000000 B
b100101001110 ?
b100101001110 @
b1001010011101001011111110010100 G
0"
b1001000 0
b1001000 1
1&
#1600000
b1001001 /
0-
0&
#1605000
1"
b11111100101000000000000000000000 #
b11111100101000000000000000000000 M
0N
1&
#1610000
1-
b1001010 2
b101110100010001110011001011101 '
b11010101100001110110000110101011 T
b100101110111101101111011001011101 P
b10101100101101111100101001011001 Q
b10000010001111110010110000000100 O
b101 R
b101 )
b101 5
b10101100101101111100101001011001 +
b10101100101101111100101001011001 7
b10000010001111110010110000000100 *
b10000010001111110010110000000100 6
0&
#1615000
b1 A
19
13
0>
1F
b11001 C
b101110111101101111011001011101 D
b11010101100001110110000110101011 <
b101110100010001110011001011101 L
b101110100010001110011001011101 ;
b10101110101111111110111001011101 8
b10000000001101110000100000000000 4
1N
b101 J
b10101100101101111100101001011001 H
b100101110111101101111011001011101 E
b11010101100001110110000110101011 =
b1000000000000000000000000000 B
b1000001 ?
b11111111111111111111111111000001 @
b10000010001111110010110000000100 G
0"
b1001001 0
b1001001 1
1&
#1620000
b1001010 /
0-
0&
#1625000
1"
b101110100010001110011001011101 #
b101110100010001110011001011101 M
0N
1&
#1630000
1-
b1001011 2
b110110111001011011 '
b11000110110011101000101110001110 T
b100010100110010000100100000101000 P
b10100110111111001101111001001101 Q
b1101101110010110110100111011011 O
b111 R
b111 )
b111 5
b10100110111111001101111001001101 +
b10100110111111001101111001001101 7
b1101101110010110110100111011011 *
b1101101110010110110100111011011 6
0&
#1635000
b0 A
09
03
1:
b1101 C
b10100110010000100100000101000 D
b11000110110011101000101110001110 <
b110110111001011011 L
b11001011001101111011011110010110 ;
b11101111111111111111111111011111 8
b100100110010000100100001001001 4
1N
b111 J
b10100110111111001101111001001101 H
b100010100110010000100100000101000 E
b11000110110011101000101110001110 =
b1101101001110110110000000000000 B
b110110111001011011 ?
b110110111001011011 @
b1101101110010110110100111011011 G
0"
b1001010 0
b1001010 1
1&
#1640000
b1001011 /
0-
0&
#1645000
1"
b110110111001011011 #
b110110111001011011 M
0N
1&
#1650000
1-
b1001100 2
b110110010110000101 '
b10110110000011001001000101101100 T
b100100011010101001101111001000110 P
b10110110101001000010011001101101 Q
b1101100101100001011011111011001 O
b10110110101001000010011001101101 +
b10110110101001000010011001101101 7
b1101100101100001011011111011001 *
b1101100101100001011011111011001 6
0&
#1655000
b100011010101001101111001000110 D
b10110110000011001001000101101100 <
b110110010110000101 L
b11011010000101001001000110110100 ;
b11111110101101001011011111111101 8
b100100101000000010011001001001 4
1N
b10110110101001000010011001101101 H
b100100011010101001101111001000110 E
b10110110000011001001000101101100 =
b10110111110110010000000000000 B
b110110010110000101 ?
b110110010110000101 @
b1101100101100001011011111011001 G
0"
b1001011 0
b1001011 1
1&
#1660000
b1001100 /
0-
0&
#1665000
1"
b110110010110000101 #
b110110010110000101 M
0N
1&
#1670000
1-
b1001101 2
b11111111111011101101000101111000 '
b101010110000010101001100010101100 T
b100100000100000010010110001000000 P
b1100101001110110100100111001010 Q
b10111011010001011110001001110110 O
b1000 R
b1000 )
b1000 5
b1100101001110110100100111001010 +
b1100101001110110100100111001010 7
b10111011010001011110001001110110 *
b10111011010001011110001001110110 6
0&
#1675000
b1 A
19
1:
b1010 C
b100000100000010010110001000000 D
b1010110000010101001100010101100 <
1>
b11111111111011101101000101111000 L
b11011110011111101010101110111100 ;
b11111111011111111110101111111110 8
b100001000000010100000001000010 4
1N
b1000 J
b1100101001110110100100111001010 H
b100100000100000010010110001000000 E
b101010110000010101001100010101100 =
b10111100010011101100000000000 B
b1011101101000101111000 ?
b11111111111011101101000101111000 @
b10111011010001011110001001110110 G
0"
b1001100 0
b1001100 1
1&
#1680000
b1001101 /
0-
0&
#1685000
1"
b11111111111011101101000101111000 #
b11111111111011101101000101111000 M
0N
1&
#1690000
1-
b1001110 2
b1001010000100110010000110010100 '
b100010000100000111011110000100001 T
b10100101101010101001111101001011 P
b1001010100100110111000110010101 Q
b1011011000101110010110110110110 O
b11 R
b11 )
b11 5
b1001010100100110111000110010101 +
b1001010100100110111000110010101 7
b1011011000101110010110110110110 *
b1011011000101110010110110110110 6
0&
#1695000
b0 A
09
13
0:
b10101 C
b10100101101010101001111101001011 D
0F
b10000100000111011110000100001 <
1>
b1001010000100110010000110010100 L
b10001100001000101110000100011 ;
b1011011100101110111110110110111 8
b1001010000100110010000110010100 4
1N
b11 J
b1001010100100110111000110010101 H
b10100101101010101001111101001011 E
b100010000100000111011110000100001 =
b10110110110000000000000000000000 B
b1011011000 ?
b1011011000 @
b1011011000101110010110110110110 G
0"
b1001101 0
b1001101 1
1&
#1700000
b1001110 /
0-
0&
#1705000
1"
b1001010000100110010000110010100 #
b1001010000100110010000110010100 M
0N
1&
#1710000
1-
b1001111 2
b1 '
1S
b110100000100100100111111101000010 T
b10100101011110111011010101001010 P
b10011101001001101100000100 Q
b10100011000001110001101001000110 O
b10 R
b10 )
b10 5
b10011101001001101100000100 +
b10011101001001101100000100 7
b10100011000001110001101001000110 *
b10100011000001110001101001000110 6
0&
#1715000
b1 A
19
03
0:
b100 C
b10100101011110111011010101001010 D
b10100000100100100111111101000010 <
b1 L
b10100001011100111000000101000010 ;
b10100011011101111001101101000110 8
b10000001000001101000000100 4
1N
b10 J
b10011101001001101100000100 H
b10100101011110111011010101001010 E
b110100000100100100111111101000010 =
b110000011100011010010001100000 B
b1010001100000111000110100100 ?
b11111010001100000111000110100100 @
b10100011000001110001101001000110 G
0"
b1001110 0
b1001110 1
1&
#1720000
b1001111 /
0-
0&
#1725000
1"
b1 #
b1 M
0N
1&
#1730000
1-
b1010000 2
b1000111001110100101101010001110 '
b101000111001110100101101010001110 T
b10110000011010100110100101100000 P
b110100100110000000011101101001 Q
b1111011110100100110000111110111 O
b1 R
b1 )
b1 5
b110100100110000000011101101001 +
b110100100110000000011101101001 7
b1111011110100100110000111110111 *
b1111011110100100110000111110111 6
0&
#1735000
13
b0 A
09
b1001 C
b10110000011010100110100101100000 D
b1000111001110100101101010001110 <
1I
b1000111001110100101101010001110 L
b1001111010010100110011010011110 ;
b1111111110110100110011111111111 8
b110000100100000000000101100001 4
1N
b1 J
b110100100110000000011101101001 H
b10110000011010100110100101100000 E
b101000111001110100101101010001110 =
b10100100110000111110111000000000 B
b1111011110100100110000 ?
b1111011110100100110000 @
b1111011110100100110000111110111 G
0"
b1001111 0
b1001111 1
1&
#1740000
b1010000 /
0-
0&
#1745000
1%
1"
b1000111001110100101101010001110 #
b1000111001110100101101010001110 M
0N
1&
#1750000
1-
b1010001 2
b10010110011011010010110100101100 '
b110010110011011010010110100101100 T
b100011110011100000100100000111100 P
b1000100000000011000110110001000 Q
b11011010011011101011101010110100 O
b1000100000000011000110110001000 +
b1000100000000011000110110001000 7
b11011010011011101011101010110100 *
b11011010011011101011101010110100 6
0&
#1755000
b1 A
19
0K
03
0:
b1000 C
b11110011100000100100000111100 D
1F
b10010110011011010010110100101100 <
1I
b10010110011011010010110100101100 L
b10011110011011110011011100111100 ;
b11011110011011111011111110111100 8
b1000000000000001000100010000000 4
1N
b1000100000000011000110110001000 H
b100011110011100000100100000111100 E
b110010110011011010010110100101100 =
b1101110101110101011010000000000 B
b110110100110111010111010 ?
b11111111110110100110111010111010 @
b11011010011011101011101010110100 G
0"
b1010000 0
b1010000 1
1&
#1760000
b1010001 /
0-
0&
#1765000
1"
b10010110011011010010110100101100 #
b10010110011011010010110100101100 M
0N
1&
#1770000
1-
b1010010 2
b10011011001001010000000000000000 '
b1111101111011001101010011111011 T
b10101011000011001101110101010101 P
b10010110100100000000010000101101 Q
b10100011111001101100100101000 O
b110 R
b110 )
b110 5
b10010110100100000000010000101101 +
b10010110100100000000010000101101 7
b10100011111001101100100101000 *
b10100011111001101100100101000 6
0&
#1775000
b0 A
09
0:
b1101 C
b10101011000011001101110101010101 D
0F
b1111101111011001101010011111011 <
0>
0I
b10011011001001010000000000000000 L
b10000010111011001101110100000101 ;
b10010110111111001101110100101101 8
b10100000100000000000000101000 4
1N
b110 J
b10010110100100000000010000101101 H
b10101011000011001101110101010101 E
b1111101111011001101010011111011 =
b10011011001001010000000000000000 B
b1010001111100110 ?
b1010001111100110 @
b10100011111001101100100101000 G
0"
b1010001 0
b1010001 1
1&
#1780000
b1010010 /
0-
0&
#1785000
0%
1"
b10011011001001010000000000000000 #
b10011011001001010000000000000000 M
0N
1&
#1790000
1-
b1010011 2
b1001100011010001001010010011001 '
b101001100011010001001010010011001 T
b101111011001000011100110011110101 P
b10010111010111001001110000101110 Q
b11100011110001010011000011000111 O
b1 R
b1 )
b1 5
b10010111010111001001110000101110 +
b10010111010111001001110000101110 7
b11100011110001010011000011000111 *
b11100011110001010011000011000111 6
0&
#1795000
13
1I
b1110 C
b1111011001000011100110011110101 D
1F
b1001100011010001001010010011001 <
1>
b1001100011010001001010010011001 L
b1110100100110011010110011101001 ;
b11110111110111011011110011101111 8
b10000011010001000001000000000110 4
1N
b1 J
b10010111010111001001110000101110 H
b101111011001000011100110011110101 E
b101001100011010001001010010011001 =
b1001100001100011100000000000000 B
b111000111100010100 ?
b11111111111111111000111100010100 @
b11100011110001010011000011000111 G
0"
b1010010 0
b1010010 1
1&
#1800000
b1010011 /
0-
0&
#1805000
1%
1"
b1001100011010001001010010011001 #
b1001100011010001001010010011001 M
0N
1&
#1810000
1-
b1010100 2
b100010000010100010000001000 '
b101110110001101101001111011101100 T
b10010010101110010010100100100100 P
b1110010000010100010100011100 Q
b10000100011101111110010000001000 O
b11 R
b11 )
b11 5
b1110010000010100010100011100 +
b1110010000010100010100011100 7
b10000100011101111110010000001000 *
b10000100011101111110010000001000 6
0&
#1815000
1:
03
b1 A
19
0F
b11100 C
b10010010101110010010100100100100 D
b1110110001101101001111011101100 <
1>
0I
b100010000010100010000001000 L
b10001010001101101010000100010100 ;
b10001110011101111110010100011100 8
b100010000010100010000001000 4
1N
b11 J
b1110010000010100010100011100 H
b10010010101110010010100100100100 E
b101110110001101101001111011101100 =
b10000000000000000000000000000000 B
b1000 ?
b11111111111111111111111111111000 @
b10000100011101111110010000001000 G
0"
b1010011 0
b1010011 1
1&
#1820000
b1010100 /
0-
0&
#1825000
0%
1"
b100010000010100010000001000 #
b100010000010100010000001000 M
0N
1&
#1830000
1-
b1010101 2
b10100100001100000011000101001 '
b111101010000010011001111111010100 T
b100010011010001011010111000100110 P
b10100100111100000011100101001 Q
b11111110101001111010011011111101 O
b10100100111100000011100101001 +
b10100100111100000011100101001 7
b11111110101001111010011011111101 *
b11111110101001111010011011111101 6
0&
#1835000
0:
b1 A
19
b1001 C
b10011010001011010111000100110 D
1F
b11101010000010011001111111010100 <
b10100100001100000011000101001 L
b11101010001110011010000111010100 ;
b11111110101111111010011111111101 8
b10100100001100000011000101001 4
1N
b10100100111100000011100101001 H
b100010011010001011010111000100110 E
b111101010000010011001111111010100 =
b1001111010011011111101000000000 B
b11111110101001111010011 ?
b11111111111111110101001111010011 @
b11111110101001111010011011111101 G
0"
b1010100 0
b1010100 1
1&
#1840000
b1010101 /
0-
0&
#1845000
1"
b10100100001100000011000101001 #
b10100100001100000011000101001 M
0N
1&
#1850000
1-
b1010110 2
b1001011000000100010100010010110 '
b101001011000000100010100010010110 T
b11010001011011001111011110100010 P
b1000011001101010110011110000110 Q
b10001110001101111001000000011100 O
b1 R
b1 )
b1 5
b1000011001101010110011110000110 +
b1000011001101010110011110000110 7
b10001110001101111001000000011100 *
b10001110001101111001000000011100 6
0&
#1855000
1K
1:
b1 A
19
b110 C
b11010001011011001111011110100010 D
0F
b1001011000000100010100010010110 <
1I
b1001011000000100010100010010110 L
b11001101000000101111011110011010 ;
b11001111001101111111011110011110 8
b10001101010000000000000100 4
1N
b1 J
b1000011001101010110011110000110 H
b11010001011011001111011110100010 E
b101001011000000100010100010010110 =
b10001101111001000000011100000000 B
b10001110001101111001000000 ?
b11111110001110001101111001000000 @
b10001110001101111001000000011100 G
0"
b1010101 0
b1010101 1
1&
#1860000
b1010110 /
0-
0&
#1865000
1$
1%
1"
b1001011000000100010100010010110 #
b1001011000000100010100010010110 M
0N
1&
#1870000
1-
b1010111 2
b111 '
b101001110011111000100001010011101 T
b110001011111010111100111100010111 P
b10011110101101111100011000111101 Q
b11101101001101000000100011011010 O
b111 R
b111 )
b111 5
b10011110101101111100011000111101 +
b10011110101101111100011000111101 7
b11101101001101000000100011011010 *
b11101101001101000000100011011010 6
0&
#1875000
0:
b0 A
09
b11101 C
b10001011111010111100111100010111 D
1F
b1001110011111000100001010011101 <
0K
0I
b111 L
b1110011100000111100111011100111 ;
b11111111101101111100111011111111 8
b10001100001101000000000000011000 4
1N
b111 J
b10011110101101111100011000111101 H
b110001011111010111100111100010111 E
b101001110011111000100001010011101 =
b1000000000000000000000000000000 B
b111 ?
b11111111111111111111111111111111 @
b11101101001101000000100011011010 G
0"
b1010110 0
b1010110 1
1&
#1880000
b1010111 /
0-
0&
#1885000
0$
0%
1"
b111 #
b111 M
0N
1&
#1890000
1-
b1011000 2
b10111011010111111110011101110110 '
b1111010111110001110001011110110 T
b11101011101001000110101111010110 P
b10111000010101011100010001110000 Q
b110011010011101010011101100110 O
b100 R
b100 )
b100 5
b10111000010101011100010001110000 +
b10111000010101011100010001110000 7
b110011010011101010011101100110 *
b110011010011101010011101100110 6
0&
#1895000
0:
b0 A
09
03
b10000 C
b11101011101001000110101111010110 D
0F
b1111010111110001110001011110110 <
0>
b10111011010111111110011101110110 L
b10001011000110110110001100010110 ;
b10111011010111111110011101110110 8
b110000010001001000010001100000 4
1N
b100 J
b10111000010101011100010001110000 H
b11101011101001000110101111010110 E
b1111010111110001110001011110110 =
b10100111011001100000000000000000 B
b11001101001110 ?
b11001101001110 @
b110011010011101010011101100110 G
0"
b1010111 0
b1010111 1
1&
#1900000
b1011000 /
0-
0&
#1905000
1"
b10111011010111111110011101110110 #
b10111011010111111110011101110110 M
0N
1&
#1910000
1-
b1011001 2
b11001011100010000000000110010 '
b101011100100000110110101010111001 T
b100010111011001101001111000101101 P
b1011101011100011001100110111010 Q
b10111001111101010000010001110011 O
b11 R
b11 )
b11 5
b1011101011100011001100110111010 +
b1011101011100011001100110111010 7
b10111001111101010000010001110011 *
b10111001111101010000010001110011 6
0&
#1915000
b1 A
19
1:
b11010 C
b10111011001101001111000101101 D
1F
b1011100100000110110101010111001 <
1>
b11001011100010000000000110010 L
b11100100100001001001110111001001 ;
b11111101111101011001110111111011 8
b11001011100010000000000110010 4
1N
b11 J
b1011101011100011001100110111010 H
b100010111011001101001111000101101 E
b101011100100000110110101010111001 =
b11001100000000000000000000000000 B
b101110 ?
b11111111111111111111111111101110 @
b10111001111101010000010001110011 G
0"
b1011000 0
b1011000 1
1&
#1920000
b1011001 /
0-
0&
#1925000
1"
b11001011100010000000000110010 #
b11001011100010000000000110010 M
0N
1&
#1930000
1-
b1011010 2
b1011 '
b10110001111100110011100101100100 T
b10101100100000100010110101011000 P
b1111101010001110111100111111010 Q
b101111001110101011001101011110 O
b1000 R
b1000 )
b1000 5
b1111101010001110111100111111010 +
b1111101010001110111100111111010 7
b101111001110101011001101011110 *
b101111001110101011001101011110 6
0&
#1935000
13
0:
b10101100100000100010110101011000 D
0F
b10110001111100110011100101100100 <
0>
b1011 L
b1010010011111011100101010100100 ;
b1111111011111111111101111111110 8
b101101000000100011000101011010 4
1N
b1000 J
b1111101010001110111100111111010 H
b10101100100000100010110101011000 E
b10110001111100110011100101100100 =
b1111000000000000000000000000000 B
b1011 ?
b1011 @
b101111001110101011001101011110 G
0"
b1011001 0
b1011001 1
1&
#1940000
b1011010 /
0-
0&
#1945000
1"
b1011 #
b1011 M
0N
1&
#1950000
1-
b1011011 2
1(
b0 '
0S
b11011101011010010000111110111011 T
b11110111101100101111101111101111 P
b10001101001001001111011000011010 Q
b1101010100011100000010111010101 O
b10 R
b10 )
b10 5
b10001101001001001111011000011010 +
b10001101001001001111011000011010 7
b1101010100011100000010111010101 *
b1101010100011100000010111010101 6
0&
#1955000
03
b0 A
09
1:
b11110111101100101111101111101111 D
b11011101011010010000111110111011 <
b0 L
b11100111101010101111001111001111 ;
b11101111101011101111011111011111 8
b1000000001000000010000010000 4
1N
b10 J
b10001101001001001111011000011010 H
b11110111101100101111101111101111 E
b11011101011010010000111110111011 =
b1010100000000000000000000000000 B
b11010 ?
b11010 @
b1101010100011100000010111010101 G
0"
b1011010 0
b1011010 1
1&
#1960000
b1011011 /
0-
0&
#1965000
1!
1"
b0 #
b0 M
0N
1&
#1970000
1-
b1011100 2
0(
b11000111011101110110000110001110 '
b111000001011010001001111110000010 T
b11111000011101110110000111110000 P
b11011100001110110000100110111 Q
b11011100111100000000000010111001 O
b101 R
b101 )
b101 5
b11011100001110110000100110111 +
b11011100001110110000100110111 7
b11011100111100000000000010111001 *
b11011100111100000000000010111001 6
0&
#1975000
b1 A
19
0:
b10111 C
b11111000011101110110000111110000 D
b11000001011010001001111110000010 <
1>
b11000111011101110110000110001110 L
b11000111011101110110000110001110 ;
b11011111111101110110000110111111 8
b11000100000000000000000110001 4
1N
b101 J
b11011100001110110000100110111 H
b11111000011101110110000111110000 E
b111000001011010001001111110000010 =
b1011100100000000000000000000000 B
b110111001 ?
b11111111111111111111111110111001 @
b11011100111100000000000010111001 G
0"
b1011011 0
b1011011 1
1&
#1980000
b1011100 /
0-
0&
#1985000
0!
1"
b11000111011101110110000110001110 #
b11000111011101110110000110001110 M
0N
1&
#1990000
1-
b1011101 2
b1101011001111110011011111010110 '
b11101010111011100001010111010110 T
b10101011011000000101100101010110 P
b1100000001110010010000111000000 Q
b1001011001001110011011110010110 O
b100 R
b100 )
b100 5
b1100000001110010010000111000000 +
b1100000001110010010000111000000 7
b1001011001001110011011110010110 *
b1001011001001110011011110010110 6
0&
#1995000
13
b1 A
19
0>
b0 C
b10101011011000000101100101010110 D
b11101010111011100001010111010110 <
b1101011001111110011011111010110 L
b101011000111100001011001010110 ;
b1101011001111110011011111010110 8
b1000000001000010010000110000000 4
1N
b100 J
b1100000001110010010000111000000 H
b10101011011000000101100101010110 E
b11101010111011100001010111010110 =
b1001011001001110011011110010110 B
b1001011001001110011011110010110 ?
b1001011001001110011011110010110 @
b1001011001001110011011110010110 G
0"
b1011100 0
b1011100 1
1&
#2000000
b1011101 /
0-
0&
#2005000
1"
b1101011001111110011011111010110 #
b1101011001111110011011111010110 M
0N
1&
#2010000
1-
b1011110 2
1(
b0 '
b110111110111111000010001110000 T
b11101110011010111011100111011100 P
b11011011010001100001101010110110 Q
b10011001001011001111100100110 O
b10 R
b10 )
b10 5
b11011011010001100001101010110110 +
b11011011010001100001101010110110 7
b10011001001011001111100100110 *
b10011001001011001111100100110 6
0&
#2015000
b0 A
09
03
0:
b10110 C
b11101110011010111011100111011100 D
b110111110111111000010001110000 <
b0 L
b11001000011000111000010110010000 ;
b11011011011001111001111110110110 8
b10011000001000001101000100110 4
1N
b10 J
b11011011010001100001101010110110 H
b11101110011010111011100111011100 E
b110111110111111000010001110000 =
b11001001100000000000000000000000 B
b1001100 ?
b1001100 @
b10011001001011001111100100110 G
0"
b1011101 0
b1011101 1
1&
#2020000
b1011110 /
0-
0&
#2025000
1!
1"
b0 #
b0 M
0N
1&
#2030000
1-
b1011111 2
0(
b11010000000000000000000000000000 '
b11010000001110100111001110100001 T
b10101100111110001001001101011001 P
b1101110010111110000111111011100 Q
b111110100110011000001101111101 O
b110 R
b110 )
b110 5
b1101110010111110000111111011100 +
b1101110010111110000111111011100 7
b111110100110011000001101111101 *
b111110100110011000001101111101 6
0&
#2035000
13
b1 A
19
b11100 C
b10101100111110001001001101011001 D
b11010000001110100111001110100001 <
b11010000000000000000000000000000 L
b1010000110001101000110010100001 ;
b1111110110111111000111111111101 8
b101110000110010000001101011100 4
1N
b110 J
b1101110010111110000111111011100 H
b10101100111110001001001101011001 E
b11010000001110100111001110100001 =
b11010000000000000000000000000000 B
b11 ?
b11 @
b111110100110011000001101111101 G
0"
b1011110 0
b1011110 1
1&
#2040000
b1011111 /
0-
0&
#2045000
0!
1"
b11010000000000000000000000000000 #
b11010000000000000000000000000000 M
0N
1&
#2050000
1-
b1100000 2
b1111111011000101010100011111110 '
b100000111010111010101100000001110 T
b1111111011001010101011011111110 P
b111100000000111111111101111000 Q
b1000011011000010101011110000110 O
b101 R
b101 )
b101 5
b111100000000111111111101111000 +
b111100000000111111111101111000 7
b1000011011000010101011110000110 *
b1000011011000010101011110000110 6
0&
#2055000
b0 A
09
03
1>
b11000 C
b1111111011001010101011011111110 D
b111010111010101100000001110 <
b1111111011000101010100011111110 L
b1111111011000101010100011111110 ;
b1111111011000111111111111111110 8
b10101011100000000 4
1N
b101 J
b111100000000111111111101111000 H
b1111111011001010101011011111110 E
b100000111010111010101100000001110 =
b10000110000000000000000000000000 B
b1000011 ?
b1000011 @
b1000011011000010101011110000110 G
0"
b1011111 0
b1011111 1
1&
#2060000
b1100000 /
0-
0&
#2065000
1"
b1111111011000101010100011111110 #
b1111111011000101010100011111110 M
0N
1&
#2070000
1-
b1100001 2
b11010010110101110001101110100101 '
b1010001110011010001101010100011 T
b100101100111010000001110001011001 P
b11101101100011011000000011011011 Q
b111111010110101001101101111110 O
b11101101100011011000000011011011 +
b11101101100011011000000011011011 7
b111111010110101001101101111110 *
b111111010110101001101101111110 6
0&
#2075000
0>
1F
b11011 C
b101100111010000001110001011001 D
b1010001110011010001101010100011 <
b11010010110101110001101110100101 L
b11010010110101110001101110100101 ;
b11111111110111111001101111111111 8
b101101000010001000000001011010 4
1N
b11101101100011011000000011011011 H
b100101100111010000001110001011001 E
b1010001110011010001101010100011 =
b11110000000000000000000000000000 B
b111 ?
b111 @
b111111010110101001101101111110 G
0"
b1100000 0
b1100000 1
1&
#2080000
b1100001 /
0-
0&
#2085000
1"
b11010010110101110001101110100101 #
b11010010110101110001101110100101 M
0N
1&
#2090000
1-
b1100010 2
b100100110000010010001001001001 '
b110101010110101101000101101010110 T
b100100100101100001110001001001000 P
b111100111011010010101101111001 Q
b11100111110000111011011011001111 O
b11 R
b11 )
b11 5
b111100111011010010101101111001 +
b111100111011010010101101111001 7
b11100111110000111011011011001111 *
b11100111110000111011011011001111 6
0&
#2095000
b1 A
19
0:
1>
b11001 C
b100100101100001110001001001000 D
b10101010110101101000101101010110 <
b100100110000010010001001001001 L
b11011011001011101001110110110110 ;
b11111111111011111011111111111111 8
b100100110000010010001001001001 4
1N
b11 J
b111100111011010010101101111001 H
b100100100101100001110001001001000 E
b110101010110101101000101101010110 =
b10011110000000000000000000000000 B
b1110011 ?
b11111111111111111111111111110011 @
b11100111110000111011011011001111 G
0"
b1100001 0
b1100001 1
1&
#2100000
b1100010 /
0-
0&
#2105000
1"
b100100110000010010001001001001 #
b100100110000010010001001001001 M
0N
1&
#2110000
1-
b1100011 2
b11111010010100011100100111110100 '
b101001100011010111111011010011001 T
b110101101111001011101001101011011 P
b10110000101111001110111001100001 Q
b11111101001010001110010011111010 O
b110 R
b110 )
b110 5
b10110000101111001110111001100001 +
b10110000101111001110111001100001 7
b11111101001010001110010011111010 *
b11111101001010001110010011111010 6
0&
#2115000
b0 A
09
b1 C
b10101101111001011101001101011011 D
b1001100011010111111011010011001 <
b11111010010100011100100111110100 L
b1001101100101000000101010011011 ;
b11111101101111001110111011111011 8
b10110000001010001110010001100000 4
1N
b110 J
b10110000101111001110111001100001 H
b110101101111001011101001101011011 E
b101001100011010111111011010011001 =
b11111010010100011100100111110100 B
b1111110100101000111001001111101 ?
b11111110100101000111001001111101 @
b11111101001010001110010011111010 G
0"
b1100010 0
b1100010 1
1&
#2120000
b1100011 /
0-
0&
#2125000
1"
b11111010010100011100100111110100 #
b11111010010100011100100111110100 M
0N
1&
#2130000
1-
b1100100 2
1(
b0 '
b111010100111101001000001110110 T
b11011100100010011000000110111000 P
b11010000111101010111100010100001 Q
b1011100101000000100100010111 O
b10 R
b10 )
b10 5
b11010000111101010111100010100001 +
b11010000111101010111100010100001 7
b1011100101000000100100010111 *
b1011100101000000100100010111 6
0&
#2135000
03
b11011100100010011000000110111000 D
0F
b111010100111101001000001110110 <
0>
b0 L
b11011011011000010111000110110110 ;
b11011011111101010111100110110111 8
b100101000000100000000001 4
1N
b10 J
b11010000111101010111100010100001 H
b11011100100010011000000110111000 E
b111010100111101001000001110110 =
b10111001010000001001000101110 B
b101110010100000010010001011 ?
b101110010100000010010001011 @
b1011100101000000100100010111 G
0"
b1100011 0
b1100011 1
1&
#2140000
b1100100 /
0-
0&
#2145000
1!
1"
b0 #
b0 M
0N
1&
#2150000
1-
b1100101 2
0(
b10010001100001100000000000000000 '
b10011011000100111111101100110110 T
b11101011110110110010011111010110 P
b10101000011000111001011001010000 Q
b1000011011101111001000110000110 O
b110 R
b110 )
b110 5
b10101000011000111001011001010000 +
b10101000011000111001011001010000 7
b1000011011101111001000110000110 *
b1000011011101111001000110000110 6
0&
#2155000
1:
b0 A
09
b10000 C
b11101011110110110010011111010110 D
b10011011000100111111101100110110 <
b10010001100001100000000000000000 L
b11101011000101000000011111010110 ;
b11101011011101111001011111010110 8
b11000111001000000000000 4
1N
b110 J
b10101000011000111001011001010000 H
b11101011110110110010011111010110 E
b10011011000100111111101100110110 =
b10010001100001100000000000000000 B
b100001101110111 ?
b100001101110111 @
b1000011011101111001000110000110 G
0"
b1100100 0
b1100100 1
1&
#2160000
b1100101 /
0-
0&
#2165000
0!
1"
b10010001100001100000000000000000 #
b10010001100001100000000000000000 M
0N
1&
#2170000
1-
b1100110 2
b11100000001110001101000111000000 '
b11011111110101111101000111000000 T
b100010101010000001110001000101010 P
b10011010101101001000100000110101 Q
b1111010100011000101100111110101 O
b101 R
b101 )
b101 5
b10011010101101001000100000110101 +
b10011010101101001000100000110101 7
b1111010100011000101100111110101 *
b1111010100011000101100111110101 6
0&
#2175000
b10101 C
b10101010000001110001000101010 D
1F
b11011111110101111101000111000000 <
b11100000001110001101000111000000 L
b11100000001110001101000111000000 ;
b11111010101111001101100111110101 8
b11010100001000000100000110101 4
1N
b101 J
b10011010101101001000100000110101 H
b100010101010000001110001000101010 E
b11011111110101111101000111000000 =
b111110101000000000000000000000 B
b1111010100 ?
b1111010100 @
b1111010100011000101100111110101 G
0"
b1100101 0
b1100101 1
1&
#2180000
b1100110 /
0-
0&
#2185000
1"
b11100000001110001101000111000000 #
b11100000001110001101000111000000 M
0N
1&
#2190000
1-
b1100111 2
b110011111010010001010001101000 '
b100110011111010010001010001101000 T
b11110101010010111111111111101010 P
b1100000101100010111010111000001 Q
b10010100100110101000101000101001 O
b1 R
b1 )
b1 5
b1100000101100010111010111000001 +
b1100000101100010111010111000001 7
b10010100100110101000101000101001 *
b10010100100110101000101000101001 6
0&
#2195000
b1 A
19
1I
1:
1>
0F
b1 C
b11110101010010111111111111101010 D
b110011111010010001010001101000 <
1K
b110011111010010001010001101000 L
b11110100001010111111111111101000 ;
b11110100101110111111111111101001 8
b100100000000000000000001 4
1N
b1 J
b1100000101100010111010111000001 H
b11110101010010111111111111101010 E
b100110011111010010001010001101000 =
b101001001101010001010001010010 B
b1001010010011010100010100010100 ?
b11001010010011010100010100010100 @
b10010100100110101000101000101001 G
0"
b1100110 0
b1100110 1
1&
#2200000
b1100111 /
0-
0&
#2205000
1$
1%
1"
b110011111010010001010001101000 #
b110011111010010001010001101000 M
0N
1&
#2210000
1-
b1101000 2
b101110111001001100000001011101 '
b100010110111000111100000000101101 T
b110101110111001110010100101011101 P
b11001100000000011011010010011000 Q
b11100010111001010111010011000101 O
b101 R
b101 )
b101 5
b11001100000000011011010010011000 +
b11001100000000011011010010011000 7
b11100010111001010111010011000101 *
b11100010111001010111010011000101 6
0&
#2215000
0:
b0 A
09
b11000 C
b10101110111001110010100101011101 D
1F
b10110111000111100000000101101 <
0K
0I
b101110111001001100000001011101 L
b101110111001001100000001011101 ;
b11101110111001011111010011011101 8
b11000000000000010011010010000000 4
1N
b101 J
b11001100000000011011010010011000 H
b110101110111001110010100101011101 E
b100010110111000111100000000101101 =
b11000101000000000000000000000000 B
b11100010 ?
b11111111111111111111111111100010 @
b11100010111001010111010011000101 G
0"
b1100111 0
b1100111 1
1&
#2220000
b1101000 /
0-
0&
#2225000
0$
0%
1"
b101110111001001100000001011101 #
b101110111001001100000001011101 M
0N
1&
#2230000
1-
b1101001 2
b11011010010110000000000000000000 '
b1101100001001100011100011011000 T
b11011111001111101011110110111110 P
b10111001100011000100001001110011 Q
b100101101100100111101101001011 O
b110 R
b110 )
b110 5
b10111001100011000100001001110011 +
b10111001100011000100001001110011 7
b100101101100100111101101001011 *
b100101101100100111101101001011 6
0&
#2235000
03
b10011 C
b11011111001111101011110110111110 D
0F
b1101100001001100011100011011000 <
0>
b11011010010110000000000000000000 L
b10011100001111100011100100111000 ;
b10111101101111100111101101111011 8
b100001100000000100001001000011 4
1N
b110 J
b10111001100011000100001001110011 H
b11011111001111101011110110111110 E
b1101100001001100011100011011000 =
b11011010010110000000000000000000 B
b10010110110 ?
b10010110110 @
b100101101100100111101101001011 G
0"
b1101000 0
b1101000 1
1&
#2240000
b1101001 /
0-
0&
#2245000
1"
b11011010010110000000000000000000 #
b11011010010110000000000000000000 M
0N
1&
#2250000
1-
b1101010 2
1(
b0 '
b100110000110100101101000001100010 T
b110111011011100101111110101110110 P
b11000101010100000001011010001010 Q
b11110110001000101110011011101100 O
b10 R
b10 )
b10 5
b11000101010100000001011010001010 +
b11000101010100000001011010001010 7
b11110110001000101110011011101100 *
b11110110001000101110011011101100 6
0&
#2255000
b1010 C
b10111011011100101111110101110110 D
1F
b110000110100101101000001100010 <
1>
b0 L
b110011011100101111000001100110 ;
b11110111011100101111011011101110 8
b11000100000000000000011010001000 4
1N
b10 J
b11000101010100000001011010001010 H
b110111011011100101111110101110110 E
b100110000110100101101000001100010 =
b10001011100110111011000000000000 B
b1111011000100010111001 ?
b11111111111111011000100010111001 @
b11110110001000101110011011101100 G
0"
b1101001 0
b1101001 1
1&
#2260000
b1101010 /
0-
0&
#2265000
1!
1"
b0 #
b0 M
0N
1&
#2270000
1-
b1101011 2
b1010011000011010101000010100110 T
b11111011101001000101000111110110 P
b11010100010010111000000010101000 Q
b100111010110001101000101001110 O
b11010100010010111000000010101000 +
b11010100010010111000000010101000 7
b100111010110001101000101001110 *
b100111010110001101000101001110 6
0&
#2275000
03
b1000 C
b11111011101001000101000111110110 D
0F
b1010011000011010101000010100110 <
0>
b11110011000100110101000111100110 ;
b11110111010110111101000111101110 8
b100010010001000000000001000 4
1N
b11010100010010111000000010101000 H
b11111011101001000101000111110110 E
b1010011000011010101000010100110 =
b1011000110100010100111000000000 B
b1001110101100011010001 ?
b1001110101100011010001 @
b100111010110001101000101001110 G
0"
b1101010 0
b1101010 1
1&
#2280000
b1101011 /
0-
0&
#2285000
1"
0N
1&
#2290000
1-
b1101100 2
b10000011110101000111000100001000 T
b100100101011010011000101001001010 P
b11010000110010101000110010100001 Q
b1010100100111101111110110101001 O
b11010000110010101000110010100001 +
b11010000110010101000110010100001 7
b1010100100111101111110110101001 *
b1010100100111101111110110101001 6
0&
#2295000
1:
b0 L
b0 A
09
b1 C
b100101011010011000101001001010 D
1F
b10000011110101000111000100001000 <
b10000100010101000111000100001000 ;
b11010100110111101111110110101001 8
b1010000100010101000110010100001 4
1N
b11010000110010101000110010100001 H
b100100101011010011000101001001010 E
b10000011110101000111000100001000 =
b10101001001111011111101101010010 B
b101010010011110111111011010100 ?
b101010010011110111111011010100 @
b1010100100111101111110110101001 G
0"
b1101011 0
b1101011 1
1&
#2300000
b1101100 /
0-
0&
#2305000
1"
0N
1&
#2310000
1-
b1101101 2
0(
b111000010111011100100 '
b10011110101110101001000101000 T
b11111010010000000001111111110100 P
b11110011001101000110011011100110 Q
b111000010111011100100001110 O
b1000 R
b1000 )
b1000 5
b11110011001101000110011011100110 +
b11110011001101000110011011100110 7
b111000010111011100100001110 *
b111000010111011100100001110 6
0&
#2315000
0:
b0 A
09
b110 C
b11111010010000000001111111110100 D
0F
b10011110101110101001000101000 <
b111000010111011100100 L
b11110100001111111101111111101000 ;
b11110111001111111111111111101110 8
b11000000000010000000000110 4
1N
b1000 J
b11110011001101000110011011100110 H
b11111010010000000001111111110100 E
b10011110101110101001000101000 =
b11000010111011100100001110000000 B
b111000010111011100100 ?
b111000010111011100100 @
b111000010111011100100001110 G
0"
b1101100 0
b1101100 1
1&
#2320000
b1101101 /
0-
0&
#2325000
0!
1"
b111000010111011100100 #
b111000010111011100100 M
0N
1&
#2330000
1-
b1101110 2
b11100101000001100111010111001001 '
b110111010101001110000101101110101 T
b11100101000001100111010111001001 P
b10101001011111011010100101010 Q
b11001111110101101100000010011111 O
b0 R
b0 )
b0 5
b10101001011111011010100101010 +
b10101001011111011010100101010 7
b11001111110101101100000010011111 *
b11001111110101101100000010011111 6
0&
#2335000
b1 A
19
0:
1>
b1010 C
b11100101000001100111010111001001 D
b10111010101001110000101101110101 <
b11100101000001100111010111001001 L
b11011010111110010111010110110101 ;
b11011111111111111111010110111111 8
b101000001101000000000001010 4
1N
b0 J
b10101001011111011010100101010 H
b11100101000001100111010111001001 E
b110111010101001110000101101110101 =
b1011011000000100111110000000000 B
b1100111111010110110000 ?
b11111111111100111111010110110000 @
b11001111110101101100000010011111 G
0"
b1101101 0
b1101101 1
1&
#2340000
b1101110 /
0-
0&
#2345000
1"
b11100101000001100111010111001001 #
b11100101000001100111010111001001 M
0N
1&
#2350000
1-
b1101111 2
b1000011101001010100000000000000 '
b1001110101001000010100010011101 T
b11011100000100000001000110110111 P
b11000110101101011111010010001101 Q
b10101010110100001110100101010 O
b110 R
b110 )
b110 5
b11000110101101011111010010001101 +
b11000110101101011111010010001101 7
b10101010110100001110100101010 *
b10101010110100001110100101010 6
0&
#2355000
b0 A
09
0:
0>
b1101 C
b11011100000100000001000110110111 D
b1001110101001000010100010011101 <
b1000011101001010100000000000000 L
b11010011111011111110100110100111 ;
b11010111111111111111110110101111 8
b100000100000001010000001000 4
1N
b110 J
b11000110101101011111010010001101 H
b11011100000100000001000110110111 E
b1001110101001000010100010011101 =
b1000011101001010100000000000000 B
b1010101011010000 ?
b1010101011010000 @
b10101010110100001110100101010 G
0"
b1101110 0
b1101110 1
1&
#2360000
b1101111 /
0-
0&
#2365000
1"
b1000011101001010100000000000000 #
b1000011101001010100000000000000 M
0N
1&
#2370000
1-
b1110000 2
1(
b0 '
b10110011000010000001100101100110 T
b11101011111000111110010111010110 P
b10011100011011011110011000111000 Q
b1001111011101011111111110011110 O
b10 R
b10 )
b10 5
b10011100011011011110011000111000 +
b10011100011011011110011000111000 7
b1001111011101011111111110011110 *
b1001111011101011111111110011110 6
0&
#2375000
1:
b0 A
09
b11000 C
b11101011111000111110010111010110 D
b10110011000010000001100101100110 <
b0 L
b11010011000110000001100110100110 ;
b11011111011111011111111110111110 8
b1100011001011110011000011000 4
1N
b10 J
b10011100011011011110011000111000 H
b11101011111000111110010111010110 E
b10110011000010000001100101100110 =
b10011110000000000000000000000000 B
b1001111 ?
b1001111 @
b1001111011101011111111110011110 G
0"
b1101111 0
b1101111 1
1&
#2380000
b1110000 /
0-
0&
#2385000
1!
1"
b0 #
b0 M
0N
1&
#2390000
1-
b1110001 2
0(
b100001001101001000110001000001 '
b101011000011010101100010010110001 T
b100100001001101001000110001000001 P
b1100100011001001110001111001000 Q
b10111100110011111010100001111001 O
b0 R
b0 )
b0 5
b1100100011001001110001111001000 +
b1100100011001001110001111001000 7
b10111100110011111010100001111001 *
b10111100110011111010100001111001 6
0&
#2395000
b1 A
19
1:
1I
b1000 C
b100001001101001000110001000001 D
1F
b1011000011010101100010010110001 <
1>
b100001001101001000110001000001 L
b11011000101010110100101110110001 ;
b11111100111011111110101111111001 8
b100100010001001010000001001000 4
1N
b0 J
b1100100011001001110001111001000 H
b100100001001101001000110001000001 E
b101011000011010101100010010110001 =
b11001111101010000111100100000000 B
b101111001100111110101000 ?
b11111111101111001100111110101000 @
b10111100110011111010100001111001 G
0"
b1110000 0
b1110000 1
1&
#2400000
b1110001 /
0-
0&
#2405000
0!
1%
1"
b100001001101001000110001000001 #
b100001001101001000110001000001 M
0N
1&
#2410000
1-
b1110010 2
b1001000110100000100000010 '
b101011011001001000000010010110111 T
b1101111001000101000011011011101 P
b1001111111110100000100010011 Q
b1100101001000110100010111001010 O
b11 R
b11 )
b11 5
b1001111111110100000100010011 +
b1001111111110100000100010011 7
b1100101001000110100010111001010 *
b1100101001000110100010111001010 6
0&
#2415000
b0 A
09
0:
b10011 C
b1101111001000101000011011011101 D
0F
b1011011001001000000010010110111 <
0I
b1001000110100000100000010 L
b1101100110111000000010011011001 ;
b1101101111111110100010111011011 8
b1001000110100000100000010 4
1N
b11 J
b1001111111110100000100010011 H
b1101111001000101000011011011101 E
b101011011001001000000010010110111 =
b101110010100000000000000000000 B
b110010100100 ?
b110010100100 @
b1100101001000110100010111001010 G
0"
b1110001 0
b1110001 1
1&
#2420000
b1110010 /
0-
0&
#2425000
0%
1"
b1001000110100000100000010 #
b1001000110100000100000010 M
0N
1&
#2430000
1-
b1110011 2
b1010001111010010001101010100100 '
b1010001111010010001101010100100 T
b100011001010110000111100000110010 P
b11100011101101111010111011000111 Q
b110101101000001100100101101011 O
b1 R
b1 )
b1 5
b11100011101101111010111011000111 +
b11100011101101111010111011000111 7
b110101101000001100100101101011 *
b110101101000001100100101101011 6
0&
#2435000
0>
1F
b111 C
b11001010110000111100000110010 D
b1010001111010010001101010100100 <
0I
b1010001111010010001101010100100 L
b11010110000101110110011110101100 ;
b11110111101101111110111111101111 8
b100001101000001000100001000011 4
1N
b1 J
b11100011101101111010111011000111 H
b100011001010110000111100000110010 E
b1010001111010010001101010100100 =
b11010000011001001011010110000000 B
b11010110100000110010010 ?
b11010110100000110010010 @
b110101101000001100100101101011 G
0"
b1110010 0
b1110010 1
1&
#2440000
b1110011 /
0-
0&
#2445000
1"
b1010001111010010001101010100100 #
b1010001111010010001101010100100 M
0N
1&
#2450000
1-
b1110100 2
b110000011100100000000001100 '
b11111110000001100011111111111100 T
b10111000000100010111101101110000 P
b1011101000001011001110110111010 Q
b1011011000010111101110110110110 O
b101 R
b101 )
b101 5
b1011101000001011001110110111010 +
b1011101000001011001110110111010 7
b1011011000010111101110110110110 *
b1011011000010111101110110110110 6
0&
#2455000
b1 A
19
13
0F
b11010 C
b10111000000100010111101101110000 D
b11111110000001100011111111111100 <
b110000011100100000000001100 L
b110000011100100000000001100 ;
b1011111000011111101110110111110 8
b1011001000000011001110110110010 4
1N
b101 J
b1011101000001011001110110111010 H
b10111000000100010111101101110000 E
b11111110000001100011111111111100 =
b11011000000000000000000000000000 B
b10110 ?
b10110 @
b1011011000010111101110110110110 G
0"
b1110011 0
b1110011 1
1&
#2460000
b1110100 /
0-
0&
#2465000
1"
b110000011100100000000001100 #
b110000011100100000000001100 M
0N
1&
#2470000
1-
b1110101 2
b110001 '
b100000101100101000001011000001011 T
b10111110100110010100000101111101 P
b1011100100000101001010110111001 Q
b1100010000101101010101111000100 O
b1000 R
b1000 )
b1000 5
b1011100100000101001010110111001 +
b1011100100000101001010110111001 7
b1100010000101101010101111000100 *
b1100010000101101010101111000100 6
0&
#2475000
b0 A
09
b11001 C
b10111110100110010100000101111101 D
b101100101000001011000001011 <
1>
b110001 L
b111110100101000011111001111101 ;
b1111110100101101011111111111101 8
b1000000000000101000000110000000 4
1N
b1000 J
b1011100100000101001010110111001 H
b10111110100110010100000101111101 E
b100000101100101000001011000001011 =
b10001000000000000000000000000000 B
b110001 ?
b110001 @
b1100010000101101010101111000100 G
0"
b1110100 0
b1110100 1
1&
#2480000
b1110101 /
0-
0&
#2485000
1"
b110001 #
b110001 M
0N
1&
#2490000
1-
b1110110 2
b1001000001001101001001010010000 '
b1101111000010010011100011011110 T
b100100011010101100110111001000110 P
b11011010001001101001101010110100 Q
b1001001001011111101001110010010 O
b11 R
b11 )
b11 5
b11011010001001101001101010110100 +
b11011010001001101001101010110100 7
b1001001001011111101001110010010 *
b1001001001011111101001110010010 6
0&
#2495000
03
0:
b0 A
09
1F
b10100 C
b100011010101100110111001000110 D
b1101111000010010011100011011110 <
0>
b1001000001001101001001010010000 L
b10010011000010010100100100100110 ;
b11011011001011111101101110110110 8
b1001000001001101001001010010000 4
1N
b11 J
b11011010001001101001101010110100 H
b100100011010101100110111001000110 E
b1101111000010010011100011011110 =
b111001001000000000000000000000 B
b10010010010 ?
b10010010010 @
b1001001001011111101001110010010 G
0"
b1110101 0
b1110101 1
1&
#2500000
b1110110 /
0-
0&
#2505000
1"
b1001000001001101001001010010000 #
b1001000001001101001001010010000 M
0N
1&
#2510000
1-
b1110111 2
b11111111101110111011101111111111 '
b1111100100001111010101011111001 T
b100000010111011101100110000000101 P
b11000011001100111001000010000110 Q
b111111101110110011101101111111 O
b100 R
b100 )
b100 5
b11000011001100111001000010000110 +
b11000011001100111001000010000110 7
b111111101110110011101101111111 *
b111111101110110011101101111111 6
0&
#2515000
b110 C
b10111011101100110000000101 D
b1111100100001111010101011111001 <
b11111111101110111011101111111111 L
b11111100100010001010101111111001 ;
b11111111101110111011101111111111 8
b11001100110001000000000110 4
1N
b100 J
b11000011001100111001000010000110 H
b100000010111011101100110000000101 E
b1111100100001111010101011111001 =
b11101110110011101101111111000000 B
b111111101110110011101101 ?
b111111101110110011101101 @
b111111101110110011101101111111 G
0"
b1110110 0
b1110110 1
1&
#2520000
b1110111 /
0-
0&
#2525000
1"
b11111111101110111011101111111111 #
b11111111101110111011101111111111 M
0N
1&
#2530000
1-
b1111000 2
b11010111111010000000000000000000 '
b10000100010001100110000100001000 T
b101110110100101011000101011101100 P
b11111001001001111001010011110010 Q
b1111101011011011111010111111010 O
b110 R
b110 )
b110 5
b11111001001001111001010011110010 +
b11111001001001111001010011110010 7
b1111101011011011111010111111010 *
b1111101011011011111010111111010 6
0&
#2535000
1:
b0 A
09
b10010 C
b1110110100101011000101011101100 D
b10000100010001100110000100001000 <
b11010111111010000000000000000000 L
b10000100010010100110000100001000 ;
b11111101011011111111010111111010 8
b1111001001001011001010011110010 4
1N
b110 J
b11111001001001111001010011110010 H
b101110110100101011000101011101100 E
b10000100010001100110000100001000 =
b11010111111010000000000000000000 B
b1111101011011 ?
b1111101011011 @
b1111101011011011111010111111010 G
0"
b1110111 0
b1110111 1
1&
#2540000
b1111000 /
0-
0&
#2545000
1"
b11010111111010000000000000000000 #
b11010111111010000000000000000000 M
0N
1&
#2550000
1-
b1111001 2
b11000111100010110111111110001111 '
b111010011101101100001001110101 T
b11111000000100110111111111101111 P
b11011110110011100101111010111101 Q
b11001010001010010000100110010 O
b101 R
b101 )
b101 5
b11011110110011100101111010111101 +
b11011110110011100101111010111101 7
b11001010001010010000100110010 *
b11001010001010010000100110010 6
0&
#2555000
0:
b0 A
09
0F
b11101 C
b11111000000100110111111111101111 D
b111010011101101100001001110101 <
b11000111100010110111111110001111 L
b11000111100010110111111110001111 ;
b11011111110011110111111110111111 8
b11000010001000000000000110000 4
1N
b101 J
b11011110110011100101111010111101 H
b11111000000100110111111111101111 E
b111010011101101100001001110101 =
b1000000000000000000000000000000 B
b0 ?
b0 @
b11001010001010010000100110010 G
0"
b1111000 0
b1111000 1
1&
#2560000
b1111001 /
0-
0&
#2565000
1"
b11000111100010110111111110001111 #
b11000111100010110111111110001111 M
0N
1&
#2570000
1-
b1111010 2
b11110010010011111110110111100100 '
b1010000000001100010100010100000 T
b100110100100110010111001001101000 P
b11110010010010011010010011100100 Q
b1000010010011111100110110000100 O
b100 R
b100 )
b100 5
b11110010010010011010010011100100 +
b11110010010010011010010011100100 7
b1000010010011111100110110000100 *
b1000010010011111100110110000100 6
0&
#2575000
b100 C
b110100100110010111001001101000 D
1F
b1010000000001100010100010100000 <
b11110010010011111110110111100100 L
b10110000000001100110100101100000 ;
b11110010010011111110110111100100 8
b1000010010010011000010010000100 4
1N
b100 J
b11110010010010011010010011100100 H
b100110100100110010111001001101000 E
b1010000000001100010100010100000 =
b100100111111001101100001000000 B
b100001001001111110011011000 ?
b100001001001111110011011000 @
b1000010010011111100110110000100 G
0"
b1111001 0
b1111001 1
1&
#2580000
b1111010 /
0-
0&
#2585000
1"
b11110010010011111110110111100100 #
b11110010010011111110110111100100 M
0N
1&
#2590000
1-
b1111011 2
b1000100000000000100100110001000 '
b100010000100110110101011000100001 T
b10111001111011000100100101110011 P
b1010100101010000111100110101001 Q
b1100101010000111100111111001010 O
b11 R
b11 )
b11 5
b1010100101010000111100110101001 +
b1010100101010000111100110101001 7
b1100101010000111100111111001010 *
b1100101010000111100111111001010 6
0&
#2595000
13
1>
0F
b1001 C
b10111001111011000100100101110011 D
b10000100110110101011000100001 <
b1000100000000000100100110001000 L
b110001111010111011011001100011 ;
b1110101111010111111111111101011 8
b1000100000000000100100110001000 4
1N
b11 J
b1010100101010000111100110101001 H
b10111001111011000100100101110011 E
b100010000100110110101011000100001 =
b10000111100111111001010000000000 B
b1100101010000111100111 ?
b1100101010000111100111 @
b1100101010000111100111111001010 G
0"
b1111010 0
b1111010 1
1&
#2600000
b1111011 /
0-
0&
#2605000
1"
b1000100000000000100100110001000 #
b1000100000000000100100110001000 M
0N
1&
#2610000
1-
b1111100 2
b10001001001011111111111100010011 '
b110001001001011111111111100010011 T
b100010111111110110101001000101111 P
b1000111011001011010100110001110 Q
b11010000100101011010100010100001 O
b1 R
b1 )
b1 5
b1000111011001011010100110001110 +
b1000111011001011010100110001110 7
b11010000100101011010100010100001 *
b11010000100101011010100010100001 6
0&
#2615000
b1 A
19
0K
03
0:
b1110 C
b10111111110110101001000101111 D
1F
b10001001001011111111111100010011 <
1I
b10001001001011111111111100010011 L
b10010111111100000000000100101111 ;
b11010111111101011010100110101111 8
b1000000000001011010100010000000 4
1N
b1 J
b1000111011001011010100110001110 H
b100010111111110110101001000101111 E
b110001001001011111111111100010011 =
b1101010001010000100000000000000 B
b110100001001010110 ?
b11111111111111110100001001010110 @
b11010000100101011010100010100001 G
0"
b1111011 0
b1111011 1
1&
#2620000
b1111100 /
0-
0&
#2625000
1%
1"
b10001001001011111111111100010011 #
b10001001001011111111111100010011 M
0N
1&
#2630000
1-
b1111101 2
b10000101100000010000101000001011 '
b101110111101001100100110011110000 T
b110000011011100001000100100000110 P
b10000101111001010001111000001011 Q
b11111101100010110110101011111011 O
b11 R
b11 )
b11 5
b10000101111001010001111000001011 +
b10000101111001010001111000001011 7
b11111101100010110110101011111011 *
b11111101100010110110101011111011 6
0&
#2635000
b0 A
09
b1011 C
b10000011011100001000100100000110 D
b1110111101001100100110011110000 <
0I
b10000101100000010000101000001011 L
b1111000011011100111010011110000 ;
b11111101111011110111111011111011 8
b10000101100000010000101000001011 4
1N
b11 J
b10000101111001010001111000001011 H
b110000011011100001000100100000110 E
b101110111101001100100110011110000 =
b1011011010101111101100000000000 B
b111111011000101101101 ?
b11111111111111111011000101101101 @
b11111101100010110110101011111011 G
0"
b1111100 0
b1111100 1
1&
#2640000
b1111101 /
0-
0&
#2645000
0%
1"
b10000101100000010000101000001011 #
b10000101100000010000101000001011 M
0N
1&
#2650000
1-
b1111110 2
b1100100100000000001000011001001 '
b110010010101110100101001100100110 T
b101011100010010101100111010111000 P
b1100100110010000011110111001001 Q
b11110111100000101001000011101111 O
b1100100110010000011110111001001 +
b1100100110010000011110111001001 7
b11110111100000101001000011101111 *
b11110111100000101001000011101111 6
0&
#2655000
b1 A
19
0:
b1001 C
b1011100010010101100111010111000 D
b10010010101110100101001100100110 <
b1100100100000000001000011001001 L
b10010011010010101010110100100110 ;
b11110111110010101011110111101111 8
b1100100100000000001000011001001 4
1N
b1100100110010000011110111001001 H
b101011100010010101100111010111000 E
b110010010101110100101001100100110 =
b101001000011101111000000000 B
b11110111100000101001000 ?
b11111111111110111100000101001000 @
b11110111100000101001000011101111 G
0"
b1111101 0
b1111101 1
1&
#2660000
b1111110 /
0-
0&
#2665000
1"
b1100100100000000001000011001001 #
b1100100100000000001000011001001 M
0N
1&
#2670000
1-
b1111111 2
b10100110110000000000000000000000 '
b1100000101011111001110011000001 T
b11010110000100100010110110101011 P
b10111010101100010100100001110101 Q
b11011011000001110010100110110 O
b110 R
b110 )
b110 5
b10111010101100010100100001110101 +
b10111010101100010100100001110101 7
b11011011000001110010100110110 *
b11011011000001110010100110110 6
0&
#2675000
b0 A
09
0:
b10101 C
b11010110000100100010110110101011 D
0F
b1100000101011111001110011000001 <
0>
b10100110110000000000000000000000 L
b10100001110100011010110101000011 ;
b10111011111100011110110101110111 8
b11010001000000100000000110100 4
1N
b110 J
b10111010101100010100100001110101 H
b11010110000100100010110110101011 E
b1100000101011111001110011000001 =
b10100110110000000000000000000000 B
b11011011 ?
b11011011 @
b11011011000001110010100110110 G
0"
b1111110 0
b1111110 1
1&
#2680000
b1111111 /
0-
0&
#2685000
1"
b10100110110000000000000000000000 #
b10100110110000000000000000000000 M
0N
1&
#2690000
1-
b10000000 2
b11110010001001011110100111100100 '
b110010010000110101001011100100100 T
b11111101101101100001010111111010 P
b110101110011011011111101101011 Q
b11000111111010000101011010001111 O
b101 R
b101 )
b101 5
b110101110011011011111101101011 +
b110101110011011011111101101011 7
b11000111111010000101011010001111 *
b11000111111010000101011010001111 6
0&
#2695000
b1 A
19
0:
b1011 C
b11111101101101100001010111111010 D
b10010010000110101001011100100100 <
1>
b11110010001001011110100111100100 L
b11110010001001011110100111100100 ;
b11110111111011011111111111101111 8
b101110010000001011000001011 4
1N
b101 J
b110101110011011011111101101011 H
b11111101101101100001010111111010 E
b110010010000110101001011100100100 =
b1000010101101000111100000000000 B
b110001111110100001010 ?
b11111111111110001111110100001010 @
b11000111111010000101011010001111 G
0"
b1111111 0
b1111111 1
1&
#2700000
b10000000 /
0-
0&
#2705000
1"
b11110010001001011110100111100100 #
b11110010001001011110100111100100 M
0N
1&
#2710000
1-
b10000001 2
b1000100001001011010010010001000 '
b1101101001001100011001011011010 T
b100011011101001011001110000110110 P
b11010111001111111011010010101110 Q
b1000100011001011110011110001000 O
b11 R
b11 )
b11 5
b11010111001111111011010010101110 +
b11010111001111111011010010101110 7
b1000100011001011110011110001000 *
b1000100011001011110011110001000 6
0&
#2715000
b0 A
09
0:
0>
1F
b1110 C
b11011101001011001110000110110 D
b1101101001001100011001011011010 <
b1000100001001011010010010001000 L
b10010011010110100101001100100110 ;
b11010111011111111111011110101110 8
b1000100001001011010010010001000 4
1N
b11 J
b11010111001111111011010010101110 H
b100011011101001011001110000110110 E
b1101101001001100011001011011010 =
b1111001111000100000000000000000 B
b10001000110010111 ?
b10001000110010111 @
b1000100011001011110011110001000 G
0"
b10000000 0
b10000000 1
1&
#2720000
b10000001 /
0-
0&
#2725000
1"
b1000100001001011010010010001000 #
b1000100001001011010010010001000 M
0N
1&
#2730000
1-
b10000010 2
b100110011011100010000001001 '
b100000100101101010011110000001001 T
b10010111001100011100011100101101 P
b1001001001111100100010110010010 Q
b1001101111100111000000110011011 O
b101 R
b101 )
b101 5
b1001001001111100100010110010010 +
b1001001001111100100010110010010 7
b1001101111100111000000110011011 *
b1001101111100111000000110011011 6
0&
#2735000
13
1>
0F
b10010 C
b10010111001100011100011100101101 D
b100101101010011110000001001 <
b100110011011100010000001001 L
b100110011011100010000001001 ;
b1001101111111111100010110011011 8
b1001001001100100000000110010010 4
1N
b101 J
b1001001001111100100010110010010 H
b10010111001100011100011100101101 E
b100000100101101010011110000001001 =
b110011011000000000000000000 B
b1001101111100 ?
b1001101111100 @
b1001101111100111000000110011011 G
0"
b10000001 0
b10000001 1
1&
#2740000
b10000010 /
0-
0&
#2745000
1"
b100110011011100010000001001 #
b100110011011100010000001001 M
0N
1&
#2750000
1-
b10000011 2
b1010001000100110 '
b1111101101111111111111011111011 T
b10101010110010011011111101010101 P
b10010110100001001110000000101101 Q
b10100010001001101111100101000 O
b111 R
b111 )
b111 5
b10010110100001001110000000101101 +
b10010110100001001110000000101101 7
b10100010001001101111100101000 *
b10100010001001101111100101000 6
0&
#2755000
03
0:
b0 A
09
b1101 C
b10101010110010011011111101010101 D
b1111101101111111111111011111011 <
0>
b1010001000100110 L
b10000010110000000011111100000101 ;
b10010110110001001111111100101101 8
b10100000001001100000000101000 4
1N
b111 J
b10010110100001001110000000101101 H
b10101010110010011011111101010101 E
b1111101101111111111111011111011 =
b10011011111001010000000000000000 B
b1010001000100110 ?
b1010001000100110 @
b10100010001001101111100101000 G
0"
b10000010 0
b10000010 1
1&
#2760000
b10000011 /
0-
0&
#2765000
1"
b1010001000100110 #
b1010001000100110 M
0N
1&
#2770000
1-
b10000100 2
b11100101111111111111111111001011 '
b1000100010011011010111010001001 T
b100000111001000010001000000001101 P
b11100001011010011011000011000010 Q
b100101101101110101111101001011 O
b100 R
b100 )
b100 5
b11100001011010011011000011000010 +
b11100001011010011011000011000010 7
b100101101101110101111101001011 *
b100101101101110101111101001011 6
0&
#2775000
0:
b0 A
09
1F
b10 C
b111001000010001000000001101 D
b1000100010011011010111010001001 <
b11100101111111111111111111001011 L
b11000100110111101110111110001001 ;
b11100101111111111111111111001011 8
b100001001000010001000001000010 4
1N
b100 J
b11100001011010011011000011000010 H
b100000111001000010001000000001101 E
b1000100010011011010111010001001 =
b10010110110111010111110100101100 B
b1001011011011101011111010010 ?
b1001011011011101011111010010 @
b100101101101110101111101001011 G
0"
b10000011 0
b10000011 1
1&
#2780000
b10000100 /
0-
0&
#2785000
1"
b11100101111111111111111111001011 #
b11100101111111111111111111001011 M
0N
1&
#2790000
1-
b10000101 2
b11111111111111000111100011100111 '
b110001000011010011111000100010001 T
b10010101110011111111101100101011 P
b110101100110000010100001101 Q
b10001111000111001111011000011110 O
b1000 R
b1000 )
b1000 5
b110101100110000010100001101 +
b110101100110000010100001101 7
b10001111000111001111011000011110 *
b10001111000111001111011000011110 6
0&
#2795000
b1 A
19
0:
1>
0F
b1101 C
b10010101110011111111101100101011 D
b10001000011010011111000100010001 <
b11111111111111000111100011100111 L
b10001001101011111111001100010011 ;
b10001111101111111111011100011111 8
b110000100000000010000001100 4
1N
b1000 J
b110101100110000010100001101 H
b10010101110011111111101100101011 E
b110001000011010011111000100010001 =
b10011110110000111100000000000000 B
b1000111100011100111 ?
b11111111111111000111100011100111 @
b10001111000111001111011000011110 G
0"
b10000100 0
b10000100 1
1&
#2800000
b10000101 /
0-
0&
#2805000
1"
b11111111111111000111100011100111 #
b11111111111111000111100011100111 M
0N
1&
#2810000
1-
b10000110 2
1(
b0 '
b101101010011101100110000011010100 T
b10000010011111011001101100000100 P
b1100000000111001110100011000 Q
b1110110011110011111110111101100 O
b10 R
b10 )
b10 5
b1100000000111001110100011000 +
b1100000000111001110100011000 7
b1110110011110011111110111101100 *
b1110110011110011111110111101100 6
0&
#2815000
13
b0 A
09
b11000 C
b10000010011111011001101100000100 D
b1101010011101100110000011010100 <
b0 L
b1111010011110100110000011110100 ;
b1111110011110111111110111111100 8
b100000000011001110100001000 4
1N
b10 J
b1100000000111001110100011000 H
b10000010011111011001101100000100 E
b101101010011101100110000011010100 =
b11101100000000000000000000000000 B
b1110110 ?
b1110110 @
b1110110011110011111110111101100 G
0"
b10000101 0
b10000101 1
1&
#2820000
b10000110 /
0-
0&
#2825000
1!
1"
b0 #
b0 M
0N
1&
#2830000
1-
b10000111 2
0(
b11101011111111100001111111010111 '
b10100101001101111111111101001011 T
b100101100001001000011100001010111 P
b11000011011101100001110010000110 Q
b1101000101011100001101111010001 O
b100 R
b100 )
b100 5
b11000011011101100001110010000110 +
b11000011011101100001110010000110 7
b1101000101011100001101111010001 *
b1101000101011100001101111010001 6
0&
#2835000
1:
b0 A
09
03
0>
1F
b110 C
b101100001001000011100001010111 D
b10100101001101111111111101001011 <
b11101011111111100001111111010111 L
b10101011110110000000011101010111 ;
b11101011111111100001111111010111 8
b1000000001001100001100010000000 4
1N
b100 J
b11000011011101100001110010000110 H
b100101100001001000011100001010111 E
b10100101001101111111111101001011 =
b101011100001101111010001000000 B
b1101000101011100001101111 ?
b1101000101011100001101111 @
b1101000101011100001101111010001 G
0"
b10000110 0
b10000110 1
1&
#2840000
b10000111 /
0-
0&
#2845000
0!
1"
b11101011111111100001111111010111 #
b11101011111111100001111111010111 M
0N
1&
#2850000
1-
b10001000 2
b10000000100000000010010000000001 '
b100000011000000001100000000000110 T
b100111110011111111000100001111100 P
b10011101101111110110010000111011 Q
b10100000110000000010010001000001 O
b11 R
b11 )
b11 5
b10011101101111110110010000111011 +
b10011101101111110110010000111011 7
b10100000110000000010010001000001 *
b10100000110000000010010001000001 6
0&
#2855000
13
0:
1>
b11011 C
b111110011111111000100001111100 D
b11000000001100000000000110 <
b10000000100000000010010000000001 L
b111101011111110100000001111010 ;
b10111101111111110110010001111011 8
b10000000100000000010010000000001 4
1N
b11 J
b10011101101111110110010000111011 H
b100111110011111111000100001111100 E
b100000011000000001100000000000110 =
b1000000000000000000000000000 B
b10100 ?
b11111111111111111111111111110100 @
b10100000110000000010010001000001 G
0"
b10000111 0
b10000111 1
1&
#2860000
b10001000 /
0-
0&
#2865000
1"
b10000000100000000010010000000001 #
b10000000100000000010010000000001 M
0N
1&
#2870000
1-
b10001001 2
b11001110110000000000000000000000 '
b101000010010101010001000010000101 T
b10010110001101001110001100101011 P
b101001111011111110100101010011 Q
b1101100010001001111100111011000 O
b110 R
b110 )
b110 5
b101001111011111110100101010011 +
b101001111011111110100101010011 7
b1101100010001001111100111011000 *
b1101100010001001111100111011000 6
0&
#2875000
b0 A
09
13
0F
b10011 C
b10010110001101001110001100101011 D
b1000010010101010001000010000101 <
1>
b11001110110000000000000000000000 L
b1000101101010110001000010001011 ;
b1101101111011111111100111011011 8
b101000010001001110100101010000 4
1N
b110 J
b101001111011111110100101010011 H
b10010110001101001110001100101011 E
b101000010010101010001000010000101 =
b11001110110000000000000000000000 B
b110110001000 ?
b110110001000 @
b1101100010001001111100111011000 G
0"
b10001000 0
b10001000 1
1&
#2880000
b10001001 /
0-
0&
#2885000
1"
b11001110110000000000000000000000 #
b11001110110000000000000000000000 M
0N
1&
#2890000
1-
b10001010 2
b110101101010100000000001101 '
b11111101011011010011111111111011 T
b101011000110001011000010010110001 P
b10101101101011000010001001011011 Q
b10101011000110010110001001010110 O
b101 R
b101 )
b101 5
b10101101101011000010001001011011 +
b10101101101011000010001001011011 7
b10101011000110010110001001010110 *
b10101011000110010110001001010110 6
0&
#2895000
b1 A
19
13
0>
1F
b11011 C
b1011000110001011000010010110001 D
b11111101011011010011111111111011 <
b110101101010100000000001101 L
b110101101010100000000001101 ;
b10101111101111010110001001011111 8
b10101001000010000010001001010010 4
1N
b101 J
b10101101101011000010001001011011 H
b101011000110001011000010010110001 E
b11111101011011010011111111111011 =
b10110000000000000000000000000000 B
b10101 ?
b11111111111111111111111111110101 @
b10101011000110010110001001010110 G
0"
b10001001 0
b10001001 1
1&
#2900000
b10001010 /
0-
0&
#2905000
1"
b110101101010100000000001101 #
b110101101010100000000001101 M
0N
1&
#2910000
1-
b10001011 2
b1101110111100110001100011011110 '
b101101110111100110001100011011110 T
b101110011110110101101110011100110 P
b10000010011100111110001000000100 Q
b11110001011001101111101011100010 O
b1 R
b1 )
b1 5
b10000010011100111110001000000100 +
b10000010011100111110001000000100 7
b11110001011001101111101011100010 *
b11110001011001101111101011100010 6
0&
#2915000
b0 A
09
1I
b100 C
b1110011110110101101110011100110 D
b1101110111100110001100011011110 <
1>
b1101110111100110001100011011110 L
b1110011000101010001100011100110 ;
b11110011011101111111101011100110 8
b10000000011000101110001000000000 4
1N
b1 J
b10000010011100111110001000000100 H
b101110011110110101101110011100110 E
b101101110111100110001100011011110 =
b10110011011111010111000100000 B
b1111000101100110111110101110 ?
b11111111000101100110111110101110 @
b11110001011001101111101011100010 G
0"
b10001010 0
b10001010 1
1&
#2920000
b10001011 /
0-
0&
#2925000
1%
1"
b1101110111100110001100011011110 #
b1101110111100110001100011011110 M
0N
1&
#2930000
1-
b10001100 2
b100101111111001011100001001011 '
b1001101010110110100111010011011 T
b100100101111111001011100001001011 P
b11101100010100001011010011011000 Q
b111001101011000000001101110011 O
b0 R
b0 )
b0 5
b11101100010100001011010011011000 +
b11101100010100001011010011011000 7
b111001101011000000001101110011 *
b111001101011000000001101110011 6
0&
#2935000
0:
b0 A
09
03
b11000 C
b100101111111001011100001001011 D
b1001101010110110100111010011011 <
0>
0K
1I
b100101111111001011100001001011 L
b11010101111111001011011110101011 ;
b11111101111111001011011111111011 8
b101000000000000000000001010000 4
1N
b0 J
b11101100010100001011010011011000 H
b100100101111111001011100001001011 E
b1001101010110110100111010011011 =
b1110011000000000000000000000000 B
b111001 ?
b111001 @
b111001101011000000001101110011 G
0"
b10001011 0
b10001011 1
1&
#2940000
b10001100 /
0-
0&
#2945000
1"
b100101111111001011100001001011 #
b100101111111001011100001001011 M
0N
1&
#2950000
1-
b10001101 2
b1001 '
b101101001110110000100001011010 T
b11100101010000011001000111001010 P
b11011100000000110100010010111000 Q
b1001001111100100110100010010 O
b111 R
b111 )
b111 5
b11011100000000110100010010111000 +
b11011100000000110100010010111000 7
b1001001111100100110100010010 *
b1001001111100100110100010010 6
0&
#2955000
b11100101010000011001000111001010 D
0F
b101101001110110000100001011010 <
0I
b1001 L
b11010101001111010000100110101010 ;
b11011101001111110100110110111010 8
b1000000000100100010000010000 4
1N
b111 J
b11011100000000110100010010111000 H
b11100101010000011001000111001010 E
b101101001110110000100001011010 =
b10010000000000000000000000000 B
b1001 ?
b1001 @
b1001001111100100110100010010 G
0"
b10001100 0
b10001100 1
1&
#2960000
b10001101 /
0-
0&
#2965000
0%
1"
b1001 #
b1001 M
0N
1&
#2970000
1-
b10001110 2
b10001111000010001100100100011110 '
b10101001111110010101101101010100 T
b110001111000010001100100100011110 P
b11110010100001111011011011100101 Q
b10011100100000010001001000111001 O
b0 R
b0 )
b0 5
b11110010100001111011011011100101 +
b11110010100001111011011011100101 7
b10011100100000010001001000111001 *
b10011100100000010001001000111001 6
0&
#2975000
b1 A
19
1I
b101 C
b10001111000010001100100100011110 D
1F
b10101001111110010101101101010100 <
b10001111000010001100100100011110 L
b1101110000001101010010011011100 ;
b11111110100001111011011011111101 8
b10010000100000010001001000100001 4
1N
b0 J
b11110010100001111011011011100101 H
b110001111000010001100100100011110 E
b10101001111110010101101101010100 =
b10010000001000100100011100100000 B
b100111001000000100010010001 ?
b11111100111001000000100010010001 @
b10011100100000010001001000111001 G
0"
b10001101 0
b10001101 1
1&
#2980000
b10001110 /
0-
0&
#2985000
1%
1"
b10001111000010001100100100011110 #
b10001111000010001100100100011110 M
0N
1&
#2990000
1-
b10001111 2
b101110111001010000100000000000 '
b110111011001111001100110101110110 T
b11100110010011101110101111001100 P
b10101100010010000111100101011 Q
b11010000110001011101110010100001 O
b110 R
b110 )
b110 5
b10101100010010000111100101011 +
b10101100010010000111100101011 7
b11010000110001011101110010100001 *
b11010000110001011101110010100001 6
0&
#2995000
1>
0F
b1011 C
b11100110010011101110101111001100 D
b10111011001111001100110101110110 <
0I
b101110111001010000100000000000 L
b11000101010011001101001110001010 ;
b11010101110011011101111110101011 8
b10000100000010000110000100001 4
1N
b110 J
b10101100010010000111100101011 H
b11100110010011101110101111001100 E
b110111011001111001100110101110110 =
b101110111001010000100000000000 B
b110100001100010111011 ?
b11111111111110100001100010111011 @
b11010000110001011101110010100001 G
0"
b10001110 0
b10001110 1
1&
#3000000
b10001111 /
0-
0&
#3005000
0%
1"
b101110111001010000100000000000 #
b101110111001010000100000000000 M
0N
1&
#3010000
1-
b10010000 2
b1000000000100000000010110000000 '
b11011100011101001101011110111001 T
b10100100101010111110001101001001 P
b1100100000110111000010111001000 Q
b1000000100100000101110110000001 O
b11 R
b11 )
b11 5
b1100100000110111000010111001000 +
b1100100000110111000010111001000 7
b1000000100100000101110110000001 *
b1000000100100000101110110000001 6
0&
#3015000
13
b1 A
19
0>
b1000 C
b10100100101010111110001101001001 D
b11011100011101001101011110111001 <
b1000000000100000000010110000000 L
b100100100010111101100001001001 ;
b1100100100110111101110111001001 8
b1000000000100000000010110000000 4
1N
b11 J
b1100100000110111000010111001000 H
b10100100101010111110001101001001 E
b11011100011101001101011110111001 =
b10010000010111011000000100000000 B
b10000001001000001011101 ?
b10000001001000001011101 @
b1000000100100000101110110000001 G
0"
b10001111 0
b10001111 1
1&
#3020000
b10010000 /
0-
0&
#3025000
1"
b1000000000100000000010110000000 #
b1000000000100000000010110000000 M
0N
1&
#3030000
1-
b10010001 2
b1001110110101010101010010011 '
b11000010110111110101101110000110 T
b1100100100010110100111011001000 P
b1010000110101011111100110100001 Q
b10011101101010101010100100111 O
b111 R
b111 )
b111 5
b1010000110101011111100110100001 +
b1010000110101011111100110100001 7
b10011101101010101010100100111 *
b10011101101010101010100100111 6
0&
#3035000
03
b1 C
b1100100100010110100111011001000 D
b11000010110111110101101110000110 <
b1001110110101010101010010011 L
b1000011011000001010110010000110 ;
b1010011111101011111110110100111 8
b10000100101010101000100100001 4
1N
b111 J
b1010000110101011111100110100001 H
b1100100100010110100111011001000 E
b11000010110111110101101110000110 =
b100111011010101010101001001110 B
b1001110110101010101010010011 ?
b1001110110101010101010010011 @
b10011101101010101010100100111 G
0"
b10010000 0
b10010000 1
1&
#3040000
b10010001 /
0-
0&
#3045000
1"
b1001110110101010101010010011 #
b1001110110101010101010010011 M
0N
1&
#3050000
1-
b10010010 2
b1000111110001100011011100001 '
b100001101011010100011010000011011 T
b100010001101011101010100000100011 P
b10000010001000100011101000000100 Q
b10001111100011000110111000011111 O
b10000010001000100011101000000100 +
b10000010001000100011101000000100 7
b10001111100011000110111000011111 *
b10001111100011000110111000011111 6
0&
#3055000
b0 A
09
13
1F
b100 C
b10001101011101010100000100011 D
b1101011010100011010000011011 <
1>
b1000111110001100011011100001 L
b1101101011100101010000011011 ;
b10001111101011100111111000011111 8
b10000010000000000010101000000100 4
1N
b10000010001000100011101000000100 H
b100010001101011101010100000100011 E
b100001101011010100011010000011011 =
b11111000110001101110000111110000 B
b1000111110001100011011100001 ?
b11111000111110001100011011100001 @
b10001111100011000110111000011111 G
0"
b10010001 0
b10010001 1
1&
#3060000
b10010010 /
0-
0&
#3065000
1"
b1000111110001100011011100001 #
b1000111110001100011011100001 M
0N
1&
#3070000
1-
b10010011 2
b11110111100010011010001111101110 '
b1100000110100001010001011000010 T
b11110111100010011010001111101110 P
b11001011010111001000000010010110 Q
b101100001011010010001101011000 O
b0 R
b0 )
b0 5
b11001011010111001000000010010110 +
b11001011010111001000000010010110 7
b101100001011010010001101011000 *
b101100001011010010001101011000 6
0&
#3075000
0:
b0 A
09
03
b10110 C
b11110111100010011010001111101110 D
0F
b1100000110100001010001011000010 <
0>
0K
0I
b11110111100010011010001111101110 L
b11100111011100011010001111001110 ;
b11101111011111011010001111011110 8
b1000000011000000000000010000 4
1N
b0 J
b11001011010111001000000010010110 H
b11110111100010011010001111101110 E
b1100000110100001010001011000010 =
b11010110000000000000000000000000 B
b10110000 ?
b10110000 @
b101100001011010010001101011000 G
0"
b10010010 0
b10010010 1
1&
#3080000
b10010011 /
0-
0&
#3085000
1"
b11110111100010011010001111101110 #
b11110111100010011010001111101110 M
0N
1&
#3090000
1-
b10010100 2
b10000001010101001101111100000010 '
b10000001010101001101111100000010 T
b10010011100010000100011100100110 P
b10001001000110011011010000010010 Q
b1010011011101001001100010100 O
b1 R
b1 )
b1 5
b10001001000110011011010000010010 +
b10001001000110011011010000010010 7
b1010011011101001001100010100 *
b1010011011101001001100010100 6
0&
#3095000
1K
1:
b0 A
09
b10010 C
b10010011100010000100011100100110 D
b10000001010101001101111100000010 <
b10000001010101001101111100000010 L
b10000011011101110010011100000110 ;
b10001011011111111011011100010110 8
b1000000010001001000000010000 4
1N
b1 J
b10001001000110011011010000010010 H
b10010011100010000100011100100110 E
b10000001010101001101111100000010 =
b1001100010100000000000000000000 B
b1010011011 ?
b1010011011 @
b1010011011101001001100010100 G
0"
b10010011 0
b10010011 1
1&
#3100000
b10010100 /
0-
0&
#3105000
1$
1"
b10000001010101001101111100000010 #
b10000001010101001101111100000010 M
0N
1&
#3110000
1-
b10010101 2
b11111111111111111110010110010001 '
b11110010011101011000110111100101 T
b110100011110011110101001101000111 P
b11011000101011001110001010110001 Q
b11001011001000100111000010010110 O
b1000 R
b1000 )
b1000 5
b11011000101011001110001010110001 +
b11011000101011001110001010110001 7
b11001011001000100111000010010110 *
b11001011001000100111000010010110 6
0&
#3115000
b1 A
19
0:
b10001 C
b10100011110011110101001101000111 D
1F
b11110010011101011000110111100101 <
0>
0K
b11111111111111111110010110010001 L
b10011100011101001001000100111 ;
b11011011101011101111001010110111 8
b11001000001000000110000010010000 4
1N
b1000 J
b11011000101011001110001010110001 H
b110100011110011110101001101000111 E
b11110010011101011000110111100101 =
b11100001001011000000000000000000 B
b110010110010001 ?
b11111111111111111110010110010001 @
b11001011001000100111000010010110 G
0"
b10010100 0
b10010100 1
1&
#3120000
b10010101 /
0-
0&
#3125000
0$
1"
b11111111111111111110010110010001 #
b11111111111111111110010110010001 M
0N
1&
#3130000
1-
b10010110 2
b110011111111110100011001101000 '
b110011111111110100011001101000 T
b100100001100001100110010001000010 P
b11110110110000111000111011101101 Q
b101010110000101101010101010101 O
b1 R
b1 )
b1 5
b11110110110000111000111011101101 +
b11110110110000111000111011101101 7
b101010110000101101010101010101 *
b101010110000101101010101010101 6
0&
#3135000
b0 A
09
0K
03
0:
b1101 C
b100001100001100110010001000010 D
b110011111111110100011001101000 <
b110011111111110100011001101000 L
b11011100000000010101101110111000 ;
b11111110110000111101111111111101 8
b100010110000101000010001000101 4
1N
b1 J
b11110110110000111000111011101101 H
b100100001100001100110010001000010 E
b110011111111110100011001101000 =
b1011010101010101010000000000000 B
b10101011000010110 ?
b10101011000010110 @
b101010110000101101010101010101 G
0"
b10010101 0
b10010101 1
1&
#3140000
b10010110 /
0-
0&
#3145000
1"
b110011111111110100011001101000 #
b110011111111110100011001101000 M
0N
1&
#3150000
1-
b10010111 2
b10101100 '
b10011010110110100000111100110110 T
b10010000001111000100011100100000 P
b1111010101100010001101111110101 Q
b10101100010110010101100101011 O
b1000 R
b1000 )
b1000 5
b1111010101100010001101111110101 +
b1111010101100010001101111110101 7
b10101100010110010101100101011 *
b10101100010110010101100101011 6
0&
#3155000
b1 A
19
13
0F
b10101 C
b10010000001111000100011100100000 D
b10011010110110100000111100110110 <
b10101100 L
b1101111001110100011000011011110 ;
b1111111101110110011101111111111 8
b10000100000010000101100100001 4
1N
b1000 J
b1111010101100010001101111110101 H
b10010000001111000100011100100000 E
b10011010110110100000111100110110 =
b1100101011000000000000000000000 B
b10101100 ?
b10101100 @
b10101100010110010101100101011 G
0"
b10010110 0
b10010110 1
1&
#3160000
b10010111 /
0-
0&
#3165000
1"
b10101100 #
b10101100 M
0N
1&
#3170000
1-
b10011000 2
b11000010111100101110000110000110 '
b11000010111100101110000110000110 T
b11101010011101010010010111010100 P
b10010011110000010010001000100111 Q
b1010110101101000000001110101101 O
b1 R
b1 )
b1 5
b10010011110000010010001000100111 +
b10010011110000010010001000100111 7
b1010110101101000000001110101101 *
b1010110101101000000001110101101 6
0&
#3175000
03
b0 A
09
1K
1:
b111 C
b11101010011101010010010111010100 D
b11000010111100101110000110000110 <
b11000010111100101110000110000110 L
b11000101011101010010000110001010 ;
b11010111111101010010001110101111 8
b10010100000000000001000100101 4
1N
b1 J
b10010011110000010010001000100111 H
b11101010011101010010010111010100 E
b11000010111100101110000110000110 =
b1011010000000011101011010000000 B
b101011010110100000000111 ?
b101011010110100000000111 @
b1010110101101000000001110101101 G
0"
b10010111 0
b10010111 1
1&
#3180000
b10011000 /
0-
0&
#3185000
1$
1"
b11000010111100101110000110000110 #
b11000010111100101110000110000110 M
0N
1&
#3190000
1-
b10011001 2
1(
b0 '
b1101110101000010001101011011101 T
b100010101111100101110010000101011 P
b11010011101010001110010010100111 Q
b1000010010010011111111110000100 O
b10 R
b10 )
b10 5
b11010011101010001110010010100111 +
b11010011101010001110010010100111 7
b1000010010010011111111110000100 *
b1000010010010011111111110000100 6
0&
#3195000
0:
b0 A
09
1F
b10101111100101110010000101011 D
b1101110101000010001101011011101 <
0K
b0 L
b10010001111000010001101100100011 ;
b11010011111010011111111110100111 8
b1000010000010001110010010000100 4
1N
b10 J
b11010011101010001110010010100111 H
b100010101111100101110010000101011 E
b1101110101000010001101011011101 =
b100100111111111100001000000000 B
b100001001001001111111111 ?
b100001001001001111111111 @
b1000010010010011111111110000100 G
0"
b10011000 0
b10011000 1
1&
#3200000
b10011001 /
0-
0&
#3205000
1!
0$
1"
b0 #
b0 M
0N
1&
#3210000
1-
b10011010 2
0(
b11111111111111111111111111111001 '
b100010110111010000001011000101110 T
b111010000110001110011011110100000 P
b11011100111011111001000010111001 Q
b11110011110101111010011011100111 O
b1000 R
b1000 )
b1000 5
b11011100111011111001000010111001 +
b11011100111011111001000010111001 7
b11110011110101111010011011100111 *
b11110011110101111010011011100111 6
0&
#3215000
b11001 C
b11010000110001110011011110100000 D
b10110111010000001011000101110 <
1>
b11111111111111111111111111111001 L
b101111001110000011011001011110 ;
b11111111111111111011011011111111 8
b11010000110001111000000010100001 4
1N
b1000 J
b11011100111011111001000010111001 H
b111010000110001110011011110100000 E
b100010110111010000001011000101110 =
b11001110000000000000000000000000 B
b1111001 ?
b11111111111111111111111111111001 @
b11110011110101111010011011100111 G
0"
b10011001 0
b10011001 1
1&
#3220000
b10011010 /
0-
0&
#3225000
0!
1"
b11111111111111111111111111111001 #
b11111111111111111111111111111001 M
0N
1&
#3230000
1-
b10011011 2
b10100 '
b100110110111101001001101001101110 T
b100010010110000000001001000100100 P
b1101101111001011011101111011011 Q
b10100100110110100101011001001001 O
b111 R
b111 )
b111 5
b1101101111001011011101111011011 +
b1101101111001011011101111011011 7
b10100100110110100101011001001001 *
b10100100110110100101011001001001 6
0&
#3235000
1:
b1 A
19
b11011 C
b10010110000000001001000100100 D
b110110111101001001101001101110 <
1>
b10100 L
b11001001001111111110110110010010 ;
b11101101111111111111111111011011 8
b100100110000000001001001001001 4
1N
b111 J
b1101101111001011011101111011011 H
b100010010110000000001001000100100 E
b100110110111101001001101001101110 =
b1001000000000000000000000000000 B
b10100 ?
b11111111111111111111111111110100 @
b10100100110110100101011001001001 G
0"
b10011010 0
b10011010 1
1&
#3240000
b10011011 /
0-
0&
#3245000
1"
b10100 #
b10100 M
0N
1&
#3250000
1-
b10011100 2
b11001001011101 '
b100111100001101100101111001111000 T
b10001101001111011100000100011010 P
b101000100000111011000101010001 Q
b1100100101110100000111111001001 O
b101000100000111011000101010001 +
b101000100000111011000101010001 7
b1100100101110100000111111001001 *
b1100100101110100000111111001001 6
0&
#3255000
b0 A
09
13
0:
b11111100100100000000000000000 B
b10001 C
b10001101001111011100000100011010 D
0F
b111100001101100101111001111000 <
1>
b11001001011101 L
b1001100001110011011111010011000 ;
b1101100101110111011111111011001 8
b100000100000100000000101000001 4
1N
b101000100000111011000101010001 H
b10001101001111011100000100011010 E
b100111100001101100101111001111000 =
b11001001011101 ?
b11001001011101 @
b1100100101110100000111111001001 G
0"
b10011011 0
b10011011 1
1&
#3260000
b10011100 /
0-
0&
#3265000
1"
b11001001011101 #
b11001001011101 M
0N
1&
#3270000
1-
b10011101 2
b10111011011101011000000101110111 '
b110111011011101011000000101110111 T
b11100110000000110011101111001011 P
b10101010001101101110100101010 Q
b11010000101111000101111010100001 O
b1 R
b1 )
b1 5
b10101010001101101110100101010 +
b10101010001101101110100101010 7
b11010000101111000101111010100001 *
b11010000101111000101111010100001 6
0&
#3275000
b1 A
19
0K
03
0:
b1010 C
b11100110000000110011101111001011 D
b10111011011101011000000101110111 <
1I
b10111011011101011000000101110111 L
b11000101111110101000001110001011 ;
b11010101111111101101111110101011 8
b10000000001000101110000100000 4
1N
b1 J
b10101010001101101110100101010 H
b11100110000000110011101111001011 E
b110111011011101011000000101110111 =
b11110001011110101000010000000000 B
b1101000010111100010111 ?
b11111111111101000010111100010111 @
b11010000101111000101111010100001 G
0"
b10011100 0
b10011100 1
1&
#3280000
b10011101 /
0-
0&
#3285000
1%
1"
b10111011011101011000000101110111 #
b10111011011101011000000101110111 M
0N
1&
#3290000
1-
b10011110 2
b11111111111011100110010111111111 '
b11011010010001000010010110110101 T
b100100000000100000110011000111111 P
b10100010111001100010000001000101 Q
b1111101001010100100010111111010 O
b100 R
b100 )
b100 5
b10100010111001100010000001000101 +
b10100010111001100010000001000101 7
b1111101001010100100010111111010 *
b1111101001010100100010111111010 6
0&
#3295000
b0 A
09
1:
0>
1F
b101 C
b100000000100000110011000111111 D
b11011010010001000010010110110101 <
0I
b11111111111011100110010111111111 L
b11011111110011000110010110111111 ;
b11111111111011100110010111111111 8
b100000001000100000000001000000 4
1N
b100 J
b10100010111001100010000001000101 H
b100100000000100000110011000111111 E
b11011010010001000010010110110101 =
b10100101010010001011111101000000 B
b11111010010101001000101111 ?
b11111010010101001000101111 @
b1111101001010100100010111111010 G
0"
b10011101 0
b10011101 1
1&
#3300000
b10011110 /
0-
0&
#3305000
0%
1"
b11111111111011100110010111111111 #
b11111111111011100110010111111111 M
0N
1&
#3310000
1-
b10011111 2
b100 '
b10000011001010111100001100000111 T
b100000000000101100100011111111111 P
b10111110011101010100001001111100 Q
b1000001101000010000010110000011 O
b1000 R
b1000 )
b1000 5
b10111110011101010100001001111100 +
b10111110011101010100001001111100 7
b1000001101000010000010110000011 *
b1000001101000010000010110000011 6
0&
#3315000
b11100 C
b101100100011111111111 D
b10000011001010111100001100000111 <
b100 L
b11111111110101000100011111111111 ;
b11111111111101010100011111111111 8
b1000010000000000000000 4
1N
b1000 J
b10111110011101010100001001111100 H
b100000000000101100100011111111111 E
b10000011001010111100001100000111 =
b110000000000000000000000000000 B
b100 ?
b100 @
b1000001101000010000010110000011 G
0"
b10011110 0
b10011110 1
1&
#3320000
b10011111 /
0-
0&
#3325000
1"
b100 #
b100 M
0N
1&
#3330000
1-
b10100000 2
b10000000000000000000000000000000 '
b10111001111101101101011101110100 T
b110111000100101010101000101110000 P
b11111111010011110011110011111110 Q
b10111001010001100001010001110010 O
b110 R
b110 )
b110 5
b11111111010011110011110011111110 +
b11111111010011110011110011111110 7
b10111001010001100001010001110010 *
b10111001010001100001010001110010 6
0&
#3335000
b1 A
19
0:
b11110 C
b10111000100101010101000101110000 D
b10111001111101101101011101110100 <
b10000000000000000000000000000000 L
b1000110000010010010100010001100 ;
b11111111010011110011110011111110 8
b10111001010001100001010001110010 4
1N
b110 J
b11111111010011110011110011111110 H
b110111000100101010101000101110000 E
b10111001111101101101011101110100 =
b10000000000000000000000000000000 B
b10 ?
b11111111111111111111111111111110 @
b10111001010001100001010001110010 G
0"
b10011111 0
b10011111 1
1&
#3340000
b10100000 /
0-
0&
#3345000
1"
b10000000000000000000000000000000 #
b10000000000000000000000000000000 M
0N
1&
#3350000
1-
b10100001 2
b10110100010101011010001001101000 '
b11111100011101100100011111111001 T
b101101100001101011001110011010111 P
b10110111110111111010101001101111 Q
b10110100010101011111001001101000 O
b11 R
b11 )
b11 5
b10110111110111111010101001101111 +
b10110111110111111010101001101111 7
b10110100010101011111001001101000 *
b10110100010101011111001001101000 6
0&
#3355000
13
b10110100010101011 ?
b11111111111111110110100010101011 @
b1111 C
b1101100001101011001110011010111 D
b11111100011101100100011111111001 <
b10110100010101011010001001101000 L
b11100010100101100000000111 ;
b10110111110111111111101001101111 8
b10110100010101011010001001101000 4
1N
b11 J
b10110111110111111010101001101111 H
b101101100001101011001110011010111 E
b11111100011101100100011111111001 =
b11111001001101000000000000000000 B
b10110100010101011111001001101000 G
0"
b10100000 0
b10100000 1
1&
#3360000
b10100001 /
0-
0&
#3365000
1"
b10110100010101011010001001101000 #
b10110100010101011010001001101000 M
0N
1&
#3370000
1-
b10100010 2
b1101100001100000000000000000 '
b11001011001000101110101110010110 T
b10111011011010010010111101110110 P
b1111000001000110010000111110000 Q
b1000011010001100000110110000110 O
b110 R
b110 )
b110 5
b1111000001000110010000111110000 +
b1111000001000110010000111110000 7
b1000011010001100000110110000110 *
b1000011010001100000110110000110 6
0&
#3375000
13
b10000 C
b10111011011010010010111101110110 D
0F
b11001011001000101110101110010110 <
b1101100001100000000000000000 L
b111011011001010010110001110110 ;
b1111011011001110010110111110110 8
b1000000000000100000000110000000 4
1N
b110 J
b1111000001000110010000111110000 H
b10111011011010010010111101110110 E
b11001011001000101110101110010110 =
b1101100001100000000000000000 B
b100001101000110 ?
b100001101000110 @
b1000011010001100000110110000110 G
0"
b10100001 0
b10100001 1
1&
#3380000
b10100010 /
0-
0&
#3385000
1"
b1101100001100000000000000000 #
b1101100001100000000000000000 M
0N
1&
#3390000
1-
b10100011 2
b111100000001110000011001111000 '
b11111011111110110000010111111000 T
b111100111010000010100001111000 P
b100000011101101001000101000000 Q
b11100011100011001011100111000 O
b101 R
b101 )
b101 5
b100000011101101001000101000000 +
b100000011101101001000101000000 7
b11100011100011001011100111000 *
b11100011100011001011100111000 6
0&
#3395000
03
b0 C
b111100111010000010100001111000 D
b11111011111110110000010111111000 <
b111100000001110000011001111000 L
b111100000001110000011001111000 ;
b111100011101111001011101111000 8
b11100001001000100000000 4
1N
b101 J
b100000011101101001000101000000 H
b111100111010000010100001111000 E
b11111011111110110000010111111000 =
b11100011100011001011100111000 B
b11100011100011001011100111000 ?
b11100011100011001011100111000 @
b11100011100011001011100111000 G
0"
b10100010 0
b10100010 1
1&
#3400000
b10100011 /
0-
0&
#3405000
1"
b111100000001110000011001111000 #
b111100000001110000011001111000 M
0N
1&
#3410000
1-
b10100100 2
b1111000101110010000000011110 '
b100011000111110111100110000110010 T
b100001111000101110010000000011110 P
b1111011000011011010100111110110 Q
b10010100000010010111011000101000 O
b0 R
b0 )
b0 5
b1111011000011011010100111110110 +
b1111011000011011010100111110110 7
b10010100000010010111011000101000 *
b10010100000010010111011000101000 6
0&
#3415000
1:
0K
b1 A
19
03
1I
1F
b10110 C
b1111000101110010000000011110 D
b11000111110111100110000110010 <
1>
b1111000101110010000000011110 L
b11101111000001001101111111011110 ;
b11111111000011011111111111111110 8
b10000000010010010000000100000 4
1N
b0 J
b1111011000011011010100111110110 H
b100001111000101110010000000011110 E
b100011000111110111100110000110010 =
b10001010000000000000000000000000 B
b1001010000 ?
b11111111111111111111111001010000 @
b10010100000010010111011000101000 G
0"
b10100011 0
b10100011 1
1&
#3420000
b10100100 /
0-
0&
#3425000
1%
1"
b1111000101110010000000011110 #
b1111000101110010000000011110 M
0N
1&
#3430000
1-
b10100101 2
b1100000001010000001000011000000 '
b110000010100101101110100100000101 T
b101000010111001110100110010000101 P
b1100000001010000011000111000000 Q
b11100010101111110001101011000101 O
b11 R
b11 )
b11 5
b1100000001010000011000111000000 +
b1100000001010000011000111000000 7
b11100010101111110001101011000101 *
b11100010101111110001101011000101 6
0&
#3435000
0:
b1 A
19
b0 C
b1000010111001110100110010000101 D
b10000010100101101110100100000101 <
0I
b1100000001010000001000011000000 L
b10000010100101110010101100000101 ;
b11100010101111110011101111000101 8
b1100000001010000001000011000000 4
1N
b11 J
b1100000001010000011000111000000 H
b101000010111001110100110010000101 E
b110000010100101101110100100000101 =
b11100010101111110001101011000101 B
b11100010101111110001101011000101 ?
b11100010101111110001101011000101 @
b11100010101111110001101011000101 G
0"
b10100100 0
b10100100 1
1&
#3440000
b10100101 /
0-
0&
#3445000
0%
1"
b1100000001010000001000011000000 #
b1100000001010000001000011000000 M
0N
1&
#3450000
1-
b10100110 2
b1010111010000001101000010101101 '
b100011101100000111110111000111011 T
b1010111010000001101000010101101 P
b11100110111100111000100111001 Q
b111010011000100101111101110100 O
b0 R
b0 )
b0 5
b11100110111100111000100111001 +
b11100110111100111000100111001 7
b111010011000100101111101110100 *
b111010011000100101111101110100 6
0&
#3455000
b0 A
09
b11001 C
b1010111010000001101000010101101 D
0F
b11101100000111110111000111011 <
1>
0I
b1010111010000001101000010101101 L
b100110101111000010111001001101 ;
b111110111111100111111101111101 8
b11000010000100101000100110000 4
1N
b0 J
b11100110111100111000100111001 H
b1010111010000001101000010101101 E
b100011101100000111110111000111011 =
b11101000000000000000000000000000 B
b11101 ?
b11101 @
b111010011000100101111101110100 G
0"
b10100101 0
b10100101 1
1&
#3460000
b10100110 /
0-
0&
#3465000
1"
b1010111010000001101000010101101 #
b1010111010000001101000010101101 M
0N
1&
#3470000
1-
b10100111 2
b11110110100001101111000111101100 '
b110111010010011011110001101110100 T
b11110110100001101111000111101100 P
b11110000111001000011100111100 Q
b11011000011010100110101010110000 O
b11110000111001000011100111100 +
b11110000111001000011100111100 7
b11011000011010100110101010110000 *
b11011000011010100110101010110000 6
0&
#3475000
b1 A
19
0K
03
0:
b11100 C
b11110110100001101111000111101100 D
b10111010010011011110001101110100 <
b11110110100001101111000111101100 L
b11000110011101101110110110001100 ;
b11011110011111101110111110111100 8
b11000000010000000001000110000 4
1N
b11110000111001000011100111100 H
b11110110100001101111000111101100 E
b110111010010011011110001101110100 =
b0 B
b1101 ?
b11111111111111111111111111111101 @
b11011000011010100110101010110000 G
0"
b10100110 0
b10100110 1
1&
#3480000
b10100111 /
0-
0&
#3485000
1"
b11110110100001101111000111101100 #
b11110110100001101111000111101100 M
0N
1&
#3490000
1-
b10101000 2
b100100000001010100000001001000 '
b11100011111111001011111111001000 T
b1000110010001100110011010001100 P
b110001001001001101001101100010 Q
b10101001000011001001100101010 O
b101 R
b101 )
b101 5
b110001001001001101001101100010 +
b110001001001001101001101100010 7
b10101001000011001001100101010 *
b10101001000011001001100101010 6
0&
#3495000
b10 C
b1000110010001100110011010001100 D
b11100011111111001011111111001000 <
0>
b100100000001010100000001001000 L
b100100000001010100000001001000 ;
b110101001001011101001101101010 8
b10001001000001001001100100010 4
1N
b101 J
b110001001001001101001101100010 H
b1000110010001100110011010001100 E
b11100011111111001011111111001000 =
b1010100100001100100110010101000 B
b101010010000110010011001010 ?
b101010010000110010011001010 @
b10101001000011001001100101010 G
0"
b10100111 0
b10100111 1
1&
#3500000
b10101000 /
0-
0&
#3505000
1"
b100100000001010100000001001000 #
b100100000001010100000001001000 M
0N
1&
#3510000
1-
b10101001 2
b11111010111111010111111111110101 '
b11010001110101110011000110100 T
b11111011100111011000001111110110 P
b11110000101100010100111011100001 Q
b1010111011000011010100010101 O
b100 R
b100 )
b100 5
b11110000101100010100111011100001 +
b11110000101100010100111011100001 7
b1010111011000011010100010101 *
b1010111011000011010100010101 6
0&
#3515000
b0 A
09
0:
b1 C
b11111011100111011000001111110110 D
b11010001110101110011000110100 <
b11111010111111010111111111110101 L
b11111010010111010111101111110100 ;
b11111010111111010111111111110101 8
b101000000000010000000001 4
1N
b100 J
b11110000101100010100111011100001 H
b11111011100111011000001111110110 E
b11010001110101110011000110100 =
b10101110110000110101000101010 B
b101011101100001101010001010 ?
b101011101100001101010001010 @
b1010111011000011010100010101 G
0"
b10101000 0
b10101000 1
1&
#3520000
b10101001 /
0-
0&
#3525000
1"
b11111010111111010111111111110101 #
b11111010111111010111111111110101 M
0N
1&
#3530000
1-
b10101010 2
b10101010011010010111001101010100 '
b1101010010101101010111011010100 T
b10101101011011101000101101011010 P
b10100001100010111110111001000011 Q
b1011111000101001110100010111 O
b101 R
b101 )
b101 5
b10100001100010111110111001000011 +
b10100001100010111110111001000011 7
b1011111000101001110100010111 *
b1011111000101001110100010111 6
0&
#3535000
b11 C
b10101101011011101000101101011010 D
b1101010010101101010111011010100 <
b10101010011010010111001101010100 L
b10101010011010010111001101010100 ;
b10101011111010111111111101010111 8
b1100000101000110000000011 4
1N
b101 J
b10100001100010111110111001000011 H
b10101101011011101000101101011010 E
b1101010010101101010111011010100 =
b1011111000101001110100010111000 B
b1011111000101001110100010 ?
b1011111000101001110100010 @
b1011111000101001110100010111 G
0"
b10101001 0
b10101001 1
1&
#3540000
b10101010 /
0-
0&
#3545000
1"
b10101010011010010111001101010100 #
b10101010011010010111001101010100 M
0N
1&
#3550000
1-
b10101011 2
b100111111010111110100001001111 '
b10100001011111111101111101000011 T
b100100111111010111110100001001111 P
b11000011001101100000010010000110 Q
b1100100101101011110001111001001 O
b0 R
b0 )
b0 5
b11000011001101100000010010000110 +
b11000011001101100000010010000110 7
b1100100101101011110001111001001 *
b1100100101101011110001111001001 6
0&
#3555000
1:
b0 A
09
1I
b110 C
b100111111010111110100001001111 D
1F
b10100001011111111101111101000011 <
b100111111010111110100001001111 L
b10100111100000111110011101001111 ;
b11100111101101111110011111001111 8
b1000000001101000000000010000000 4
1N
b0 J
b11000011001101100000010010000110 H
b100100111111010111110100001001111 E
b10100001011111111101111101000011 =
b101101011110001111001001000000 B
b1100100101101011110001111 ?
b1100100101101011110001111 @
b1100100101101011110001111001001 G
0"
b10101010 0
b10101010 1
1&
#3560000
b10101011 /
0-
0&
#3565000
1%
1"
b100111111010111110100001001111 #
b100111111010111110100001001111 M
0N
1&
#3570000
1-
b10101100 2
b100101001011111001011001001010 '
b10110001101000010010110101100100 T
b1110011100011100110100011100110 P
b1100000111101101001110111000001 Q
b10010100101111100101100100101 O
b110 R
b110 )
b110 5
b1100000111101101001110111000001 +
b1100000111101101001110111000001 7
b10010100101111100101100100101 *
b10010100101111100101100100101 6
0&
#3575000
0:
b1 A
19
b1 C
b1110011100011100110100011100110 D
0F
b10110001101000010010110101100100 <
0I
b100101001011111001011001001010 L
b1110010011000010101011011100100 ;
b1110010111101111101111111100101 8
b100101101000100100000001 4
1N
b110 J
b1100000111101101001110111000001 H
b1110011100011100110100011100110 E
b10110001101000010010110101100100 =
b100101001011111001011001001010 B
b1001010010111110010110010010 ?
b1001010010111110010110010010 @
b10010100101111100101100100101 G
0"
b10101011 0
b10101011 1
1&
#3580000
b10101100 /
0-
0&
#3585000
0%
1"
b100101001011111001011001001010 #
b100101001011111001011001001010 M
0N
1&
#3590000
1-
b10101101 2
b10000100000001011010001000001000 '
b100011001001101011100000000110011 T
b101110100000001011000010011100111 P
b10101101011001111110001001011010 Q
b11000110100111011010001010001101 O
b11 R
b11 )
b11 5
b10101101011001111110001001011010 +
b10101101011001111110001001011010 7
b11000110100111011010001010001101 *
b11000110100111011010001010001101 6
0&
#3595000
b0 A
09
13
b11010 C
b1110100000001011000010011100111 D
1F
b11001001101011100000000110011 <
1>
b10000100000001011010001000001000 L
b1101011111110100100000011010111 ;
b11101111111111111110001011011111 8
b10000100000001011010001000001000 4
1N
b11 J
b10101101011001111110001001011010 H
b101110100000001011000010011100111 E
b100011001001101011100000000110011 =
b110100000000000000000000000000 B
b110001 ?
b11111111111111111111111111110001 @
b11000110100111011010001010001101 G
0"
b10101100 0
b10101100 1
1&
#3600000
b10101101 /
0-
0&
#3605000
1"
b10000100000001011010001000001000 #
b10000100000001011010001000001000 M
0N
1&
#3610000
1-
b10101110 2
b11101101011110101010101111011011 '
b11101101011110101010101111011011 T
b11010001100011010001000110011 P
b10110010110110111101100101100 Q
b11110101100010011100000111 O
b1 R
b1 )
b1 5
b10110010110110111101100101100 +
b10110010110110111101100101100 7
b11110101100010011100000111 *
b11110101100010011100000111 6
0&
#3615000
b1 A
19
03
b1100 C
b11010001100011010001000110011 D
0F
b11101101011110101010101111011011 <
0>
0I
b11101101011110101010101111011011 L
b10101100011010101110000101011 ;
b10111110111110111111100101111 8
b10010100100010001100000100 4
1N
b1 J
b10110010110110111101100101100 H
b11010001100011010001000110011 E
b11101101011110101010101111011011 =
b1100010011100000111000000000000 B
b11110101100010 ?
b11110101100010 @
b11110101100010011100000111 G
0"
b10101101 0
b10101101 1
1&
#3620000
b10101110 /
0-
0&
#3625000
1"
b11101101011110101010101111011011 #
b11101101011110101010101111011011 M
0N
1&
#3630000
1-
b10101111 2
b10111010000110000000000000000000 '
b1001101010111000111011010011011 T
b10111110101110000100001101111101 P
b10111000101011011110011001110001 Q
b110000010100101110100001100 O
b110 R
b110 )
b110 5
b10111000101011011110011001110001 +
b10111000101011011110011001110001 7
b110000010100101110100001100 *
b110000010100101110100001100 6
0&
#3635000
b0 A
09
0:
b10001 C
b10111110101110000100001101111101 D
b1001101010111000111011010011011 <
b10111010000110000000000000000000 L
b10111110101001111011101101111101 ;
b10111110101011111111111101111101 8
b10000100010000000000 4
1N
b110 J
b10111000101011011110011001110001 H
b10111110101110000100001101111101 E
b1001101010111000111011010011011 =
b10111010000110000000000000000000 B
b1100000101 ?
b1100000101 @
b110000010100101110100001100 G
0"
b10101110 0
b10101110 1
1&
#3640000
b10101111 /
0-
0&
#3645000
1"
b10111010000110000000000000000000 #
b10111010000110000000000000000000 M
0N
1&
#3650000
1-
b10110000 2
b1000010100000001001011010000101 '
b101000010100000001001011010000101 T
b11111001010000100110000111110001 P
b1011011011000001110010110110110 Q
b10011101111000010111110000111011 O
b1 R
b1 )
b1 5
b1011011011000001110010110110110 +
b1011011011000001110010110110110 7
b10011101111000010111110000111011 *
b10011101111000010111110000111011 6
0&
#3655000
b1 A
19
1K
1I
1:
1>
b10110 C
b11111001010000100110000111110001 D
b1000010100000001001011010000101 <
b1000010100000001001011010000101 L
b11000110100000011001100110001101 ;
b11011111111000011111110110111111 8
b11001011000000110010000110010 4
1N
b1 J
b1011011011000001110010110110110 H
b11111001010000100110000111110001 E
b101000010100000001001011010000101 =
b1110110000000000000000000000 B
b1001110111 ?
b11111111111111111111111001110111 @
b10011101111000010111110000111011 G
0"
b10101111 0
b10101111 1
1&
#3660000
b10110000 /
0-
0&
#3665000
1$
1%
1"
b1000010100000001001011010000101 #
b1000010100000001001011010000101 M
0N
1&
#3670000
1-
b10110001 2
1(
b0 '
b100101100110010101111010001011001 T
b111001010111101001001000110010101 P
b11001111000101001100111010011110 Q
b11111011110111111100001011110111 O
b10 R
b10 )
b10 5
b11001111000101001100111010011110 +
b11001111000101001100111010011110 7
b11111011110111111100001011110111 *
b11111011110111111100001011110111 6
0&
#3675000
0:
b0 A
09
b11110 C
b11001010111101001001000110010101 D
1F
b101100110010101111010001011001 <
0K
0I
b0 L
b110100110010110000110001101001 ;
b11111111110111111100111011111111 8
b11001011000101001100001010010110 4
1N
b10 J
b11001111000101001100111010011110 H
b111001010111101001001000110010101 E
b100101100110010101111010001011001 =
b11000000000000000000000000000000 B
b11 ?
b11111111111111111111111111111111 @
b11111011110111111100001011110111 G
0"
b10110000 0
b10110000 1
1&
#3680000
b10110001 /
0-
0&
#3685000
1!
0$
0%
1"
b0 #
b0 M
0N
1&
#3690000
1-
b10110010 2
0(
b10101110011 '
b110000011101111110110000100000111 T
b11011001001100010100111110110001 P
b101010101110001111011101010101 Q
b10101110011110000101100001011100 O
b111 R
b111 )
b111 5
b101010101110001111011101010101 +
b101010101110001111011101010101 7
b10101110011110000101100001011100 *
b10101110011110000101100001011100 6
0&
#3695000
b1 A
19
0F
b10101 C
b11011001001100010100111110110001 D
b10000011101111110110000100000111 <
1>
b10101110011 L
b10000100110000001010111100001001 ;
b10101110111110001111111101011101 8
b101010001110000101000001010100 4
1N
b111 J
b101010101110001111011101010101 H
b11011001001100010100111110110001 E
b110000011101111110110000100000111 =
b1011100000000000000000000000 B
b10101110011 ?
b11111111111111111111110101110011 @
b10101110011110000101100001011100 G
0"
b10110001 0
b10110001 1
1&
#3700000
b10110010 /
0-
0&
#3705000
0!
1"
b10101110011 #
b10101110011 M
0N
1&
#3710000
1-
b10110011 2
b10010000001010100011101000100000 '
b11000000000111110010011110000000 T
b101100000001101010100110011000000 P
b11010000000010110001001010100000 Q
b10010000001010100011101000100000 O
b110 R
b110 )
b110 5
b11010000000010110001001010100000 +
b11010000000010110001001010100000 7
b10010000001010100011101000100000 *
b10010000001010100011101000100000 6
0&
#3715000
13
b1 A
19
0>
1F
b0 C
b1100000001101010100110011000000 D
b11000000000111110010011110000000 <
b10010000001010100011101000100000 L
b1000000001000010010100010000000 ;
b11010000001010110011101010100000 8
b10010000000010100001001000100000 4
1N
b110 J
b11010000000010110001001010100000 H
b101100000001101010100110011000000 E
b11000000000111110010011110000000 =
b10010000001010100011101000100000 B
b10010000001010100011101000100000 ?
b10010000001010100011101000100000 @
b10010000001010100011101000100000 G
0"
b10110010 0
b10110010 1
1&
#3720000
b10110011 /
0-
0&
#3725000
1"
b10010000001010100011101000100000 #
b10010000001010100011101000100000 M
0N
1&
#3730000
1-
b10110100 2
b1110010110 '
b1011111001000100111110010111110 T
b100010011100111011001011000100110 P
b11011010001111011000110010110100 Q
b111001011000000000100101110010 O
b1000 R
b1000 )
b1000 5
b11011010001111011000110010110100 +
b11011010001111011000110010110100 7
b111001011000000000100101110010 *
b111001011000000000100101110010 6
0&
#3735000
b0 A
09
03
0:
b10100 C
b10011100111011001011000100110 D
b1011111001000100111110010111110 <
b1110010110 L
b11100011010111011000010111000110 ;
b11111011011111011000110111110110 8
b11000001000000000100000110000 4
1N
b1000 J
b11011010001111011000110010110100 H
b100010011100111011001011000100110 E
b1011111001000100111110010111110 =
b10010111001000000000000000000000 B
b1110010110 ?
b1110010110 @
b111001011000000000100101110010 G
0"
b10110011 0
b10110011 1
1&
#3740000
b10110100 /
0-
0&
#3745000
1"
b1110010110 #
b1110010110 M
0N
1&
#3750000
1-
b10110101 2
b110111010001010111 '
b11100111101011100000010111010000 T
b11110101011001111110010111101010 P
b10000110110111001111000000001101 Q
b1101110100010101111010111011101 O
b10000110110111001111000000001101 +
b10000110110111001111000000001101 7
b1101110100010101111010111011101 *
b1101110100010101111010111011101 6
0&
#3755000
1:
b0 A
09
0F
b1101 C
b11110101011001111110010111101010 D
b11100111101011100000010111010000 <
b110111010001010111 L
b11101000010101100000010111010000 ;
b11101110110111101111010111011101 8
b110100010001111000000001101 4
1N
b10000110110111001111000000001101 H
b11110101011001111110010111101010 E
b11100111101011100000010111010000 =
b1011110101110111010000000000000 B
b110111010001010111 ?
b110111010001010111 @
b1101110100010101111010111011101 G
0"
b10110100 0
b10110100 1
1&
#3760000
b10110101 /
0-
0&
#3765000
1"
b110111010001010111 #
b110111010001010111 M
0N
1&
#3770000
1-
b10110110 2
b11100010011111001101101111000100 '
b1101000111001000101011011010010 T
b11100010011111001101101111000100 P
b10111100110011000100001001111001 Q
b100101101100001001100101001011 O
b0 R
b0 )
b0 5
b10111100110011000100001001111001 +
b10111100110011000100001001111001 7
b100101101100001001100101001011 *
b100101101100001001100101001011 6
0&
#3775000
0:
b0 A
09
b11001 C
b11100010011111001101101111000100 D
b1101000111001000101011011010010 <
b11100010011111001101101111000100 L
b10011001011111001101101100110010 ;
b10111101111111001101101101111011 8
b100100100000000000000001001001 4
1N
b0 J
b10111100110011000100001001111001 H
b11100010011111001101101111000100 E
b1101000111001000101011011010010 =
b10010110000000000000000000000000 B
b10010 ?
b10010 @
b100101101100001001100101001011 G
0"
b10110101 0
b10110101 1
1&
#3780000
b10110110 /
0-
0&
#3785000
1"
b11100010011111001101101111000100 #
b11100010011111001101101111000100 M
0N
1&
#3790000
1-
b10110111 2
b11001110011000000100000010011100 '
b11010000011100110111010110100001 T
b111001110010101000011111110011011 P
b11111110111100000110010011111101 Q
b11001111011000111101101010011110 O
b11 R
b11 )
b11 5
b11111110111100000110010011111101 +
b11111110111100000110010011111101 7
b11001111011000111101101010011110 *
b11001111011000111101101010011110 6
0&
#3795000
b1 A
19
b11101 C
b11001110010101000011111110011011 D
1F
b11010000011100110111010110100001 <
0>
b11001110011000000100000010011100 L
b110001100100111011111001100011 ;
b11111111111100111111111011111111 8
b11001110011000000100000010011100 4
1N
b11 J
b11111110111100000110010011111101 H
b111001110010101000011111110011011 E
b11010000011100110111010110100001 =
b11000000000000000000000000000000 B
b110 ?
b11111111111111111111111111111110 @
b11001111011000111101101010011110 G
0"
b10110110 0
b10110110 1
1&
#3800000
b10110111 /
0-
0&
#3805000
1"
b11001110011000000100000010011100 #
b11001110011000000100000010011100 M
0N
1&
#3810000
1-
b10111000 2
b11111010000000101010000111110100 '
b101110101111111100101111011101100 T
b100000101110000110100011000001010 P
b1000111111000100111001110001111 Q
b10111101111000001101001001111011 O
b101 R
b101 )
b101 5
b1000111111000100111001110001111 +
b1000111111000100111001110001111 7
b10111101111000001101001001111011 *
b10111101111000001101001001111011 6
0&
#3815000
1:
b1 A
19
1>
b1111 C
b101110000110100011000001010 D
b1110101111111100101111011101100 <
b11111010000000101010000111110100 L
b11111010000000101010000111110100 ;
b11111111111000101111001111111111 8
b101111000000101001000001011 4
1N
b101 J
b1000111111000100111001110001111 H
b100000101110000110100011000001010 E
b101110101111111100101111011101100 =
b1101001001111011000000000000000 B
b10111101111000001 ?
b11111111111111110111101111000001 @
b10111101111000001101001001111011 G
0"
b10110111 0
b10110111 1
1&
#3820000
b10111000 /
0-
0&
#3825000
1"
b11111010000000101010000111110100 #
b11111010000000101010000111110100 M
0N
1&
#3830000
1-
b10111001 2
b10000001110000111001101000000 '
b100010000000000100111000000100000 T
b11110011100001001100001111100110 P
b1110001110000010010100111100011 Q
b10000001110000111001101000000011 O
b111 R
b111 )
b111 5
b1110001110000010010100111100011 +
b1110001110000010010100111100011 7
b10000001110000111001101000000011 *
b10000001110000111001101000000011 6
0&
#3835000
b11 C
b11110011100001001100001111100110 D
0F
b10000000000100111000000100000 <
b10000001110000111001101000000 L
b11110000000000101011001111100000 ;
b11110001110000111011101111100011 8
b1110000010000100000000011 4
1N
b111 J
b1110001110000010010100111100011 H
b11110011100001001100001111100110 E
b100010000000000100111000000100000 =
b1110000111001101000000011000 B
b10000001110000111001101000000 ?
b11110000001110000111001101000000 @
b10000001110000111001101000000011 G
0"
b10111000 0
b10111000 1
1&
#3840000
b10111001 /
0-
0&
#3845000
1"
b10000001110000111001101000000 #
b10000001110000111001101000000 M
0N
1&
#3850000
1-
b10111010 2
b11101001001 '
b10110101100110010000010101101100 T
b1100111100010111000000011001110 P
b1011000111110010011110110110001 Q
b1110100100100100001100011101 O
b1011000111110010011110110110001 +
b1011000111110010011110110110001 7
b1110100100100100001100011101 *
b1110100100100100001100011101 6
0&
#3855000
0:
b10001 C
b1100111100010111000000011001110 D
b10110101100110010000010101101100 <
0>
b11101001001 L
b1010110011010110111111010101100 ;
b1011110111110110111111110111101 8
b1000100100000000000100010001 4
1N
b1011000111110010011110110110001 H
b1100111100010111000000011001110 E
b10110101100110010000010101101100 =
b10000110001110100000000000000000 B
b11101001001 ?
b11101001001 @
b1110100100100100001100011101 G
0"
b10111001 0
b10111001 1
1&
#3860000
b10111010 /
0-
0&
#3865000
1"
b11101001001 #
b11101001001 M
0N
1&
#3870000
1-
b10111011 2
b11101000100011010010001111010001 '
b1010111011101001110001010101111 T
b11101100101011100101101111011001 P
b11001010100111001011110010010101 Q
b100010000100011001111101000100 O
b101 R
b101 )
b101 5
b11001010100111001011110010010101 +
b11001010100111001011110010010101 7
b100010000100011001111101000100 *
b100010000100011001111101000100 6
0&
#3875000
b0 A
09
0:
b10101 C
b11101100101011100101101111011001 D
b1010111011101001110001010101111 <
b11101000100011010010001111010001 L
b11101000100011010010001111010001 ;
b11101010100111011011111111010101 8
b10000100001001110000000100 4
1N
b101 J
b11001010100111001011110010010101 H
b11101100101011100101101111011001 E
b1010111011101001110001010101111 =
b11101000100000000000000000000000 B
b100010000 ?
b100010000 @
b100010000100011001111101000100 G
0"
b10111010 0
b10111010 1
1&
#3880000
b10111011 /
0-
0&
#3885000
1"
b11101000100011010010001111010001 #
b11101000100011010010001111010001 M
0N
1&
#3890000
1-
b10111100 2
b11110000000000010011000011100000 '
b11111001011110111011101111110011 T
b111100110101111101010110111001101 P
b11110110101000010111100011101101 Q
b11110000000111010011010011100000 O
b11 R
b11 )
b11 5
b11110110101000010111100011101101 +
b11110110101000010111100011101101 7
b11110000000111010011010011100000 *
b11110000000111010011010011100000 6
0&
#3895000
b1 A
19
b1101 C
b11100110101111101010110111001101 D
1F
b11111001011110111011101111110011 <
0>
b11110000000000010011000011100000 L
b110101111000100110000001101 ;
b11110110101111010111110011101101 8
b11110000000000010011000011100000 4
1N
b11 J
b11110110101000010111100011101101 H
b111100110101111101010110111001101 E
b11111001011110111011101111110011 =
b10100110100111000000000000000000 B
b1111000000011101001 ?
b11111111111111111000000011101001 @
b11110000000111010011010011100000 G
0"
b10111011 0
b10111011 1
1&
#3900000
b10111100 /
0-
0&
#3905000
1"
b11110000000000010011000011100000 #
b11110000000000010011000011100000 M
0N
1&
#3910000
1-
b10111101 2
b1010010000000000000000000000000 '
b10101101010110111011100101011010 T
b10100101100110000111000101001010 P
b1111100000111100101101111111000 Q
b101001011110100001010101010010 O
b110 R
b110 )
b110 5
b1111100000111100101101111111000 +
b1111100000111100101101111111000 7
b101001011110100001010101010010 *
b101001011110100001010101010010 6
0&
#3915000
b1 A
19
13
0F
b11000 C
b10100101100110000111000101001010 D
b10101101010110111011100101011010 <
b1010010000000000000000000000000 L
b1010101011001000100111010101010 ;
b1111101011111100101111111111010 8
b101000000110100001000101010000 4
1N
b110 J
b1111100000111100101101111111000 H
b10100101100110000111000101001010 E
b10101101010110111011100101011010 =
b1010010000000000000000000000000 B
b101001 ?
b101001 @
b101001011110100001010101010010 G
0"
b10111100 0
b10111100 1
1&
#3920000
b10111101 /
0-
0&
#3925000
1"
b1010010000000000000000000000000 #
b1010010000000000000000000000000 M
0N
1&
#3930000
1-
b10111110 2
b1000110110111 '
b10011101011111001111001100111011 T
b11110000001111000111101111011111 P
b10101001010111111100010001010010 Q
b1000110110111001011011110001101 O
b1000 R
b1000 )
b1000 5
b10101001010111111100010001010010 +
b10101001010111111100010001010010 7
b1000110110111001011011110001101 *
b1000110110111001011011110001101 6
0&
#3935000
03
b0 A
09
1:
b10010 C
b11110000001111000111101111011111 D
b10011101011111001111001100111011 <
b1000110110111 L
b11101111100000110111001111011111 ;
b11101111110111111111011111011111 8
b10111001000010000000000 4
1N
b1000 J
b10101001010111111100010001010010 H
b11110000001111000111101111011111 E
b10011101011111001111001100111011 =
b11011110001101000000000000000000 B
b1000110110111 ?
b1000110110111 @
b1000110110111001011011110001101 G
0"
b10111101 0
b10111101 1
1&
#3940000
b10111110 /
0-
0&
#3945000
1"
b1000110110111 #
b1000110110111 M
0N
1&
#3950000
1-
b10111111 2
b10000110011110011110000100000000 '
b100011110101011101110101000111110 T
b1100101100001001110010011001010 P
b100011011010101111110101000110 Q
b1000010000110011110011110000100 O
b110 R
b110 )
b110 5
b100011011010101111110101000110 +
b100011011010101111110101000110 7
b1000010000110011110011110000100 *
b1000010000110011110011110000100 6
0&
#3955000
0:
1>
b110 C
b1100101100001001110010011001010 D
b11110101011101110101000111110 <
b10000110011110011110000100000000 L
b1100001011100110001101011000010 ;
b1100011011110111111111111000110 8
b10000010001110010100000100 4
1N
b110 J
b100011011010101111110101000110 H
b1100101100001001110010011001010 E
b100011110101011101110101000111110 =
b10000110011110011110000100000000 B
b1000010000110011110011110 ?
b1000010000110011110011110 @
b1000010000110011110011110000100 G
0"
b10111110 0
b10111110 1
1&
#3960000
b10111111 /
0-
0&
#3965000
1"
b10000110011110011110000100000000 #
b10000110011110011110000100000000 M
0N
1&
#3970000
1-
b11000000 2
b10010010100011000000000000000000 '
b101111101111100100001010011111100 T
b100001110100000110001000000011100 P
b1001000010010000111110110010000 Q
b11000110001110101001001010001100 O
b1001000010010000111110110010000 +
b1001000010010000111110110010000 7
b11000110001110101001001010001100 *
b11000110001110101001001010001100 6
0&
#3975000
b1 A
19
03
1:
1F
b10000 C
b1110100000110001000000011100 D
b1111101111100100001010011111100 <
b10010010100011000000000000000000 L
b10001110011100101110111100011100 ;
b11001110011110101111111110011100 8
b1000000000010000001000010000000 4
1N
b1001000010010000111110110010000 H
b100001110100000110001000000011100 E
b101111101111100100001010011111100 =
b10010010100011000000000000000000 B
b1100011000111010 ?
b11111111111111111100011000111010 @
b11000110001110101001001010001100 G
0"
b10111111 0
b10111111 1
1&
#3980000
b11000000 /
0-
0&
#3985000
1"
b10010010100011000000000000000000 #
b10010010100011000000000000000000 M
0N
1&
#3990000
1-
b11000001 2
b10101011000001000101110000000000 '
b11010110101111010101111110101101 T
b1000001000110000010001010000001 P
b110101001011010110000101101010 Q
b1011111010101100000100010111 O
b110101001011010110000101101010 +
b110101001011010110000101101010 7
b1011111010101100000100010111 *
b1011111010101100000100010111 6
0&
#3995000
0:
b1010 C
b1000001000110000010001010000001 D
0F
b11010110101111010101111110101101 <
0>
b10101011000001000101110000000000 L
b111110110001111010000001111101 ;
b111111111011111110000101111111 8
b1001010000100000100000010 4
1N
b110101001011010110000101101010 H
b1000001000110000010001010000001 E
b11010110101111010101111110101101 =
b10101011000001000101110000000000 B
b101111101010110000 ?
b101111101010110000 @
b1011111010101100000100010111 G
0"
b11000000 0
b11000000 1
1&
#4000000
b11000001 /
0-
0&
#4005000
1"
b10101011000001000101110000000000 #
b10101011000001000101110000000000 M
0N
1&
#4010000
1-
b11000010 2
b1000000010110110001010010000000 '
b1101101000111111001101011011010 T
b100010111110101110001010000101110 P
b11010101010110111011110010101010 Q
b1000010011110110101011110000100 O
b11 R
b11 )
b11 5
b11010101010110111011110010101010 +
b11010101010110111011110010101010 7
b1000010011110110101011110000100 *
b1000010011110110101011110000100 6
0&
#4015000
b0 A
09
1F
b10111110101110001010000101110 D
b1101101000111111001101011011010 <
0>
b1000000010110110001010010000000 L
b10010111001000001110101100101110 ;
b11010111011110111111111110101110 8
b1000000010110110001010010000000 4
1N
b11 J
b11010101010110111011110010101010 H
b100010111110101110001010000101110 E
b1101101000111111001101011011010 =
b11101101010111100001000000000000 B
b100001001111011010101 ?
b100001001111011010101 @
b1000010011110110101011110000100 G
0"
b11000001 0
b11000001 1
1&
#4020000
b11000010 /
0-
0&
#4025000
1"
b1000000010110110001010010000000 #
b1000000010110110001010010000000 M
0N
1&
#4030000
1-
b11000011 2
b110000010000100000001001100000 '
b10001110000111010000110100011100 T
b11101110110000010001000111011100 P
b10110000010100100000001001100000 Q
b111110011011110000111101111100 O
b10110000010100100000001001100000 +
b10110000010100100000001001100000 7
b111110011011110000111101111100 *
b111110011011110000111101111100 6
0&
#4035000
1:
b0 A
09
0F
b0 C
b11101110110000010001000111011100 D
b10001110000111010000110100011100 <
b110000010000100000001001100000 L
b10001110001111010000110100011100 ;
b10111110011111110000111101111100 8
b110000010000100000001001100000 4
1N
b10110000010100100000001001100000 H
b11101110110000010001000111011100 E
b10001110000111010000110100011100 =
b111110011011110000111101111100 B
b111110011011110000111101111100 ?
b111110011011110000111101111100 @
b111110011011110000111101111100 G
0"
b11000010 0
b11000010 1
1&
#4040000
b11000011 /
0-
0&
#4045000
1"
b110000010000100000001001100000 #
b110000010000100000001001100000 M
0N
1&
#4050000
1-
b11000100 2
b1010010011011011101000000000000 '
b10010111101010001110110100101111 T
b100100010111010111010111001000101 P
b11000101101000010110000010001011 Q
b1011101010010100100110110111010 O
b110 R
b110 )
b110 5
b11000101101000010110000010001011 +
b11000101101000010110000010001011 7
b1011101010010100100110110111010 *
b1011101010010100100110110111010 6
0&
#4055000
b1011 C
b100010111010111010111001000101 D
1F
b10010111101010001110110100101111 <
b1010010011011011101000000000000 L
b10011000111010110010110100110001 ;
b11011101111010110110110110111011 8
b1000101000000000100000010001010 4
1N
b110 J
b11000101101000010110000010001011 H
b100100010111010111010111001000101 E
b10010111101010001110110100101111 =
b1010010011011011101000000000000 B
b10111010100101001001 ?
b10111010100101001001 @
b1011101010010100100110110111010 G
0"
b11000011 0
b11000011 1
1&
#4060000
b11000100 /
0-
0&
#4065000
1"
b1010010011011011101000000000000 #
b1010010011011011101000000000000 M
0N
1&
#4070000
1-
b11000101 2
b11010011100111111111111010100111 '
b101000000100110101110000010000001 T
b101100101101000010001110011001011 P
b10010010100000110001111000100101 Q
b11010011000111011111111010100110 O
b100 R
b100 )
b100 5
b10010010100000110001111000100101 +
b10010010100000110001111000100101 7
b11010011000111011111111010100110 *
b11010011000111011111111010100110 6
0&
#4075000
13
0:
b101 C
b1100101101000010001110011001011 D
b1000000100110101110000010000001 <
1>
b11010011100111111111111010100111 L
b1000001100111101110000010000011 ;
b11010011100111111111111010100111 8
b10010010000000010001111000100100 4
1N
b100 J
b10010010100000110001111000100101 H
b101100101101000010001110011001011 E
b101000000100110101110000010000001 =
b1100011101111111101010011000000 B
b110100110001110111111110101 ?
b11111110100110001110111111110101 @
b11010011000111011111111010100110 G
0"
b11000100 0
b11000100 1
1&
#4080000
b11000101 /
0-
0&
#4085000
1"
b11010011100111111111111010100111 #
b11010011100111111111111010100111 M
0N
1&
#4090000
1-
b11000110 2
b1001000000000000111111010010000 '
b1001000000000000111111010010000 T
b11101010000010101000011111010100 P
b11010001000001010000010010100010 Q
b11001000001011000001100110010 O
b1 R
b1 )
b1 5
b11010001000001010000010010100010 +
b11010001000001010000010010100010 7
b11001000001011000001100110010 *
b11001000001011000001100110010 6
0&
#4095000
0K
0:
b0 A
09
03
b10 C
b11101010000010101000011111010100 D
0F
b1001000000000000111111010010000 <
0>
0I
b1001000000000000111111010010000 L
b11001000000000001000011110010000 ;
b11011001000001011000011110110010 8
b10001000001010000000000100010 4
1N
b1 J
b11010001000001010000010010100010 H
b11101010000010101000011111010100 E
b1001000000000000111111010010000 =
b1100100000101100000110011001000 B
b110010000010110000011001100 ?
b110010000010110000011001100 @
b11001000001011000001100110010 G
0"
b11000101 0
b11000101 1
1&
#4100000
b11000110 /
0-
0&
#4105000
1"
b1001000000000000111111010010000 #
b1001000000000000111111010010000 M
0N
1&
#4110000
1-
b11000111 2
b10101110111011111111110001011101 '
b100011010001010101100110000110101 T
b100101110111101000010110001011101 P
b10001010011001001011000000010100 Q
b10100100100011110111110001001001 O
b100 R
b100 )
b100 5
b10001010011001001011000000010100 +
b10001010011001001011000000010100 7
b10100100100011110111110001001001 *
b10100100100011110111110001001001 6
0&
#4115000
13
b0 A
09
1>
b10100 C
b101110111101000010110001011101 D
1F
b11010001010101100110000110101 <
b10101110111011111111110001011101 L
b101110111010111100110001011101 ;
b10101110111011111111110001011101 8
b10000000000001000011000000000000 4
1N
b100 J
b10001010011001001011000000010100 H
b100101110111101000010110001011101 E
b100011010001010101100110000110101 =
b11000100100100000000000000000000 B
b101001001000 ?
b11111111111111111111101001001000 @
b10100100100011110111110001001001 G
0"
b11000110 0
b11000110 1
1&
#4120000
b11000111 /
0-
0&
#4125000
1"
b10101110111011111111110001011101 #
b10101110111011111111110001011101 M
0N
1&
#4130000
1-
b11001000 2
b1 '
1S
b101111000110101111011110011110010 T
b11000100101110111100001110001000 P
b100101111100100000001101001011 Q
b10011110110010011100000000111101 O
b10 R
b10 )
b10 5
b100101111100100000001101001011 +
b100101111100100000001101001011 7
b10011110110010011100000000111101 *
b10011110110010011100000000111101 6
0&
#4135000
b1 A
19
03
1:
0F
b1011 C
b11000100101110111100001110001000 D
b1111000110101111011110011110010 <
b1 L
b10111011001110111100001101110110 ;
b10111111111110111100001101111111 8
b100110000000000000000001001 4
1N
b10 J
b100101111100100000001101001011 H
b11000100101110111100001110001000 E
b101111000110101111011110011110010 =
b1001110000000011110100000000000 B
b100111101100100111000 ?
b11111111111100111101100100111000 @
b10011110110010011100000000111101 G
0"
b11000111 0
b11000111 1
1&
#4140000
b11001000 /
0-
0&
#4145000
1"
b1 #
b1 M
0N
1&
#4150000
1-
b11001001 2
b110100000110000010111000000000 '
b110001010110101111011101100010101 T
b11010001111110001010010110100011 P
b100011100100000111010101000111 Q
b10101110011010000011000001011100 O
b110 R
b110 )
b110 5
b100011100100000111010101000111 +
b100011100100000111010101000111 7
b10101110011010000011000001011100 *
b10101110011010000011000001011100 6
0&
#4155000
0:
b1 A
19
b111 C
b11010001111110001010010110100011 D
b10001010110101111011101100010101 <
b110100000110000010111000000000 L
b10001101111110000100010100011011 ;
b10101111111110000111010101011111 8
b100010000000000011000001000100 4
1N
b110 J
b100011100100000111010101000111 H
b11010001111110001010010110100011 E
b110001010110101111011101100010101 =
b110100000110000010111000000000 B
b1010111001101000001100000 ?
b11111111010111001101000001100000 @
b10101110011010000011000001011100 G
0"
b11001000 0
b11001000 1
1&
#4160000
b11001001 /
0-
0&
#4165000
1"
b110100000110000010111000000000 #
b110100000110000010111000000000 M
0N
1&
#4170000
1-
b11001010 2
b10100110100011110001110101001101 '
b10100110100011110001110101001101 T
b11011111111011100001000110111111 P
b10011100101011110111101000111001 Q
b1000011001111101001011110000110 O
b1 R
b1 )
b1 5
b10011100101011110111101000111001 +
b10011100101011110111101000111001 7
b1000011001111101001011110000110 *
b1000011001111101001011110000110 6
0&
#4175000
b0 A
09
1K
1:
0>
b11001 C
b11011111111011100001000110111111 D
b10100110100011110001110101001101 <
0I
b10100110100011110001110101001101 L
b11011111100100011110110110111111 ;
b11011111101111111111111110111111 8
b1011100001001000000000 4
1N
b1 J
b10011100101011110111101000111001 H
b11011111111011100001000110111111 E
b10100110100011110001110101001101 =
b1100000000000000000000000000 B
b100001 ?
b100001 @
b1000011001111101001011110000110 G
0"
b11001001 0
b11001001 1
1&
#4180000
b11001010 /
0-
0&
#4185000
1$
1"
b10100110100011110001110101001101 #
b10100110100011110001110101001101 M
0N
1&
#4190000
1-
b11001011 2
b11111111111111111101101000000101 '
b101110001101100111010010011100100 T
b101000010010101110111000010000100 P
b1101000010100011110010111010000 Q
b11011010000001011000101010110100 O
b1000 R
b1000 )
b1000 5
b1101000010100011110010111010000 +
b1101000010100011110010111010000 7
b11011010000001011000101010110100 *
b11011010000001011000101010110100 6
0&
#4195000
b1 A
19
1:
b10000 C
b1000010010101110111000010000100 D
1F
b1110001101100111010010011100100 <
1>
0K
b11111111111111111101101000000101 L
b10110010010101000110111101100100 ;
b11111010010101011110111111110100 8
b1001000000000011000000010010000 4
1N
b1000 J
b1101000010100011110010111010000 H
b101000010010101110111000010000100 E
b101110001101100111010010011100100 =
b10001010101101000000000000000000 B
b1101101000000101 ?
b11111111111111111101101000000101 @
b11011010000001011000101010110100 G
0"
b11001010 0
b11001010 1
1&
#4200000
b11001011 /
0-
0&
#4205000
0$
1"
b11111111111111111101101000000101 #
b11111111111111111101101000000101 M
0N
1&
#4210000
1-
b11001100 2
b11011100100111101001010110111000 '
b101001111101001100000101010100000 T
b11011100100111101001010110111000 P
b1000110011111000100010110001100 Q
b10010110001000100101000000101100 O
b0 R
b0 )
b0 5
b1000110011111000100010110001100 +
b1000110011111000100010110001100 7
b10010110001000100101000000101100 *
b10010110001000100101000000101100 6
0&
#4215000
b1100 C
b11011100100111101001010110111000 D
0F
b1001111101001100000101010100000 <
0I
b11011100100111101001010110111000 L
b11010000010111100001010110100000 ;
b11010110011111100101010110101100 8
b110001000000100000000001100 4
1N
b0 J
b1000110011111000100010110001100 H
b11011100100111101001010110111000 E
b101001111101001100000101010100000 =
b100101000000101100000000000000 B
b10010110001000100101 ?
b11111111111110010110001000100101 @
b10010110001000100101000000101100 G
0"
b11001011 0
b11001011 1
1&
#4220000
b11001100 /
0-
0&
#4225000
1"
b11011100100111101001010110111000 #
b11011100100111101001010110111000 M
0N
1&
#4230000
1-
b11001101 2
b10111001000010111111011101110001 '
b1001110110001110111011010011101 T
b10111001000010111111011101110001 P
b10110101001000100100000001101010 Q
b11111010011011011100000111 O
b10110101001000100100000001101010 +
b10110101001000100100000001101010 7
b11111010011011011100000111 *
b11111010011011011100000111 6
0&
#4235000
b0 A
09
0:
b1010 C
b10111001000010111111011101110001 D
b1001110110001110111011010011101 <
0>
b10111001000010111111011101110001 L
b10110110110010111111011101101101 ;
b10110111111010111111011101101111 8
b1001000000000000000000010 4
1N
b10110101001000100100000001101010 H
b10111001000010111111011101110001 E
b1001110110001110111011010011101 =
b10100110110111000001110000000000 B
b1111101001101101 ?
b1111101001101101 @
b11111010011011011100000111 G
0"
b11001100 0
b11001100 1
1&
#4240000
b11001101 /
0-
0&
#4245000
1"
b10111001000010111111011101110001 #
b10111001000010111111011101110001 M
0N
1&
#4250000
1-
b11001110 2
b10001001010111111001 '
b10010100001010101111100100101001 T
b1111101000000001111100011111001 P
b1110100011010101111111111101000 Q
b1000100101011111100100010001 O
b111 R
b111 )
b111 5
b1110100011010101111111111101000 +
b1110100011010101111111111101000 7
b1000100101011111100100010001 *
b1000100101011111100100010001 6
0&
#4255000
b1 A
19
b1000 C
b1111101000000001111100011111001 D
b10010100001010101111100100101001 <
b10001001010111111001 L
b1111100111111110000011011111001 ;
b1111100111111111111111111111001 8
b1111100100000000 4
1N
b111 J
b1110100011010101111111111101000 H
b1111101000000001111100011111001 E
b10010100001010101111100100101001 =
b10010101111110010001000100000000 B
b10001001010111111001 ?
b10001001010111111001 @
b1000100101011111100100010001 G
0"
b11001101 0
b11001101 1
1&
#4260000
b11001110 /
0-
0&
#4265000
1"
b10001001010111111001 #
b10001001010111111001 M
0N
1&
#4270000
1-
b11001111 2
b100001111001001000000001000011 '
b101101100000000110001110011011000 T
b11011111110011000001111110111110 P
b111001111001001000000101110011 Q
b10100101111001111001111001001011 O
b11 R
b11 )
b11 5
b111001111001001000000101110011 +
b111001111001001000000101110011 7
b10100101111001111001111001001011 *
b10100101111001111001111001001011 6
0&
#4275000
1:
b1 A
19
03
b10011 C
b11011111110011000001111110111110 D
b1101100000000110001110011011000 <
1>
b100001111001001000000001000011 L
b10011100000000110001111100111000 ;
b10111101111001111001111101111011 8
b100001111001001000000001000011 4
1N
b11 J
b111001111001001000000101110011 H
b11011111110011000001111110111110 E
b101101100000000110001110011011000 =
b11110010010110000000000000000000 B
b1010010111100 ?
b11111111111111111111010010111100 @
b10100101111001111001111001001011 G
0"
b11001110 0
b11001110 1
1&
#4280000
b11001111 /
0-
0&
#4285000
1"
b100001111001001000000001000011 #
b100001111001001000000001000011 M
0N
1&
#4290000
1-
b11010000 2
1(
b0 '
0S
b101100100001010110101011011001001 T
b10001000001001110110000100001111 P
b10001111111100000010100100011 Q
b1110110001010010101101111101100 O
b10 R
b10 )
b10 5
b10001111111100000010100100011 +
b10001111111100000010100100011 7
b1110110001010010101101111101100 *
b1110110001010010101101111101100 6
0&
#4295000
13
b0 A
09
0:
b11 C
b10001000001001110110000100001111 D
b1100100001010110101011011001001 <
b0 L
b1100111110101110101111011001111 ;
b1110111111111110101111111101111 8
b10000001010000000000100100000 4
1N
b10 J
b10001111111100000010100100011 H
b10001000001001110110000100001111 E
b101100100001010110101011011001001 =
b10110001010010101101111101100000 B
b1110110001010010101101111101 ?
b1110110001010010101101111101 @
b1110110001010010101101111101100 G
0"
b11001111 0
b11001111 1
1&
#4300000
b11010000 /
0-
0&
#4305000
1!
1"
b0 #
b0 M
0N
1&
#4310000
1-
b11010001 2
0(
b110110111011111000101001101101 '
b11101101001011011000100111011011 T
b10110110111100000101010101101101 P
b1100100111000010110010111001001 Q
b1010010000011101110111110100100 O
b101 R
b101 )
b101 5
b1100100111000010110010111001001 +
b1100100111000010110010111001001 7
b1010010000011101110111110100100 *
b1010010000011101110111110100100 6
0&
#4315000
b1 A
19
0>
b1001 C
b10110110111100000101010101101101 D
b11101101001011011000100111011011 <
b110110111011111000101001101101 L
b110110111011111000101001101101 ;
b1110110111011111110111111101101 8
b1000000000000000110010110000000 4
1N
b101 J
b1100100111000010110010111001001 H
b10110110111100000101010101101101 E
b11101101001011011000100111011011 =
b11101110111110100100000000000 B
b1010010000011101110111 ?
b1010010000011101110111 @
b1010010000011101110111110100100 G
0"
b11010000 0
b11010000 1
1&
#4320000
b11010001 /
0-
0&
#4325000
0!
1"
b110110111011111000101001101101 #
b110110111011111000101001101101 M
0N
1&
#4330000
1-
b11010010 2
b1 '
1S
b10101101001000111001000101011010 T
b110001100001010100111011100011000 P
b11101111100000110111001011011111 Q
b10011100101001110000010000111001 O
b10 R
b10 )
b10 5
b11101111100000110111001011011111 +
b11101111100000110111001011011111 7
b10011100101001110000010000111001 *
b10011100101001110000010000111001 6
0&
#4335000
b1 A
19
03
b11111 C
b10001100001010100111011100011000 D
1F
b10101101001000111001000101011010 <
0>
b1 L
b1110011001001000111011011100110 ;
b11111111101001110111011011111111 8
b10001100100000110000000000011001 4
1N
b10 J
b11101111100000110111001011011111 H
b110001100001010100111011100011000 E
b10101101001000111001000101011010 =
b10000000000000000000000000000000 B
b1 ?
b11111111111111111111111111111111 @
b10011100101001110000010000111001 G
0"
b11010001 0
b11010001 1
1&
#4340000
b11010010 /
0-
0&
#4345000
1"
b1 #
b1 M
0N
1&
#4350000
1-
b11010011 2
b11111011110110110111010111110111 '
b110110110110101001010111101101101 T
b100011101110110110111101000111011 P
b110011100000110110010101100111 Q
b11101010010110000001010011010100 O
b100 R
b100 )
b100 5
b110011100000110110010101100111 +
b110011100000110110010101100111 7
b11101010010110000001010011010100 *
b11101010010110000001010011010100 6
0&
#4355000
1>
b1110101001011000000101001 ?
b11111111110101001011000000101001 @
b111 C
b11101110110110111101000111011 D
b10110110110101001010111101101101 <
b11111011110110110111010111110111 L
b11011001110110110111000110110011 ;
b11111011110110110111010111110111 8
b100010000000000000010001000100 4
1N
b100 J
b110011100000110110010101100111 H
b100011101110110110111101000111011 E
b110110110110101001010111101101101 =
b101100000010100110101000000000 B
b11101010010110000001010011010100 G
0"
b11010010 0
b11010010 1
1&
#4360000
b11010011 /
0-
0&
#4365000
1"
b11111011110110110111010111110111 #
b11111011110110110111010111110111 M
0N
1&
#4370000
1-
b11010100 2
b1 '
b11110110011011110001101111101101 T
b10100110110100010110011101001101 P
b1011000001100010010010110110000 Q
b1001110101000000100000110011101 O
b10 R
b10 )
b10 5
b1011000001100010010010110110000 +
b1011000001100010010010110110000 7
b1001110101000000100000110011101 *
b1001110101000000100000110011101 6
0&
#4375000
13
b1 A
19
0>
b10000 C
b10100110110100010110011101001101 D
0F
b11110110011011110001101111101101 <
b1 L
b10110100100010110010000101101 ;
b1011110101100010110010110111101 8
b1001000001000000000000110010000 4
1N
b10 J
b1011000001100010010010110110000 H
b10100110110100010110011101001101 E
b11110110011011110001101111101101 =
b1000001100111010000000000000000 B
b100111010100000 ?
b100111010100000 @
b1001110101000000100000110011101 G
0"
b11010011 0
b11010011 1
1&
#4380000
b11010100 /
0-
0&
#4385000
1"
b1 #
b1 M
0N
1&
#4390000
1-
b11010101 2
b1100101110000101000011011001011 '
b100011100001111010111101000111001 T
b1100101111000101111100011001011 P
b100100110100101011111101001001 Q
b1000001000100000011100110000010 O
b101 R
b101 )
b101 5
b100100110100101011111101001001 +
b100100110100101011111101001001 7
b1000001000100000011100110000010 *
b1000001000100000011100110000010 6
0&
#4395000
b0 A
09
03
1>
b1001 C
b1100101111000101111100011001011 D
b11100001111010111101000111001 <
b1100101110000101000011011001011 L
b1100101110000101000011011001011 ;
b1100101110100101011111111001011 8
b100000011100100000000 4
1N
b101 J
b100100110100101011111101001001 H
b1100101111000101111100011001011 E
b100011100001111010111101000111001 =
b100000011100110000010000000000 B
b1000001000100000011100 ?
b1000001000100000011100 @
b1000001000100000011100110000010 G
0"
b11010100 0
b11010100 1
1&
#4400000
b11010101 /
0-
0&
#4405000
1"
b1100101110000101000011011001011 #
b1100101110000101000011011001011 M
0N
1&
#4410000
1-
b11010110 2
b1 '
b111011100101110000110001110111001 T
b11111100101110011101000111111001 P
b10000000000001011011100100000 Q
b11101100101110010001101011011001 O
b10 R
b10 )
b10 5
b10000000000001011011100100000 +
b10000000000001011011100100000 7
b11101100101110010001101011011001 *
b11101100101110010001101011011001 6
0&
#4415000
b1 A
19
03
0:
b0 C
b11111100101110011101000111111001 D
b11011100101110000110001110111001 <
b1 L
b11111100101110011010110111111001 ;
b11111100101110011011111111111001 8
b1001000000000 4
1N
b10 J
b10000000000001011011100100000 H
b11111100101110011101000111111001 E
b111011100101110000110001110111001 =
b11101100101110010001101011011001 B
b11101100101110010001101011011001 ?
b11101100101110010001101011011001 @
b11101100101110010001101011011001 G
0"
b11010101 0
b11010101 1
1&
#4420000
b11010110 /
0-
0&
#4425000
1"
b1 #
b1 M
0N
1&
#4430000
1-
b11010111 2
b1000111000000 '
b101000100010100111101110010001001 T
b11010111101101101011101110101111 P
b1001001101100010110111110010011 Q
b10001110000001010100110000011100 O
b111 R
b111 )
b111 5
b1001001101100010110111110010011 +
b1001001101100010110111110010011 7
b10001110000001010100110000011100 *
b10001110000001010100110000011100 6
0&
#4435000
1:
b1 A
19
b10011 C
b11010111101101101011101110101111 D
b1000100010100111101110010001001 <
b1000111000000 L
b11000111101101000010001110001111 ;
b11001111101101010110111110011111 8
b1000000000010100110000010000 4
1N
b111 J
b1001001101100010110111110010011 H
b11010111101101101011101110101111 E
b101000100010100111101110010001001 =
b1100000111000000000000000000000 B
b1000111000000 ?
b11111111111111111111000111000000 @
b10001110000001010100110000011100 G
0"
b11010110 0
b11010110 1
1&
#4440000
b11010111 /
0-
0&
#4445000
1"
b1000111000000 #
b1000111000000 M
0N
1&
#4450000
1-
b11011000 2
1(
b0 '
0S
b11011100011010001101111110111001 T
b100000110111111111110010000001101 P
b10010101010010111000001000101010 Q
b1110001101101000110000111100011 O
b10 R
b10 )
b10 5
b10010101010010111000001000101010 +
b10010101010010111000001000101010 7
b1110001101101000110000111100011 *
b1110001101101000110000111100011 6
0&
#4455000
b0 A
09
1:
0>
1F
b1010 C
b110111111111110010000001101 D
b11011100011010001101111110111001 <
b0 L
b11100100111111111110001111001001 ;
b11110101111111111110001111101011 8
b10001000000000000000000100010 4
1N
b10 J
b10010101010010111000001000101010 H
b100000110111111111110010000001101 E
b11011100011010001101111110111001 =
b11010001100001111000110000000000 B
b111000110110100011000 ?
b111000110110100011000 @
b1110001101101000110000111100011 G
0"
b11010111 0
b11010111 1
1&
#4460000
b11011000 /
0-
0&
#4465000
1!
1"
b0 #
b0 M
0N
1&
#4470000
1-
b11011001 2
0(
b11101110111101111111111011011101 '
b100110101100110101100101001101011 T
b110010011010010010010011100100101 P
b10101110110101110010111001011101 Q
b11100100011100011111100011001000 O
b100 R
b100 )
b100 5
b10101110110101110010111001011101 +
b10101110110101110010111001011101 7
b11100100011100011111100011001000 *
b11100100011100011111100011001000 6
0&
#4475000
0:
b11101 C
b10010011010010010010011100100101 D
b110101100110101100101001101011 <
1>
b11101110111101111111111011011101 L
b1001010101001101101011010010101 ;
b11101110111101111111111011011101 8
b10100100010100010010100001001000 4
1N
b100 J
b10101110110101110010111001011101 H
b110010011010010010010011100100101 E
b100110101100110101100101001101011 =
b0 B
b111 ?
b11111111111111111111111111111111 @
b11100100011100011111100011001000 G
0"
b11011000 0
b11011000 1
1&
#4480000
b11011001 /
0-
0&
#4485000
0!
1"
b11101110111101111111111011011101 #
b11101110111101111111111011011101 M
0N
1&
#4490000
1-
b11011010 2
b1011111001111111011110110111110 '
b11011011000110001111001110110110 T
b1011111011001100100011010111110 P
b1000010001001101010100110000100 Q
b11101001111111001110100111010 O
b1000010001001101010100110000100 +
b1000010001001101010100110000100 7
b11101001111111001110100111010 *
b11101001111111001110100111010 6
0&
#4495000
b1 A
19
03
b100 C
b1011111011001100100011010111110 D
0F
b11011011000110001111001110110110 <
0>
b1011111001111111011110110111110 L
b1011111000110010011010010111110 ;
b1011111001111111011110110111110 8
b1001101000100100000000 4
1N
b1000010001001101010100110000100 H
b1011111011001100100011010111110 E
b11011011000110001111001110110110 =
b11010011111110011101001110100000 B
b1110100111111100111010011 ?
b1110100111111100111010011 @
b11101001111111001110100111010 G
0"
b11011001 0
b11011001 1
1&
#4500000
b11011010 /
0-
0&
#4505000
1"
b1011111001111111011110110111110 #
b1011111001111111011110110111110 M
0N
1&
#4510000
1-
b11011011 2
b1 '
1S
b101111001000111000010100011110010 T
b10110010001101110010011101100100 P
b11100100011010111111100111001 Q
b10010101101010011010100000101011 O
b10 R
b10 )
b10 5
b11100100011010111111100111001 +
b11100100011010111111100111001 7
b10010101101010011010100000101011 *
b10010101101010011010100000101011 6
0&
#4515000
1:
b1 A
19
03
b11001 C
b10110010001101110010011101100100 D
b1111001000111000010100011110010 <
1>
b1 L
b10001001001001001101011100010010 ;
b10011101101011011111111100111011 8
b10100100010010010100000101001 4
1N
b10 J
b11100100011010111111100111001 H
b10110010001101110010011101100100 E
b101111001000111000010100011110010 =
b1010110000000000000000000000000 B
b1001010 ?
b11111111111111111111111111001010 @
b10010101101010011010100000101011 G
0"
b11011010 0
b11011010 1
1&
#4520000
b11011011 /
0-
0&
#4525000
1"
b1 #
b1 M
0N
1&
#4530000
1-
b11011100 2
b100000000000000001110001000000 '
b11100000000000000001101111000000 T
b100110010111111100001110001100100 P
b10101001011111110000000001010010 Q
b10001001011111110001110000010010 O
b101 R
b101 )
b101 5
b10101001011111110000000001010010 +
b10101001011111110000000001010010 7
b10001001011111110001110000010010 *
b10001001011111110001110000010010 6
0&
#4535000
13
0:
0>
1F
b10010 C
b110010111111100001110001100100 D
b11100000000000000001101111000000 <
b100000000000000001110001000000 L
b100000000000000001110001000000 ;
b10101001011111110001110001010010 8
b10001001011111110000000000010010 4
1N
b101 J
b10101001011111110000000001010010 H
b100110010111111100001110001100100 E
b11100000000000000001101111000000 =
b1110000010010000000000000000000 B
b10001001011111 ?
b11111111111111111110001001011111 @
b10001001011111110001110000010010 G
0"
b11011011 0
b11011011 1
1&
#4540000
b11011100 /
0-
0&
#4545000
1"
b100000000000000001110001000000 #
b100000000000000001110001000000 M
0N
1&
#4550000
1-
b11011101 2
b11000100101011110001111110001001 '
b1000100010110001111001010001001 T
b100010100101100000010000000101001 P
b11101000001010111001011011010000 Q
b101100100001001000100101011001 O
b11101000001010111001011011010000 +
b11101000001010111001011011010000 7
b101100100001001000100101011001 *
b101100100001001000100101011001 6
0&
#4555000
b0 A
09
03
0:
b10000 C
b10100101100000010000000101001 D
b1000100010110001111001010001001 <
b11000100101011110001111110001001 L
b11000100101011110001111110001001 ;
b11101100101011111001111111011001 8
b101000000000001000000001010000 4
1N
b11101000001010111001011011010000 H
b100010100101100000010000000101001 E
b1000100010110001111001010001001 =
b10001001010110010000000000000000 B
b10110010000100 ?
b10110010000100 @
b101100100001001000100101011001 G
0"
b11011100 0
b11011100 1
1&
#4560000
b11011101 /
0-
0&
#4565000
1"
b11000100101011110001111110001001 #
b11000100101011110001111110001001 M
0N
1&
#4570000
1-
b11011110 2
b1 '
b101101011011001001100000011010111 T
b100000011010011110001010000000101 P
b1001011111101010010100110010111 Q
b10110111010110011110101001101110 O
b10 R
b10 )
b10 5
b1001011111101010010100110010111 +
b1001011111101010010100110010111 7
b10110111010110011110101001101110 *
b10110111010110011110101001101110 6
0&
#4575000
b1 A
19
1:
1>
b10111 C
b11010011110001010000000101 D
b1101011011001001100000011010111 <
b1 L
b11111100101011001100001111111001 ;
b11111111111111011110101111111111 8
b11010100010010100000000110 4
1N
b10 J
b1001011111101010010100110010111 H
b100000011010011110001010000000101 E
b101101011011001001100000011010111 =
b110111000000000000000000000000 B
b101101110 ?
b11111111111111111111111101101110 @
b10110111010110011110101001101110 G
0"
b11011101 0
b11011101 1
1&
#4580000
b11011110 /
0-
0&
#4585000
1"
b1 #
b1 M
0N
1&
#4590000
1-
b11011111 2
b1101101100010111000011111 '
b100011010001110010001000000110101 T
b11000000110111011111111110000001 P
b1010011010100100111011110100110 Q
b1101101100010111000011111011011 O
b111 R
b111 )
b111 5
b1010011010100100111011110100110 +
b1010011010100100111011110100110 7
b1101101100010111000011111011011 *
b1101101100010111000011111011011 6
0&
#4595000
13
b0 A
09
0:
b110 C
b11000000110111011111111110000001 D
0F
b11010001110010001000000110101 <
b1101101100010111000011111 L
b111110110110011111000001111101 ;
b1111111110110111111011111111111 8
b1000001000000100000011110000010 4
1N
b111 J
b1010011010100100111011110100110 H
b11000000110111011111111110000001 E
b100011010001110010001000000110101 =
b1100010111000011111011011000000 B
b1101101100010111000011111 ?
b1101101100010111000011111 @
b1101101100010111000011111011011 G
0"
b11011110 0
b11011110 1
1&
#4600000
b11011111 /
0-
0&
#4605000
1"
b1101101100010111000011111 #
b1101101100010111000011111 M
0N
1&
#4610000
1-
b11100000 2
b11011101111111110100111110111011 '
b11011101000011000101011110111011 T
b11011101111111110100111110111011 P
b10000000011110010111110000000000 Q
b1011101100001011101001110111011 O
b0 R
b0 )
b0 5
b10000000011110010111110000000000 +
b10000000011110010111110000000000 7
b1011101100001011101001110111011 *
b1011101100001011101001110111011 6
0&
#4615000
1:
03
b0 A
09
0>
b0 C
b11011101111111110100111110111011 D
b11011101000011000101011110111011 <
0K
b11011101111111110100111110111011 L
b11011101111111001010111110111011 ;
b11011101111111011111111110111011 8
b10101000000000000 4
1N
b0 J
b10000000011110010111110000000000 H
b11011101111111110100111110111011 E
b11011101000011000101011110111011 =
b1011101100001011101001110111011 B
b1011101100001011101001110111011 ?
b1011101100001011101001110111011 @
b1011101100001011101001110111011 G
0"
b11011111 0
b11011111 1
1&
#4620000
b11100000 /
0-
0&
#4625000
1"
b11011101111111110100111110111011 #
b11011101111111110100111110111011 M
0N
1&
#4630000
1-
b11100001 2
b1 '
b11010010111110110111010110100110 T
b100111100110011010010001001111000 P
b10110100111010001101011001101001 Q
b10000111111001000100110000001111 O
b10 R
b10 )
b10 5
b10110100111010001101011001101001 +
b10110100111010001101011001101001 7
b10000111111001000100110000001111 *
b10000111111001000100110000001111 6
0&
#4635000
b1 A
19
13
0:
b1001 C
b111100110011010010001001111000 D
1F
b11010010111110110111010110100110 <
0>
b1 L
b110011000011001001101001100110 ;
b10110111111011001101111001101111 8
b10000100111000000100010000001001 4
1N
b10 J
b10110100111010001101011001101001 H
b100111100110011010010001001111000 E
b11010010111110110111010110100110 =
b11001000100110000001111000000000 B
b10000111111001000100110 ?
b11111111110000111111001000100110 @
b10000111111001000100110000001111 G
0"
b11100000 0
b11100000 1
1&
#4640000
b11100001 /
0-
0&
#4645000
1"
b1 #
b1 M
0N
1&
#4650000
1-
b11100010 2
b11111111111111111111111111000011 '
b101011001101010110100100010110011 T
b10110010111110110111101101100101 P
b101100101010000001100101011001 Q
b10000110010100110110001000001100 O
b1000 R
b1000 )
b1000 5
b101100101010000001100101011001 +
b101100101010000001100101011001 7
b10000110010100110110001000001100 *
b10000110010100110110001000001100 6
0&
#4655000
1:
b1 A
19
03
1>
0F
b11001 C
b10110010111110110111101101100101 D
b1011001101010110100100010110011 <
b11111111111111111111111111000011 L
b10101010111110110111101101010101 ;
b10101110111110110111101101011101 8
b100000000000000000000001000 4
1N
b1000 J
b101100101010000001100101011001 H
b10110010111110110111101101100101 E
b101011001101010110100100010110011 =
b11000000000000000000000000000 B
b1000011 ?
b11111111111111111111111111000011 @
b10000110010100110110001000001100 G
0"
b11100001 0
b11100001 1
1&
#4660000
b11100010 /
0-
0&
#4665000
1"
b11111111111111111111111111000011 #
b11111111111111111111111111000011 M
0N
1&
#4670000
1-
b11100011 2
b1100010111111010 '
b11111011001001100001001111110110 T
b11001010110101000111111110010100 P
b1100111110101110011010111001111 Q
b1100010111111010100100111000101 O
b1100111110101110011010111001111 +
b1100111110101110011010111001111 7
b1100010111111010100100111000101 *
b1100010111111010100100111000101 6
0&
#4675000
13
0:
0>
b1111 C
b11001010110101000111111110010100 D
b11111011001001100001001111110110 <
b1100010111111010 L
b101001010100111110000001010 ;
b1100111111111110111110111001111 8
b1100010110101010000000111000101 4
1N
b1100111110101110011010111001111 H
b11001010110101000111111110010100 E
b11111011001001100001001111110110 =
b10100100111000101000000000000000 B
b1100010111111010 ?
b1100010111111010 @
b1100010111111010100100111000101 G
0"
b11100010 0
b11100010 1
1&
#4680000
b11100011 /
0-
0&
#4685000
1"
b1100010111111010 #
b1100010111111010 M
0N
1&
#4690000
1-
b11100100 2
b11101000111111011111110111010001 '
b10011111010101010000110100111111 T
b11110001000111101011110111100001 P
b10101000111001001101100001010001 Q
b1001000001110011110010110010000 O
b100 R
b100 )
b100 5
b10101000111001001101100001010001 +
b10101000111001001101100001010001 7
b1001000001110011110010110010000 *
b1001000001110011110010110010000 6
0&
#4695000
03
b0 A
09
1:
b10001 C
b11110001000111101011110111100001 D
b10011111010101010000110100111111 <
b11101000111111011111110111010001 L
b11100000110111010011110111000001 ;
b11101000111111011111110111010001 8
b1000001000001100000000010000 4
1N
b100 J
b10101000111001001101100001010001 H
b11110001000111101011110111100001 E
b10011111010101010000110100111111 =
b11001011001000000000000000000000 B
b10010000011100 ?
b10010000011100 @
b1001000001110011110010110010000 G
0"
b11100011 0
b11100011 1
1&
#4700000
b11100100 /
0-
0&
#4705000
1"
b11101000111111011111110111010001 #
b11101000111111011111110111010001 M
0N
1&
#4710000
1-
b11100101 2
b110100100000000000000000000000 '
b101111001011101011101011011110010 T
b11110000011111010111000111100000 P
b111011100000111100110101110111 Q
b10110100111110011010010001101001 O
b110 R
b110 )
b110 5
b111011100000111100110101110111 +
b111011100000111100110101110111 7
b10110100111110011010010001101001 *
b10110100111110011010010001101001 6
0&
#4715000
b1 A
19
1:
b10111 C
b11110000011111010111000111100000 D
b1111001011101011101011011110010 <
1>
b110100100000000000000000000000 L
b10001111011110100110100100011110 ;
b10111111111110111110110101111111 8
b110000100000011000010001100001 4
1N
b110 J
b111011100000111100110101110111 H
b11110000011111010111000111100000 E
b101111001011101011101011011110010 =
b110100100000000000000000000000 B
b101101001 ?
b11111111111111111111111101101001 @
b10110100111110011010010001101001 G
0"
b11100100 0
b11100100 1
1&
#4720000
b11100101 /
0-
0&
#4725000
1"
b110100100000000000000000000000 #
b110100100000000000000000000000 M
0N
1&
#4730000
1-
b11100110 2
b100100001000110100000001001000 '
b111000111011000000110001110010 T
b100010001010110101011111000100010 P
b11101100001101110101100011011000 Q
b100101001000110110010101001010 O
b11 R
b11 )
b11 5
b11101100001101110101100011011000 +
b11101100001101110101100011011000 7
b100101001000110110010101001010 *
b100101001000110110010101001010 6
0&
#4735000
b0 A
09
0:
1F
b11000 C
b10001010110101011111000100010 D
b111000111011000000110001110010 <
0>
b100100001000110100000001001000 L
b11001001000101000011110110010010 ;
b11101101001101110111110111011010 8
b100100001000110100000001001000 4
1N
b11 J
b11101100001101110101100011011000 H
b100010001010110101011111000100010 E
b111000111011000000110001110010 =
b1001010000000000000000000000000 B
b100101 ?
b100101 @
b100101001000110110010101001010 G
0"
b11100101 0
b11100101 1
1&
#4740000
b11100110 /
0-
0&
#4745000
1"
b100100001000110100000001001000 #
b100100001000110100000001001000 M
0N
1&
#4750000
1-
b11100111 2
b100110111011101010011011001 '
b1101011110011101011001011010111 T
b100101111111010111110100001011111 P
b11100010000011101001101011000100 Q
b1001101110111010100110110011011 O
b111 R
b111 )
b111 5
b11100010000011101001101011000100 +
b11100010000011101001101011000100 7
b1001101110111010100110110011011 *
b1001101110111010100110110011011 6
0&
#4755000
b100 C
b101111111010111110100001011111 D
b1101011110011101011001011010111 <
b100110111011101010011011001 L
b10101111110100111101011101011111 ;
b11101111110111111101111111011111 8
b1000000000011000000100010000000 4
1N
b111 J
b11100010000011101001101011000100 H
b100101111111010111110100001011111 E
b1101011110011101011001011010111 =
b11011101110101001101100110110000 B
b100110111011101010011011001 ?
b100110111011101010011011001 @
b1001101110111010100110110011011 G
0"
b11100110 0
b11100110 1
1&
#4760000
b11100111 /
0-
0&
#4765000
1"
b100110111011101010011011001 #
b100110111011101010011011001 M
0N
1&
#4770000
1-
b11101000 2
b10111000 '
b10000000100100011011111100000001 T
b100111000010111111010010001101111 P
b11011011111001101111001010110111 Q
b1011100011110001011000110111000 O
b11011011111001101111001010110111 +
b11011011111001101111001010110111 7
b1011100011110001011000110111000 *
b1011100011110001011000110111000 6
0&
#4775000
1:
b0 A
09
b10111 C
b111000010111111010010001101111 D
b10000000100100011011111100000001 <
b10111000 L
b10000111100111100100001100001111 ;
b11011111111111101111001110111111 8
b1011000011000001011000010110000 4
1N
b11011011111001101111001010110111 H
b100111000010111111010010001101111 E
b10000000100100011011111100000001 =
b11011100000000000000000000000000 B
b10111000 ?
b10111000 @
b1011100011110001011000110111000 G
0"
b11100111 0
b11100111 1
1&
#4780000
b11101000 /
0-
0&
#4785000
1"
b10111000 #
b10111000 M
0N
1&
#4790000
1-
b11101001 2
b1100001101111000 '
b100101011001010111001010001010110 T
b101011011110001100100100010110110 P
b10011000010011010101101000110000 Q
b11000011011110001110111010000110 O
b10011000010011010101101000110000 +
b10011000010011010101101000110000 7
b11000011011110001110111010000110 *
b11000011011110001110111010000110 6
0&
#4795000
13
0:
1>
b10000 C
b1011011110001100100100010110110 D
b101011001010111001010001010110 <
b1100001101111000 L
b1011011001101011011010010110110 ;
b11011011011111011111111010110110 8
b10000000010010000100101000000000 4
1N
b10011000010011010101101000110000 H
b101011011110001100100100010110110 E
b100101011001010111001010001010110 =
b11101110100001100000000000000000 B
b1100001101111000 ?
b11111111111111111100001101111000 @
b11000011011110001110111010000110 G
0"
b11101000 0
b11101000 1
1&
#4800000
b11101001 /
0-
0&
#4805000
1"
b1100001101111000 #
b1100001101111000 M
0N
1&
#4810000
1-
b11101010 2
b111011111 '
b11100001000101101000101111000010 T
b10010110110001000001101100101100 P
b1011010110101101100011110110101 Q
b111011111011010101001101110111 O
b1011010110101101100011110110101 +
b1011010110101101100011110110101 7
b111011111011010101001101110111 *
b111011111011010101001101110111 6
0&
#4815000
b1 A
19
13
b10101 C
b10010110110001000001101100101100 D
0F
b11100001000101101000101111000010 <
0>
b111011111 L
b1100001001110111001010011000010 ;
b1111011111111111101011111110111 8
b11010110001000100001100110101 4
1N
b1011010110101101100011110110101 H
b10010110110001000001101100101100 E
b11100001000101101000101111000010 =
b1101110111000000000000000000000 B
b111011111 ?
b111011111 @
b111011111011010101001101110111 G
0"
b11101001 0
b11101001 1
1&
#4820000
b11101010 /
0-
0&
#4825000
1"
b111011111 #
b111011111 M
0N
1&
#4830000
1-
b11101011 2
b110101000010101111101011 '
b101100110100011100110111011001101 T
b1101101100111010111110011011011 P
b11100001111000011100000111 Q
b1101010000101011111010111010100 O
b11100001111000011100000111 +
b11100001111000011100000111 7
b1101010000101011111010111010100 *
b1101010000101011111010111010100 6
0&
#4835000
03
b0 A
09
b111 C
b1101101100111010111110011011011 D
b1100110100011100110111011001101 <
1>
b110101000010101111101011 L
b1101001100100100111001011010011 ;
b1101011100101111111011111010111 8
b10000001011000010100000100 4
1N
b11100001111000011100000111 H
b1101101100111010111110011011011 E
b101100110100011100110111011001101 =
b1010111110101110101000000000 B
b110101000010101111101011 ?
b110101000010101111101011 @
b1101010000101011111010111010100 G
0"
b11101010 0
b11101010 1
1&
#4840000
b11101011 /
0-
0&
#4845000
1"
b110101000010101111101011 #
b110101000010101111101011 M
0N
1&
#4850000
1-
b11101100 2
b110000000000011000010101100000 '
b11000110011010011110100110001101 T
b10101111101011010100010101011111 P
b1110100101000011010110111101001 Q
b111011000010111001011101110110 O
b11 R
b11 )
b11 5
b1110100101000011010110111101001 +
b1110100101000011010110111101001 7
b111011000010111001011101110110 *
b111011000010111001011101110110 6
0&
#4855000
b1 A
19
13
0>
b1001 C
b10101111101011010100010101011111 D
b11000110011010011110100110001101 <
b110000000000011000010101100000 L
b1001111101010100011101010011111 ;
b1111111101010111011111111111111 8
b110000000000011000010101100000 4
1N
b11 J
b1110100101000011010110111101001 H
b10101111101011010100010101011111 E
b11000110011010011110100110001101 =
b10111001011101110110000000000 B
b111011000010111001011 ?
b111011000010111001011 @
b111011000010111001011101110110 G
0"
b11101011 0
b11101011 1
1&
#4860000
b11101100 /
0-
0&
#4865000
1"
b110000000000011000010101100000 #
b110000000000011000010101100000 M
0N
1&
#4870000
1-
b11101101 2
b10001011110001010001011100010110 '
b101000100111100000010110010001010 T
b1000110110101001110101010001100 P
b111100100101111100000001 Q
b1000101111000101000101110001011 O
b110 R
b110 )
b110 5
b111100100101111100000001 +
b111100100101111100000001 7
b1000101111000101000101110001011 *
b1000101111000101000101110001011 6
0&
#4875000
b0 A
09
03
1>
b1 C
b1000110110101001110101010001100 D
b1000100111100000010110010001010 <
b10001011110001010001011100010110 L
b1000101000100001101010010001010 ;
b1000101111100101101111110001011 8
b111000100000101100000001 4
1N
b110 J
b111100100101111100000001 H
b1000110110101001110101010001100 E
b101000100111100000010110010001010 =
b10001011110001010001011100010110 B
b100010111100010100010111000101 ?
b100010111100010100010111000101 @
b1000101111000101000101110001011 G
0"
b11101100 0
b11101100 1
1&
#4880000
b11101101 /
0-
0&
#4885000
1"
b10001011110001010001011100010110 #
b10001011110001010001011100010110 M
0N
1&
#4890000
1-
b11101110 2
1(
b0 '
0S
b10101101000010100100100101011011 T
b100101101111101101100111001011011 P
b11000000011101100100001010000000 Q
b1101101100000001000101111011011 O
b10 R
b10 )
b10 5
b11000000011101100100001010000000 +
b11000000011101100100001010000000 7
b1101101100000001000101111011011 *
b1101101100000001000101111011011 6
0&
#4895000
1:
b0 A
09
0>
1F
b0 C
b101101111101101100111001011011 D
b10101101000010100100100101011011 <
b0 L
b10101101111101101100100101011011 ;
b11101101111101101100101111011011 8
b1000000000000000000001010000000 4
1N
b10 J
b11000000011101100100001010000000 H
b100101101111101101100111001011011 E
b10101101000010100100100101011011 =
b1101101100000001000101111011011 B
b1101101100000001000101111011011 ?
b1101101100000001000101111011011 @
b1101101100000001000101111011011 G
0"
b11101101 0
b11101101 1
1&
#4900000
b11101110 /
0-
0&
#4905000
1!
1"
b0 #
b0 M
0N
1&
#4910000
1-
b11101111 2
0(
b11000010001110110011111110 '
b1111110001100001100010011111101 T
b101000100000010100111101010000111 P
b11100010111011001101101011000101 Q
b1100001000111011001111111000010 O
b1000 R
b1000 )
b1000 5
b11100010111011001101101011000101 +
b11100010111011001101101011000101 7
b1100001000111011001111111000010 *
b1100001000111011001111111000010 6
0&
#4915000
0:
b0 A
09
b101 C
b1000100000010100111101010000111 D
b1111110001100001100010011111101 <
b11000010001110110011111110 L
b10000011111100010100010100000111 ;
b11100011111111011101111111000111 8
b1100000000011001001101011000000 4
1N
b1000 J
b11100010111011001101101011000101 H
b101000100000010100111101010000111 E
b1111110001100001100010011111101 =
b100011101100111111100001000000 B
b11000010001110110011111110 ?
b11000010001110110011111110 @
b1100001000111011001111111000010 G
0"
b11101110 0
b11101110 1
1&
#4920000
b11101111 /
0-
0&
#4925000
0!
1"
b11000010001110110011111110 #
b11000010001110110011111110 M
0N
1&
#4930000
1-
b11110000 2
b11011111101101111111111010111111 '
b11000000011101010001010110000001 T
b101101111110110101101111011011111 P
b11010111101100101110010010101111 Q
b10011000001001111111101000110000 O
b100 R
b100 )
b100 5
b11010111101100101110010010101111 +
b11010111101100101110010010101111 7
b10011000001001111111101000110000 *
b10011000001001111111101000110000 6
0&
#4935000
13
b1 A
19
b1111 C
b1101111110110101101111011011111 D
b11000000011101010001010110000001 <
b11011111101101111111111010111111 L
b1001111100101010001111010011111 ;
b11011111101101111111111010111111 8
b10010000001000101110000000100000 4
1N
b100 J
b11010111101100101110010010101111 H
b101101111110110101101111011011111 E
b11000000011101010001010110000001 =
b11111101000110000000000000000000 B
b10011000001001111 ?
b11111111111111110011000001001111 @
b10011000001001111111101000110000 G
0"
b11101111 0
b11101111 1
1&
#4940000
b11110000 /
0-
0&
#4945000
1"
b11011111101101111111111010111111 #
b11011111101101111111111010111111 M
0N
1&
#4950000
1-
b11110001 2
b11100100111110010110001111001001 '
b101011011000001110010000010110111 T
b100001010111111101001010000010101 P
b1010111111110111011100110101111 Q
b10110011000000101101101001100110 O
b101 R
b101 )
b101 5
b1010111111110111011100110101111 +
b1010111111110111011100110101111 7
b10110011000000101101101001100110 *
b10110011000000101101101001100110 6
0&
#4955000
1:
03
b1 A
19
1>
b1010111111101001010000010101 D
b1011011000001110010000010110111 <
b11100100111110010110001111001001 L
b11100100111110010110001111001001 ;
b11110111111110111111101111101111 8
b10011000000101001100000100110 4
1N
b101 J
b1010111111110111011100110101111 H
b100001010111111101001010000010101 E
b101011011000001110010000010110111 =
b1101101001100110000000000000000 B
b10110011000000101 ?
b11111111111111110110011000000101 @
b10110011000000101101101001100110 G
0"
b11110000 0
b11110000 1
1&
#4960000
b11110001 /
0-
0&
#4965000
1"
b11100100111110010110001111001001 #
b11100100111110010110001111001001 M
0N
1&
#4970000
1-
b11110010 2
b1110100010000000010111011101000 '
b101111000100101101011111011110001 T
b101110001000110100001111011100001 P
b1111100010000011010111111111000 Q
b11110100110110000110111011101001 O
b11 R
b11 )
b11 5
b1111100010000011010111111111000 +
b1111100010000011010111111111000 7
b11110100110110000110111011101001 *
b11110100110110000110111011101001 6
0&
#4975000
1:
b1 A
19
b11000 C
b1110001000110100001111011100001 D
b1111000100101101011111011110001 <
b1110100010000000010111011101000 L
b10001000100110011100000100010001 ;
b11111100110110011110111111111001 8
b1110100010000000010111011101000 4
1N
b11 J
b1111100010000011010111111111000 H
b101110001000110100001111011100001 E
b101111000100101101011111011110001 =
b11101001000000000000000000000000 B
b11110100 ?
b11111111111111111111111111110100 @
b11110100110110000110111011101001 G
0"
b11110001 0
b11110001 1
1&
#4980000
b11110010 /
0-
0&
#4985000
1"
b1110100010000000010111011101000 #
b1110100010000000010111011101000 M
0N
1&
#4990000
1-
b11110011 2
b1010110000000110000000000000000 '
b10001011111100010011010100010111 T
b101111010111111000010001011110101 P
b11110111100001010111011011101111 Q
b10000011011101101010110000000110 O
b110 R
b110 )
b110 5
b11110111100001010111011011101111 +
b11110111100001010111011011101111 7
b10000011011101101010110000000110 *
b10000011011101101010110000000110 6
0&
#4995000
13
0:
0>
b1111 C
b1111010111111000010001011110101 D
b10001011111100010011010100010111 <
b1010110000000110000000000000000 L
b1110100111100111101101011101001 ;
b11110111111101111111111011101111 8
b10000011000001000010010000000110 4
1N
b110 J
b11110111100001010111011011101111 H
b101111010111111000010001011110101 E
b10001011111100010011010100010111 =
b1010110000000110000000000000000 B
b10000011011101101 ?
b11111111111111110000011011101101 @
b10000011011101101010110000000110 G
0"
b11110010 0
b11110010 1
1&
#5000000
b11110011 /
0-
0&
#5005000
1"
b1010110000000110000000000000000 #
b1010110000000110000000000000000 M
0N
1&
#5010000
1-
b11110100 2
b11111010111111110111111111110101 '
b10100110001110101011101101001100 T
b100111011101000111011010001110110 P
b11001010101101000111110010010101 Q
b1110000111011110011011111100001 O
b100 R
b100 )
b100 5
b11001010101101000111110010010101 +
b11001010101101000111110010010101 7
b1110000111011110011011111100001 *
b1110000111011110011011111100001 6
0&
#5015000
b0 A
09
03
1:
b10101 C
b111011101000111011010001110110 D
b10100110001110101011101101001100 <
b11111010111111110111111111110101 L
b10111010010110110100101101110100 ;
b11111010111111110111111111110101 8
b1000000101001000011010010000001 4
1N
b100 J
b11001010101101000111110010010101 H
b100111011101000111011010001110110 E
b10100110001110101011101101001100 =
b11111100001000000000000000000000 B
b1110000111 ?
b1110000111 @
b1110000111011110011011111100001 G
0"
b11110011 0
b11110011 1
1&
#5020000
b11110100 /
0-
0&
#5025000
1"
b11111010111111110111111111110101 #
b11111010111111110111111111110101 M
0N
1&
#5030000
1-
b11110101 2
b11110111011100100011111011101110 '
b111000111001000111111000110001110 T
b100100111110000001000110001001110 P
b110000010011100100110101100000 Q
b11110111011100100011111011101110 O
b1000 R
b1000 )
b1000 5
b110000010011100100110101100000 +
b110000010011100100110101100000 7
b11110111011100100011111011101110 *
b11110111011100100011111011101110 6
0&
#5035000
b1 A
19
0:
b0 C
b100111110000001000110001001110 D
b11000111001000111111000110001110 <
1>
b11110111011100100011111011101110 L
b11000111001111000111001110001110 ;
b11110111011111100111111111101110 8
b110000010000100000110001100000 4
1N
b1000 J
b110000010011100100110101100000 H
b100100111110000001000110001001110 E
b111000111001000111111000110001110 =
b11110111011100100011111011101110 B
b11110111011100100011111011101110 ?
b11110111011100100011111011101110 @
b11110111011100100011111011101110 G
0"
b11110100 0
b11110100 1
1&
#5040000
b11110101 /
0-
0&
#5045000
1"
b11110111011100100011111011101110 #
b11110111011100100011111011101110 M
0N
1&
#5050000
1-
b11110110 2
b111100101001110001011110 '
b101011110011110110111010010111101 T
b110000110101111010100100100001101 P
b10010100001000001110101000101000 Q
b11110010100111000101111011100101 O
b111 R
b111 )
b111 5
b10010100001000001110101000101000 +
b10010100001000001110101000101000 7
b11110010100111000101111011100101 *
b11110010100111000101111011100101 6
0&
#5055000
b0 A
09
b1000 C
b10000110101111010100100100001101 D
b1011110011110110111010010111101 <
b111100101001110001011110 L
b1100110101111001011010011001101 ;
b11110110101111001111111011101101 8
b10010000000000000100101000100000 4
1N
b111 J
b10010100001000001110101000101000 H
b110000110101111010100100100001101 E
b101011110011110110111010010111101 =
b10011100010111101110010100000000 B
b111100101001110001011110 ?
b11111111111100101001110001011110 @
b11110010100111000101111011100101 G
0"
b11110101 0
b11110101 1
1&
#5060000
b11110110 /
0-
0&
#5065000
1"
b111100101001110001011110 #
b111100101001110001011110 M
0N
1&
#5070000
1-
b11110111 2
1(
b0 '
b100011101011110110100011000111011 T
b1000110111000111011010010001101 P
b10100101101000011011100101001 Q
b110010001011110111110101100100 O
b10 R
b10 )
b10 5
b10100101101000011011100101001 +
b10100101101000011011100101001 7
b110010001011110111110101100100 *
b110010001011110111110101100100 6
0&
#5075000
b0 A
09
03
b1001 C
b1000110111000111011010010001101 D
0F
b11101011110110100011000111011 <
1>
b0 L
b100110100110110100101001001101 ;
b110110101111110111111101101101 8
b10000001001000011010100100000 4
1N
b10 J
b10100101101000011011100101001 H
b1000110111000111011010010001101 E
b100011101011110110100011000111011 =
b1011110111110101100100000000000 B
b110010001011110111110 ?
b110010001011110111110 @
b110010001011110111110101100100 G
0"
b11110110 0
b11110110 1
1&
#5080000
b11110111 /
0-
0&
#5085000
1!
1"
b0 #
b0 M
0N
1&
#5090000
1-
b11111000 2
0(
b111100001 '
b100110101001100100101110001101010 T
b110101100101010110000000101011000 P
b10111011101111000101001001110111 Q
b11110000111011101010111011100001 O
b111 R
b111 )
b111 5
b10111011101111000101001001110111 +
b10111011101111000101001001110111 7
b11110000111011101010111011100001 *
b11110000111011101010111011100001 6
0&
#5095000
b0 A
09
03
b10111 C
b10101100101010110000000101011000 D
1F
b110101001100100101110001101010 <
b111100001 L
b1001011010100101111110010010110 ;
b11111011111111101111111011110111 8
b10110000101011000000001001100001 4
1N
b111 J
b10111011101111000101001001110111 H
b110101100101010110000000101011000 E
b100110101001100100101110001101010 =
b1110000100000000000000000000000 B
b111100001 ?
b11111111111111111111111111100001 @
b11110000111011101010111011100001 G
0"
b11110111 0
b11110111 1
1&
#5100000
b11111000 /
0-
0&
#5105000
0!
1"
b111100001 #
b111100001 M
0N
1&
#5110000
1-
b11111001 2
b1110111101111111111010111101111 '
b11110110011010100001111111101101 T
b1110111110000000000101011101111 P
b1000000101010101111010110000001 Q
b110111000101010001010101101110 O
b100 R
b100 )
b100 5
b1000000101010101111010110000001 +
b1000000101010101111010110000001 7
b110111000101010001010101101110 *
b110111000101010001010101101110 6
0&
#5115000
b1 A
19
03
b1 C
b1110111110000000000101011101111 D
0F
b11110110011010100001111111101101 <
0>
b1110111101111111111010111101111 L
b1110111101111111110000011101111 ;
b1110111101111111111010111101111 8
b1010100000000 4
1N
b100 J
b1000000101010101111010110000001 H
b1110111110000000000101011101111 E
b11110110011010100001111111101101 =
b1101110001010100010101011011100 B
b11011100010101000101010110111 ?
b11011100010101000101010110111 @
b110111000101010001010101101110 G
0"
b11111000 0
b11111000 1
1&
#5120000
b11111001 /
0-
0&
#5125000
1"
b1110111101111111111010111101111 #
b1110111101111111111010111101111 M
0N
1&
#5130000
1-
b11111010 2
b10011110110101111000111100111101 '
b100110110011001111110010001101101 T
b10011110110101111000111100111101 P
b110100001101111101010101101000 Q
b1101010100111111011100111010101 O
b0 R
b0 )
b0 5
b110100001101111101010101101000 +
b110100001101111101010101101000 7
b1101010100111111011100111010101 *
b1101010100111111011100111010101 6
0&
#5135000
1K
13
b0 A
09
b1000 C
b10011110110101111000111100111101 D
b110110011001111110010001101101 <
1>
b10011110110101111000111100111101 L
b1011110101010000110110010111101 ;
b1111110101111111111110111111101 8
b100000000101111001000101000000 4
1N
b0 J
b110100001101111101010101101000 H
b10011110110101111000111100111101 E
b100110110011001111110010001101101 =
b10011111101110011101010100000000 B
b11010101001111110111001 ?
b11010101001111110111001 @
b1101010100111111011100111010101 G
0"
b11111001 0
b11111001 1
1&
#5140000
b11111010 /
0-
0&
#5145000
1$
1"
b10011110110101111000111100111101 #
b10011110110101111000111100111101 M
0N
1&
#5150000
1-
b11111011 2
b11111101011110100111000111111010 '
b10100010111010100111000101000110 T
b101001101110110100111001010011010 P
b11010101011110000000000010101010 Q
b1111000011000100111000111110000 O
b100 R
b100 )
b100 5
b11010101011110000000000010101010 +
b11010101011110000000000010101010 7
b1111000011000100111000111110000 *
b1111000011000100111000111110000 6
0&
#5155000
1:
b0 A
09
03
0>
1F
b1010 C
b1001101110110100111001010011010 D
b10100010111010100111000101000110 <
0K
b11111101011110100111000111111010 L
b10101101000110100111000101011010 ;
b11111101011110100111000111111010 8
b1010000011000000000000010100000 4
1N
b100 J
b11010101011110000000000010101010 H
b101001101110110100111001010011010 E
b10100010111010100111000101000110 =
b10001001110001111100000000000000 B
b111100001100010011100 ?
b111100001100010011100 @
b1111000011000100111000111110000 G
0"
b11111010 0
b11111010 1
1&
#5160000
b11111011 /
0-
0&
#5165000
0$
1"
b11111101011110100111000111111010 #
b11111101011110100111000111111010 M
0N
1&
#5170000
1-
b11111100 2
b1111001111 '
b1110110000110111101000011110 T
b100000000011111000000110000000000 P
b11111000110111000100100011110001 Q
b111100111111100001100001111 O
b1000 R
b1000 )
b1000 5
b11111000110111000100100011110001 +
b11111000110111000100100011110001 7
b111100111111100001100001111 *
b111100111111100001100001111 6
0&
#5175000
0:
b0 A
09
b10001 C
b11111000000110000000000 D
b1110110000110111101000011110 <
b1111001111 L
b11111111010000111000101111111110 ;
b11111111110111111100101111111111 8
b100111000100000000000001 4
1N
b1000 J
b11111000110111000100100011110001 H
b100000000011111000000110000000000 E
b1110110000110111101000011110 =
b10000110000111100000000000000000 B
b1111001111 ?
b1111001111 @
b111100111111100001100001111 G
0"
b11111011 0
b11111011 1
1&
#5180000
b11111100 /
0-
0&
#5185000
1"
b1111001111 #
b1111001111 M
0N
1&
#5190000
1-
b11111101 2
b11111001101101010010100111110011 '
b101110111011011010010011011101111 T
b100000101110010100101001000001011 P
b1000111001011101001010110001110 Q
b10111110100110111011110001111101 O
b101 R
b101 )
b101 5
b1000111001011101001010110001110 +
b1000111001011101001010110001110 7
b10111110100110111011110001111101 *
b10111110100110111011110001111101 6
0&
#5195000
b1 A
19
1:
1>
b1110 C
b101110010100101001000001011 D
b1110111011011010010011011101111 <
b11111001101101010010100111110011 L
b11111001101101010010100111110011 ;
b11111111101111111011110111111111 8
b110000010101001010000001100 4
1N
b101 J
b1000111001011101001010110001110 H
b100000101110010100101001000001011 E
b101110111011011010010011011101111 =
b11101111000111110100000000000000 B
b101111101001101110 ?
b11111111111111101111101001101110 @
b10111110100110111011110001111101 G
0"
b11111100 0
b11111100 1
1&
#5200000
b11111101 /
0-
0&
#5205000
1"
b11111001101101010010100111110011 #
b11111001101101010010100111110011 M
0N
1&
#5210000
1-
b11111110 2
b1 '
1S
b111010010111110111000111110100110 T
b100001111110010000010101000011110 P
b11110011001100100110100111100 Q
b11110001011000011101110011100010 O
b10 R
b10 )
b10 5
b11110011001100100110100111100 +
b11110011001100100110100111100 7
b11110001011000011101110011100010 *
b11110001011000011101110011100010 6
0&
#5215000
0:
b1 A
19
b11100 C
b1111110010000010101000011110 D
b11010010111110111000111110100110 <
b1 L
b11101111000001111001000111011110 ;
b11111111011001111101110111111110 8
b10000011000000100110000100000 4
1N
b10 J
b11110011001100100110100111100 H
b100001111110010000010101000011110 E
b111010010111110111000111110100110 =
b100000000000000000000000000000 B
b1111 ?
b11111111111111111111111111111111 @
b11110001011000011101110011100010 G
0"
b11111101 0
b11111101 1
1&
#5220000
b11111110 /
0-
0&
#5225000
1"
b1 #
b1 M
0N
1&
#5230000
1-
b11111111 2
b101011100110010100011010010111010 T
b101001100101000011001100010011000 P
b1110111111010111011000111101111 Q
b11010100101101011110011010101001 O
b1110111111010111011000111101111 +
b1110111111010111011000111101111 7
b11010100101101011110011010101001 *
b11010100101101011110011010101001 6
0&
#5235000
1:
b1 A
19
b1111 C
b1001100101000011001100010011000 D
b1011100110010100011010010111010 <
b1 L
b10100011010111100101011101000110 ;
b11110111111111111111011111101111 8
b1010100101000011010000010101001 4
1N
b1110111111010111011000111101111 H
b101001100101000011001100010011000 E
b101011100110010100011010010111010 =
b11110011010101001000000000000000 B
b11010100101101011 ?
b11111111111111111010100101101011 @
b11010100101101011110011010101001 G
0"
b11111110 0
b11111110 1
1&
#5240000
b11111111 /
0-
0&
#5245000
1"
0N
1&
#5250000
1-
b100000000 2
b11101000001011011000000000000000 '
b11010110010001011001001110101100 T
b110000101100010100000110100001010 P
b11010111101000100011110010101111 Q
b10101101111001111101000001011011 O
b110 R
b110 )
b110 5
b11010111101000100011110010101111 +
b11010111101000100011110010101111 7
b10101101111001111101000001011011 *
b10101101111001111101000001011011 6
0&
#5255000
0:
0>
b10000101100010100000110100001010 D
b11010110010001011001001110101100 <
b11101000001011011000000000000000 L
b1111010010001011110110011110100 ;
b11111111111001111111110011111111 8
b10000101101000100001000000001011 4
1N
b110 J
b11010111101000100011110010101111 H
b110000101100010100000110100001010 E
b11010110010001011001001110101100 =
b11101000001011011000000000000000 B
b10101101111001111 ?
b11111111111111110101101111001111 @
b10101101111001111101000001011011 G
0"
b11111111 0
b11111111 1
1&
#5260000
b100000000 /
0-
0&
#5265000
1"
b11101000001011011000000000000000 #
b11101000001011011000000000000000 M
0N
1&
#5270000
1-
b100000001 2
b10010100000000000000000000000000 '
b11001000001100001000110110010001 T
b10000001110101001010100100000011 P
b1011100110100100000110110111001 Q
b100101000000101001101101001010 O
b1011100110100100000110110111001 +
b1011100110100100000110110111001 7
b100101000000101001101101001010 *
b100101000000101001101101001010 6
0&
#5275000
b1 A
19
13
b11001 C
b10000001110101001010100100000011 D
0F
b11001000001100001000110110010001 <
b10010100000000000000000000000000 L
b1111001110100001001011011110011 ;
b1111101110100101001111111111011 8
b100000000100000100100001000 4
1N
b1011100110100100000110110111001 H
b10000001110101001010100100000011 E
b11001000001100001000110110010001 =
b10010100000000000000000000000000 B
b10010 ?
b10010 @
b100101000000101001101101001010 G
0"
b100000000 0
b100000000 1
1&
#5280000
b100000001 /
0-
0&
#5285000
1"
b10010100000000000000000000000000 #
b10010100000000000000000000000000 M
0N
1&
#5290000
1-
b100000010 2
b1001100010000010010100010011 '
b11111111110001011111100000000000 T
b10011010101100110001000100110 P
b1001110010000011010100010011 Q
b1001100011100010110100010011 O
b11 R
b11 )
b11 5
b1001110010000011010100010011 +
b1001110010000011010100010011 7
b1001100011100010110100010011 *
b1001100011100010110100010011 6
0&
#5295000
03
b10011 C
b10011010101100110001000100110 D
b11111111110001011111100000000000 <
b1001100010000010010100010011 L
b10001100001100000000000 ;
b1001110011100011110100010011 8
b1001100010000010010100010011 4
1N
b11 J
b1001110010000011010100010011 H
b10011010101100110001000100110 E
b11111111110001011111100000000000 =
b1101000100110000000000000000000 B
b100110001 ?
b100110001 @
b1001100011100010110100010011 G
0"
b100000001 0
b100000001 1
1&
#5300000
b100000010 /
0-
0&
#5305000
1"
b1001100010000010010100010011 #
b1001100010000010010100010011 M
0N
1&
#5310000
1-
b100000011 2
b1100101101110 '
b100001010000101100001101000010100 T
b1011011101000100110100010110110 P
b101000110001100010011101010001 Q
b110010110111000100000101100101 O
b111 R
b111 )
b111 5
b101000110001100010011101010001 +
b101000110001100010011101010001 7
b110010110111000100000101100101 *
b110010110111000100000101100101 6
0&
#5315000
b0 A
09
b10001 C
b1011011101000100110100010110110 D
b1010000101100001101000010100 <
1>
b1100101101110 L
b11010000110100110011000110100 ;
b111010110111100110011101110101 8
b100000110001000000000101000001 4
1N
b111 J
b101000110001100010011101010001 H
b1011011101000100110100010110110 E
b100001010000101100001101000010100 =
b10000010110010100000000000000000 B
b1100101101110 ?
b1100101101110 @
b110010110111000100000101100101 G
0"
b100000010 0
b100000010 1
1&
#5320000
b100000011 /
0-
0&
#5325000
1"
b1100101101110 #
b1100101101110 M
0N
1&
#5330000
1-
b100000100 2
b1101101 '
b100001111000000000010101000011110 T
b110101000001100000100101101010000 P
b11001100100110000001000010011001 Q
b11011011100110000011101010110111 O
b11001100100110000001000010011001 +
b11001100100110000001000010011001 7
b11011011100110000011101010110111 *
b11011011100110000011101010110111 6
0&
#5335000
b0 A
09
03
b11001 C
b10101000001100000100101101010000 D
1F
b1111000000000010101000011110 <
b1101101 L
b10111000000000010101000101110 ;
b11011111100110000011101010111111 8
b11001000100110000001000010010001 4
1N
b11001100100110000001000010011001 H
b110101000001100000100101101010000 E
b100001111000000000010101000011110 =
b1101110000000000000000000000000 B
b1101101 ?
b11111111111111111111111111101101 @
b11011011100110000011101010110111 G
0"
b100000011 0
b100000011 1
1&
#5340000
b100000100 /
0-
0&
#5345000
1"
b1101101 #
b1101101 M
0N
1&
#5350000
1-
b100000101 2
b100101111110000011001001001011 '
b11100100001001111100110111001001 T
b101010101111111000100001010101011 P
b10111000111010100011101001110001 Q
b10011101000100100000100000111010 O
b101 R
b101 )
b101 5
b10111000111010100011101001110001 +
b10111000111010100011101001110001 7
b10011101000100100000100000111010 *
b10011101000100100000100000111010 6
0&
#5355000
13
b1 A
19
b10001 C
b1010101111111000100001010101011 D
b11100100001001111100110111001001 <
0>
b100101111110000011001001001011 L
b100101111110000011001001001011 ;
b10111101111110100011101001111011 8
b10011000000000100000100000110000 4
1N
b101 J
b10111000111010100011101001110001 H
b101010101111111000100001010101011 E
b11100100001001111100110111001001 =
b10000011101000000000000000000 B
b100111010001001 ?
b11111111111111111100111010001001 @
b10011101000100100000100000111010 G
0"
b100000100 0
b100000100 1
1&
#5360000
b100000101 /
0-
0&
#5365000
1"
b100101111110000011001001001011 #
b100101111110000011001001001011 M
0N
1&
#5370000
1-
b100000110 2
b100011101100010111001001000110 '
b111111010001101001110001111110 T
b100100011101100010111001001000110 P
b11110010001101010110101011100100 Q
b110001011111000000011101100010 O
b0 R
b0 )
b0 5
b11110010001101010110101011100100 +
b11110010001101010110101011100100 7
b110001011111000000011101100010 *
b110001011111000000011101100010 6
0&
#5375000
b0 A
09
03
0:
b100 C
b100011101100010111001001000110 D
b111111010001101001110001111110 <
0K
1I
b100011101100010111001001000110 L
b11000011010010010110110110000110 ;
b11110011011111010110111111100110 8
b110000001101000000001001100000 4
1N
b0 J
b11110010001101010110101011100100 H
b100100011101100010111001001000110 E
b111111010001101001110001111110 =
b10111110000000111011000100000 B
b11000101111100000001110110 ?
b11000101111100000001110110 @
b110001011111000000011101100010 G
0"
b100000101 0
b100000101 1
1&
#5380000
b100000110 /
0-
0&
#5385000
1%
1"
b100011101100010111001001000110 #
b100011101100010111001001000110 M
0N
1&
#5390000
1-
b100000111 2
b10101011110010011001100101010111 '
b1010110001110011001100010101101 T
b11010011111011100010000110100111 P
b10111110110110100100010001111101 Q
b10101000100111101110100101010 O
b101 R
b101 )
b101 5
b10111110110110100100010001111101 +
b10111110110110100100010001111101 7
b10101000100111101110100101010 *
b10101000100111101110100101010 6
0&
#5395000
0F
b11101 C
b11010011111011100010000110100111 D
b1010110001110011001100010101101 <
0I
b10101011110010011001100101010111 L
b10101011110010011001100101010111 ;
b10111111110110111101110101111111 8
b10100000100100100010000101000 4
1N
b101 J
b10111110110110100100010001111101 H
b11010011111011100010000110100111 E
b1010110001110011001100010101101 =
b1000000000000000000000000000000 B
b0 ?
b0 @
b10101000100111101110100101010 G
0"
b100000110 0
b100000110 1
1&
#5400000
b100000111 /
0-
0&
#5405000
0%
1"
b10101011110010011001100101010111 #
b10101011110010011001100101010111 M
0N
1&
#5410000
1-
b100001000 2
b100000110000100000001101000001 '
b10111010001010101011101101110100 T
b10011111101100100000001100111110 P
b1110010110000111010001111100101 Q
b101100111011100101111101011001 O
b11 R
b11 )
b11 5
b1110010110000111010001111100101 +
b1110010110000111010001111100101 7
b101100111011100101111101011001 *
b101100111011100101111101011001 6
0&
#5415000
13
b1 A
19
b101 C
b10011111101100100000001100111110 D
b10111010001010101011101101110100 <
b100000110000100000001101000001 L
b1011110001011011111110010111100 ;
b1111110111011111111111111111101 8
b100000110000100000001101000001 4
1N
b11 J
b1110010110000111010001111100101 H
b10011111101100100000001100111110 E
b10111010001010101011101101110100 =
b10011101110010111110101100100000 B
b1011001110111001011111010 ?
b1011001110111001011111010 @
b101100111011100101111101011001 G
0"
b100000111 0
b100000111 1
1&
#5420000
b100001000 /
0-
0&
#5425000
1"
b100000110000100000001101000001 #
b100000110000100000001101000001 M
0N
1&
#5430000
1-
b100001001 2
b1011011100001100110110010110110 '
b10010010001101100110101100100100 T
b101011011100001100110110010110110 P
b11100100101010000000000011001001 Q
b1110110110111100110101111101101 O
b0 R
b0 )
b0 5
b11100100101010000000000011001001 +
b11100100101010000000000011001001 7
b1110110110111100110101111101101 *
b1110110110111100110101111101101 6
0&
#5435000
1:
03
b0 A
09
1I
1F
b1001 C
b1011011100001100110110010110110 D
b10010010001101100110101100100100 <
0>
0K
b1011011100001100110110010110110 L
b10010010011101100110101100100100 ;
b11110110111111100110101111101101 8
b1100100100010000000000011001001 4
1N
b0 J
b11100100101010000000000011001001 H
b101011011100001100110110010110110 E
b10010010001101100110101100100100 =
b10111100110101111101101000000000 B
b1110110110111100110101 ?
b1110110110111100110101 @
b1110110110111100110101111101101 G
0"
b100001000 0
b100001000 1
1&
#5440000
b100001001 /
0-
0&
#5445000
1%
1"
b1011011100001100110110010110110 #
b1011011100001100110110010110110 M
0N
1&
#5450000
1-
b100001010 2
b11110111111011111101110111101111 '
b101001000111011001111101010010010 T
b11111000011100001001110111110000 P
b1010111110000011101000110101111 Q
b10100000101011101100110001000001 O
b100 R
b100 )
b100 5
b1010111110000011101000110101111 +
b1010111110000011101000110101111 7
b10100000101011101100110001000001 *
b10100000101011101100110001000001 6
0&
#5455000
b1 A
19
1:
1>
0F
b1111 C
b11111000011100001001110111110000 D
b1001000111011001111101010010010 <
0I
b11110111111011111101110111101111 L
b11110111011011110001110111101110 ;
b11110111111011111101110111101111 8
b100000001100000000000001 4
1N
b100 J
b1010111110000011101000110101111 H
b11111000011100001001110111110000 E
b101001000111011001111101010010010 =
b1100110001000001000000000000000 B
b10100000101011101 ?
b11111111111111110100000101011101 @
b10100000101011101100110001000001 G
0"
b100001001 0
b100001001 1
1&
#5460000
b100001010 /
0-
0&
#5465000
0%
1"
b11110111111011111101110111101111 #
b11110111111011111101110111101111 M
0N
1&
#5470000
1-
b100001011 2
b11111111111111110110110100111000 '
b100000111000100000011010000001110 T
b111010100001111100000010110101000 P
b11100110100101101110100011001101 Q
b11101101101001110001110011011011 O
b1000 R
b1000 )
b1000 5
b11100110100101101110100011001101 +
b11100110100101101110100011001101 7
b11101101101001110001110011011011 *
b11101101101001110001110011011011 6
0&
#5475000
0:
b0 A
09
b1101 C
b11010100001111100000010110101000 D
1F
b111000100000011010000001110 <
b11111111111111110110110100111000 L
b1011001100011111010000010110 ;
b11101111101101111111110011011111 8
b11100100100001100000100011001001 4
1N
b1000 J
b11100110100101101110100011001101 H
b111010100001111100000010110101000 E
b100000111000100000011010000001110 =
b11100011100110110110000000000000 B
b1110110110100111000 ?
b11111111111111110110110100111000 @
b11101101101001110001110011011011 G
0"
b100001010 0
b100001010 1
1&
#5480000
b100001011 /
0-
0&
#5485000
1"
b11111111111111110110110100111000 #
b11111111111111110110110100111000 M
0N
1&
#5490000
1-
b100001100 2
b10111011001101111101111101110110 '
b10110100111011001100101101101010 T
b10111011001110100111001101110110 P
b10000011001001101101010000000110 Q
b111000000100111001111101110000 O
b100 R
b100 )
b100 5
b10000011001001101101010000000110 +
b10000011001001101101010000000110 7
b111000000100111001111101110000 *
b111000000100111001111101110000 6
0&
#5495000
1:
b0 A
09
03
0F
b110 C
b10111011001110100111001101110110 D
b10110100111011001100101101101010 <
0>
b10111011001101111101111101110110 L
b10111011001101010100101101110110 ;
b10111011001101111101111101110110 8
b101001010000000000 4
1N
b100 J
b10000011001001101101010000000110 H
b10111011001110100111001101110110 E
b10110100111011001100101101101010 =
b100111001111101110000000000 B
b111000000100111001111101 ?
b111000000100111001111101 @
b111000000100111001111101110000 G
0"
b100001011 0
b100001011 1
1&
#5500000
b100001100 /
0-
0&
#5505000
1"
b10111011001101111101111101110110 #
b10111011001101111101111101110110 M
0N
1&
#5510000
1-
b100001101 2
b11111111111111111111111111111110 '
b101110010101011111110001011100101 T
b100101111111000000101111001011111 P
b1011110100110000011110110111101 Q
b11010001010010000010000010100010 O
b1000 R
b1000 )
b1000 5
b1011110100110000011110110111101 +
b1011110100110000011110110111101 7
b11010001010010000010000010100010 *
b11010001010010000010000010100010 6
0&
#5515000
b1 A
19
1:
b11101 C
b101111111000000101111001011111 D
1F
b1110010101011111110001011100101 <
1>
b11111111111111111111111111111110 L
b10001111110100000001110100011111 ;
b11011111110110000011110110111111 8
b1010000000010000010000010100000 4
1N
b1000 J
b1011110100110000011110110111101 H
b100101111111000000101111001011111 E
b101110010101011111110001011100101 =
b1000000000000000000000000000000 B
b110 ?
b11111111111111111111111111111110 @
b11010001010010000010000010100010 G
0"
b100001100 0
b100001100 1
1&
#5520000
b100001101 /
0-
0&
#5525000
1"
b11111111111111111111111111111110 #
b11111111111111111111111111111110 M
0N
1&
#5530000
1-
b100001110 2
b1 '
b101000111000110001001011010001110 T
b100100011100100110010011001000110 P
b1101110001111010100011111011100 Q
b10110101010101011101111001101010 O
b10 R
b10 )
b10 5
b1101110001111010100011111011100 +
b1101110001111010100011111011100 7
b10110101010101011101111001101010 *
b10110101010101011101111001101010 6
0&
#5535000
b10100000000000000000000000000000 B
b11100 C
b100011100100110010011001000110 D
b1000111000110001001011010001110 <
b1 L
b11011011011010001001100110110110 ;
b11111111011111011101111111111110 8
b100100000101010100011001001000 4
1N
b10 J
b1101110001111010100011111011100 H
b100100011100100110010011001000110 E
b101000111000110001001011010001110 =
b1011 ?
b11111111111111111111111111111011 @
b10110101010101011101111001101010 G
0"
b100001101 0
b100001101 1
1&
#5540000
b100001110 /
0-
0&
#5545000
1"
b1 #
b1 M
0N
1&
#5550000
1-
b100001111 2
b11101010111001010110100111010101 '
b11101010111001010110100111010101 T
b101100101111100110101001011001011 P
b10111101100001101111010001111011 Q
b10101000011011000101111001010000 O
b1 R
b1 )
b1 5
b10111101100001101111010001111011 +
b10111101100001101111010001111011 7
b10101000011011000101111001010000 *
b10101000011011000101111001010000 6
0&
#5555000
13
0:
0>
b11011 C
b1100101111100110101001011001011 D
b11101010111001010110100111010101 <
0K
0I
b11101010111001010110100111010101 L
b10101111010101010101000101011 ;
b10111101111011101111111001111011 8
b10101000000001000101010001010000 4
1N
b1 J
b10111101100001101111010001111011 H
b101100101111100110101001011001011 E
b11101010111001010110100111010101 =
b10000000000000000000000000000000 B
b10101 ?
b11111111111111111111111111110101 @
b10101000011011000101111001010000 G
0"
b100001110 0
b100001110 1
1&
#5560000
b100001111 /
0-
0&
#5565000
1"
b11101010111001010110100111010101 #
b11101010111001010110100111010101 M
0N
1&
#5570000
1-
b100010000 2
b11010110010111011101001110101101 '
b11010110010111011101001110101101 T
b101001110110111001101110010011101 P
b10111100001111111000010001111000 Q
b10010010100111010101100000100101 O
b10111100001111111000010001111000 +
b10111100001111111000010001111000 7
b10010010100111010101100000100101 *
b10010010100111010101100000100101 6
0&
#5575000
b11000 C
b1001110110111001101110010011101 D
b11010110010111011101001110101101 <
b11010110010111011101001110101101 L
b101110101000101101110001011101 ;
b10111110101111111101110001111101 8
b10010000000111010000000000100000 4
1N
b10111100001111111000010001111000 H
b101001110110111001101110010011101 E
b11010110010111011101001110101101 =
b100101000000000000000000000000 B
b10010010 ?
b11111111111111111111111110010010 @
b10010010100111010101100000100101 G
0"
b100001111 0
b100001111 1
1&
#5580000
b100010000 /
0-
0&
#5585000
1"
b11010110010111011101001110101101 #
b11010110010111011101001110101101 M
0N
1&
#5590000
1-
b100010001 2
b111 '
b11001101010101111011101110011010 T
b100101001100111110101100001010010 P
b10101110001000111100111001011100 Q
b1111011011110111000100111110110 O
b1000 R
b1000 )
b1000 5
b10101110001000111100111001011100 +
b10101110001000111100111001011100 7
b1111011011110111000100111110110 *
b1111011011110111000100111110110 6
0&
#5595000
b0 A
09
03
1:
b11100 C
b101001100111110101100001010010 D
b11001101010101111011101110011010 <
b111 L
b11010101010110000100011110101010 ;
b11111111011110111100111111111110 8
b101010001000111000100001010100 4
1N
b1000 J
b10101110001000111100111001011100 H
b100101001100111110101100001010010 E
b11001101010101111011101110011010 =
b1100000000000000000000000000000 B
b111 ?
b111 @
b1111011011110111000100111110110 G
0"
b100010000 0
b100010000 1
1&
#5600000
b100010001 /
0-
0&
#5605000
1"
b111 #
b111 M
0N
1&
#5610000
1-
b100010010 2
b101101011111110011000001011010 '
b11010101000110001110111110101010 T
b1001110100000000100011010011100 P
b111100101100111010101101111001 Q
b10001110011001001101100100011 O
b101 R
b101 )
b101 5
b111100101100111010101101111001 +
b111100101100111010101101111001 7
b10001110011001001101100100011 *
b10001110011001001101100100011 6
0&
#5615000
0:
b1 A
19
b11001 C
b1001110100000000100011010011100 D
0F
b11010101000110001110111110101010 <
b101101011111110011000001011010 L
b101101011111110011000001011010 ;
b111101111111111011101101111011 8
b10000100000001000101100100001 4
1N
b101 J
b111100101100111010101101111001 H
b1001110100000000100011010011100 E
b11010101000110001110111110101010 =
b1000110000000000000000000000000 B
b1000 ?
b1000 @
b10001110011001001101100100011 G
0"
b100010001 0
b100010001 1
1&
#5620000
b100010010 /
0-
0&
#5625000
1"
b101101011111110011000001011010 #
b101101011111110011000001011010 M
0N
1&
#5630000
1-
b100010011 2
b10000110011101001011111100001101 '
b10000110011101001011111100001101 T
b101000010000101110100110010000011 P
b11011101110100010100011010111011 Q
b1100100010001100000010111001000 O
b1 R
b1 )
b1 5
b11011101110100010100011010111011 +
b11011101110100010100011010111011 7
b1100100010001100000010111001000 *
b1100100010001100000010111001000 6
0&
#5635000
1K
1:
b0 A
09
0I
1F
b11011 C
b1000010000101110100110010000011 D
b10000110011101001011111100001101 <
0>
b10000110011101001011111100001101 L
b10111001100101110100001101110011 ;
b11111101110101110100011111111011 8
b1000100010000000000010010001000 4
1N
b1 J
b11011101110100010100011010111011 H
b101000010000101110100110010000011 E
b10000110011101001011111100001101 =
b1000000000000000000000000000000 B
b1100 ?
b1100 @
b1100100010001100000010111001000 G
0"
b100010010 0
b100010010 1
1&
#5640000
b100010011 /
0-
0&
#5645000
1$
1"
b10000110011101001011111100001101 #
b10000110011101001011111100001101 M
0N
1&
#5650000
1-
b100010100 2
b11001101100001010101100110011011 '
b11001101100001010101100110011011 T
b101000000100101001000001010000001 P
b10111001100001111001010001110011 Q
b10000111000011001110111000001110 O
b10111001100001111001010001110011 +
b10111001100001111001010001110011 7
b10000111000011001110111000001110 *
b10000111000011001110111000001110 6
0&
#5655000
13
b1 A
19
0:
b10011 C
b1000000100101001000001010000001 D
b11001101100001010101100110011011 <
0K
b11001101100001010101100110011011 L
b111110100010110111101001111101 ;
b10111111100011111111111001111111 8
b10000001000001001000010000000010 4
1N
b10111001100001111001010001110011 H
b101000000100101001000001010000001 E
b11001101100001010101100110011011 =
b1110000011100000000000000000000 B
b1000011100001 ?
b11111111111111111111000011100001 @
b10000111000011001110111000001110 G
0"
b100010011 0
b100010011 1
1&
#5660000
b100010100 /
0-
0&
#5665000
0$
1"
b11001101100001010101100110011011 #
b11001101100001010101100110011011 M
0N
1&
#5670000
1-
b100010101 2
b110000000010000000000001100 '
b11111011000010110101000111110 T
b11101101100000001001101111011010 P
b11100111000011111001100011001110 Q
b110011100010000001100001100 O
b11 R
b11 )
b11 5
b11100111000011111001100011001110 +
b11100111000011111001100011001110 7
b110011100010000001100001100 *
b110011100010000001100001100 6
0&
#5675000
b0 A
09
03
0:
b1110 C
b11101101100000001001101111011010 D
0F
b11111011000010110101000111110 <
b110000000010000000000001100 L
b11100001011111101001101111000010 ;
b11100111011111111001101111001110 8
b110000000010000000000001100 4
1N
b11 J
b11100111000011111001100011001110 H
b11101101100000001001101111011010 E
b11111011000010110101000111110 =
b1000000110000110000000000000000 B
b1100111000100 ?
b1100111000100 @
b110011100010000001100001100 G
0"
b100010100 0
b100010100 1
1&
#5680000
b100010101 /
0-
0&
#5685000
1"
b110000000010000000000001100 #
b110000000010000000000001100 M
0N
1&
#5690000
1-
b100010110 2
b10111000001110011111000101101 '
b10111101001011011000010101111011 T
b100010111000001110011111000101101 P
b10101100111011001101110001011001 Q
b1101010000110100110000111010100 O
b0 R
b0 )
b0 5
b10101100111011001101110001011001 +
b10101100111011001101110001011001 7
b1101010000110100110000111010100 *
b1101010000110100110000111010100 6
0&
#5695000
1:
b0 A
09
1I
b11001 C
b10111000001110011111000101101 D
1F
b10111101001011011000010101111011 <
b10111000001110011111000101101 L
b11000110111101101011110110001101 ;
b11101110111111101111110111011101 8
b101000000010000100000001010000 4
1N
b0 J
b10101100111011001101110001011001 H
b100010111000001110011111000101101 E
b10111101001011011000010101111011 =
b10101000000000000000000000000000 B
b110101 ?
b110101 @
b1101010000110100110000111010100 G
0"
b100010101 0
b100010101 1
1&
#5700000
b100010110 /
0-
0&
#5705000
1%
1"
b10111000001110011111000101101 #
b10111000001110011111000101101 M
0N
1&
#5710000
1-
b100010111 2
b1111101110010000000000000000000 '
b10000010111010011010111100000110 T
b100110110010110110011000001101100 P
b11011001101110001100000010110011 Q
b1011100101000100110111110111001 O
b110 R
b110 )
b110 5
b11011001101110001100000010110011 +
b11011001101110001100000010110011 7
b1011100101000100110111110111001 *
b1011100101000100110111110111001 6
0&
#5715000
b10011 C
b110110010110110011000001101100 D
b10000010111010011010111100000110 <
0I
b1111101110010000000000000000000 L
b10000101000110101010111100001010 ;
b11011101101110101110111110111011 8
b1011000101000000100000010110001 4
1N
b110 J
b11011001101110001100000010110011 H
b100110110010110110011000001101100 E
b10000010111010011010111100000110 =
b1111101110010000000000000000000 B
b101110010100 ?
b101110010100 @
b1011100101000100110111110111001 G
0"
b100010110 0
b100010110 1
1&
#5720000
b100010111 /
0-
0&
#5725000
0%
1"
b1111101110010000000000000000000 #
b1111101110010000000000000000000 M
0N
1&
#5730000
1-
b100011000 2
b111010010001001010001001110100 '
b10111111010110101101110101111111 T
b100110101010001001010001001101001 P
b10111010111101001110001001110101 Q
b1111010010011111011111111110100 O
b11 R
b11 )
b11 5
b10111010111101001110001001110101 +
b10111010111101001110001001110101 7
b1111010010011111011111111110100 *
b1111010010011111011111111110100 6
0&
#5735000
b10101 C
b110101010001001010001001101001 D
b10111111010110101101110101111111 <
b111010010001001010001001110100 L
b11000000101110110101110110000001 ;
b11111010111111111111111111110101 8
b111010010001001010001001110100 4
1N
b11 J
b10111010111101001110001001110101 H
b100110101010001001010001001101001 E
b10111111010110101101110101111111 =
b11111110100000000000000000000000 B
b1111010010 ?
b1111010010 @
b1111010010011111011111111110100 G
0"
b100010111 0
b100010111 1
1&
#5740000
b100011000 /
0-
0&
#5745000
1"
b111010010001001010001001110100 #
b111010010001001010001001110100 M
0N
1&
#5750000
1-
b100011001 2
b10011110111111001111101100111101 '
b1101001011100000111011011010011 T
b10100011011010010110101101000101 P
b10011100111111000111101000111001 Q
b110011011001111000100001100 O
b100 R
b100 )
b100 5
b10011100111111000111101000111001 +
b10011100111111000111101000111001 7
b110011011001111000100001100 *
b110011011001111000100001100 6
0&
#5755000
0:
b0 A
09
b11001 C
b10100011011010010110101101000101 D
0F
b1101001011100000111011011010011 <
b10011110111111001111101100111101 L
b10011010100100001000101100110101 ;
b10011110111111001111101100111101 8
b100011011000111000000001000 4
1N
b100 J
b10011100111111000111101000111001 H
b10100011011010010110101101000101 E
b1101001011100000111011011010011 =
b11000000000000000000000000000 B
b11 ?
b11 @
b110011011001111000100001100 G
0"
b100011000 0
b100011000 1
1&
#5760000
b100011001 /
0-
0&
#5765000
1"
b10011110111111001111101100111101 #
b10011110111111001111101100111101 M
0N
1&
#5770000
1-
b100011010 2
b11000001001001000000000 '
b1110110100001011101010011101101 T
b10001100010111110101000100010111 P
b10001010111011001011111000010101 Q
b1011100101001001100000010 O
b11 R
b11 )
b11 5
b10001010111011001011111000010101 +
b10001010111011001011111000010101 7
b1011100101001001100000010 *
b1011100101001001100000010 6
0&
#5775000
b10101 C
b10001100010111110101000100010111 D
b1110110100001011101010011101101 <
b11000001001001000000000 L
b10001011100111100010110100010111 ;
b10001011111111101011111100010111 8
b11000001001001000000000 4
1N
b11 J
b10001010111011001011111000010101 H
b10001100010111110101000100010111 E
b1110110100001011101010011101101 =
b1100000010000000000000000000000 B
b1011 ?
b1011 @
b1011100101001001100000010 G
0"
b100011001 0
b100011001 1
1&
#5780000
b100011010 /
0-
0&
#5785000
1"
b11000001001001000000000 #
b11000001001001000000000 M
0N
1&
#5790000
1-
b100011011 2
b11011011110111111011010110110111 '
b11011011110111111011010110110111 T
b101010000110000011110001010011 P
b100111000111000100001101001110 Q
b10111110111111100100000101 O
b1 R
b1 )
b1 5
b100111000111000100001101001110 +
b100111000111000100001101001110 7
b10111110111111100100000101 *
b10111110111111100100000101 6
0&
#5795000
b1 A
19
b1110 C
b101010000110000011110001010011 D
b11011011110111111011010110110111 <
b11011011110111111011010110110111 L
b100101111001111011101001001011 ;
b100111111111111111101101001111 8
b10000110000100000100000100 4
1N
b1 J
b100111000111000100001101001110 H
b101010000110000011110001010011 E
b11011011110111111011010110110111 =
b11111110010000010100000000000000 B
b101111101111 ?
b101111101111 @
b10111110111111100100000101 G
0"
b100011010 0
b100011010 1
1&
#5800000
b100011011 /
0-
0&
#5805000
1"
b11011011110111111011010110110111 #
b11011011110111111011010110110111 M
0N
1&
#5810000
1-
b100011100 2
b1011101011111110111100110111010 '
b10100100110001011101011101001010 T
b1011101101110000111101010111010 P
b1011100011110010101000110111000 Q
b1001111110010100100000010 O
b100 R
b100 )
b100 5
b1011100011110010101000110111000 +
b1011100011110010101000110111000 7
b1001111110010100100000010 *
b1001111110010100100000010 6
0&
#5815000
b11000 C
b1011101101110000111101010111010 D
b10100100110001011101011101001010 <
b1011101011111110111100110111010 L
b1011101010001100111100010111010 ;
b1011101011111110111100110111010 8
b1110010000000100000000 4
1N
b100 J
b1011100011110010101000110111000 H
b1011101101110000111101010111010 E
b10100100110001011101011101001010 =
b10000000000000000000000000 B
b1 ?
b1 @
b1001111110010100100000010 G
0"
b100011011 0
b100011011 1
1&
#5820000
b100011100 /
0-
0&
#5825000
1"
b1011101011111110111100110111010 #
b1011101011111110111100110111010 M
0N
1&
#5830000
1-
b100011101 2
b1 '
b100111101100110000101111001111011 T
b11001011011001110000010110010101 P
b1000110111001110101001110001101 Q
b10000100011111111011001000001000 O
b10 R
b10 )
b10 5
b1000110111001110101001110001101 +
b1000110111001110101001110001101 7
b10000100011111111011001000001000 *
b10000100011111111011001000001000 6
0&
#5835000
1:
b1 A
19
03
b1101 C
b11001011011001110000010110010101 D
b111101100110000101111001111011 <
1>
b1 L
b11000010100110001110000110000101 ;
b11000110111111111111001110001101 8
b100011001110001001000001000 4
1N
b10 J
b1000110111001110101001110001101 H
b11001011011001110000010110010101 E
b100111101100110000101111001111011 =
b11110110010000010000000000000000 B
b1000010001111111101 ?
b11111111111111000010001111111101 @
b10000100011111111011001000001000 G
0"
b100011100 0
b100011100 1
1&
#5840000
b100011101 /
0-
0&
#5845000
1"
b1 #
b1 M
0N
1&
#5850000
1-
b100011110 2
b10100011110001111011111101000111 '
b101100011010000010101110011000111 T
b101001100001001111100000010010111 P
b1110100011100110011000111101000 Q
b11010111101101001000111010101111 O
b101 R
b101 )
b101 5
b1110100011100110011000111101000 +
b1110100011100110011000111101000 7
b11010111101101001000111010101111 *
b11010111101101001000111010101111 6
0&
#5855000
1:
b1 A
19
b1000 C
b1001100001001111100000010010111 D
1F
b1100011010000010101110011000111 <
b10100011110001111011111101000111 L
b10100011110001111011111101000111 ;
b11110111111101111011111111101111 8
b1010100001100000000000010101000 4
1N
b101 J
b1110100011100110011000111101000 H
b101001100001001111100000010010111 E
b101100011010000010101110011000111 =
b10110100100011101010111100000000 B
b110101111011010010001110 ?
b11111111110101111011010010001110 @
b11010111101101001000111010101111 G
0"
b100011101 0
b100011101 1
1&
#5860000
b100011110 /
0-
0&
#5865000
1"
b10100011110001111011111101000111 #
b10100011110001111011111101000111 M
0N
1&
#5870000
1-
b100011111 2
b110010000000000000000000000000 '
b11001101011000100101110110011011 T
b11000011010011111011010110000101 P
b1111010111101101010101111110101 Q
b1001000010110010000100110010000 O
b110 R
b110 )
b110 5
b1111010111101101010101111110101 +
b1111010111101101010101111110101 7
b1001000010110010000100110010000 *
b1001000010110010000100110010000 6
0&
#5875000
13
0:
b10101 C
b11000011010011111011010110000101 D
0F
b11001101011000100101110110011011 <
0>
b110010000000000000000000000000 L
b110010101011111010001001100101 ;
b1111010111111111010101111110101 8
b1001000010100000000100110010000 4
1N
b110 J
b1111010111101101010101111110101 H
b11000011010011111011010110000101 E
b11001101011000100101110110011011 =
b110010000000000000000000000000 B
b1001000010 ?
b1001000010 @
b1001000010110010000100110010000 G
0"
b100011110 0
b100011110 1
1&
#5880000
b100011111 /
0-
0&
#5885000
1"
b110010000000000000000000000000 #
b110010000000000000000000000000 M
0N
1&
#5890000
1-
b100100000 2
b11111111111111111111111111110100 '
b101101000100111011101001011010001 T
b11100011101000110100110111000111 P
b111101100000101011110101111011 Q
b10100110001000001001000001001100 O
b1000 R
b1000 )
b1000 5
b111101100000101011110101111011 +
b111101100000101011110101111011 7
b10100110001000001001000001001100 *
b10100110001000001001000001001100 6
0&
#5895000
1:
b1 A
19
03
b11011 C
b11100011101000110100110111000111 D
b1101000100111011101001011010001 <
1>
b11111111111111111111111111110100 L
b10011011101000100010110100110111 ;
b10111111101000101011110101111111 8
b100100000000001001000001001000 4
1N
b1000 J
b111101100000101011110101111011 H
b11100011101000110100110111000111 E
b101101000100111011101001011010001 =
b1100000000000000000000000000000 B
b10100 ?
b11111111111111111111111111110100 @
b10100110001000001001000001001100 G
0"
b100011111 0
b100011111 1
1&
#5900000
b100100000 /
0-
0&
#5905000
1"
b11111111111111111111111111110100 #
b11111111111111111111111111110100 M
0N
1&
#5910000
1-
b100100001 2
b10110010101011001010010101100101 '
b110001101010111001010001100011011 T
b10110010101011101010100101100101 P
b10010101010010000001100100101 Q
b10100000000001011010011001000000 O
b101 R
b101 )
b101 5
b10010101010010000001100100101 +
b10010101010010000001100100101 7
b10100000000001011010011001000000 *
b10100000000001011010011001000000 6
0&
#5915000
0:
b1 A
19
b101000000000010110100110010 ?
b11111101000000000010110100110010 @
b101 C
b10110010101011101010100101100101 D
b10001101010111001010001100011011 <
b10110010101011001010010101100101 L
b10110010101011001010010101100101 ;
b10110010101011011010011101100101 8
b10000001000000000 4
1N
b101 J
b10010101010010000001100100101 H
b10110010101011101010100101100101 E
b110001101010111001010001100011011 =
b101101001100100000000000 B
b10100000000001011010011001000000 G
0"
b100100000 0
b100100000 1
1&
#5920000
b100100001 /
0-
0&
#5925000
1"
b10110010101011001010010101100101 #
b10110010101011001010010101100101 M
0N
1&
#5930000
1-
b100100010 2
b1000011011101011 '
b11001110011011111010010110011101 T
b100111111011001111100011001111101 P
b10111000011111000001000001110000 Q
b10000110111010111011011000001101 O
b111 R
b111 )
b111 5
b10111000011111000001000001110000 +
b10111000011111000001000001110000 7
b10000110111010111011011000001101 *
b10000110111010111011011000001101 6
0&
#5935000
13
b1 A
19
0>
1F
b10000 C
b111111011001111100011001111101 D
b11001110011011111010010110011101 <
b1000011011101011 L
b111110100101111010011001111101 ;
b10111110111111111011011001111101 8
b10000000011010000001000000000000 4
1N
b111 J
b10111000011111000001000001110000 H
b100111111011001111100011001111101 E
b11001110011011111010010110011101 =
b10110110000011010000000000000000 B
b1000011011101011 ?
b11111111111111111000011011101011 @
b10000110111010111011011000001101 G
0"
b100100001 0
b100100001 1
1&
#5940000
b100100010 /
0-
0&
#5945000
1"
b1000011011101011 #
b1000011011101011 M
0N
1&
#5950000
1-
b100100011 2
b10101011101010101101000101010110 '
b10000001111011010010000100000100 T
b10101011101010101101000101010110 P
b10010100110111101101100000101001 Q
b10110110010111111100100101101 O
b0 R
b0 )
b0 5
b10010100110111101101100000101001 +
b10010100110111101101100000101001 7
b10110110010111111100100101101 *
b10110110010111111100100101101 6
0&
#5955000
b0 A
09
03
1:
b1001 C
b10101011101010101101000101010110 D
0F
b10000001111011010010000100000100 <
0K
0I
b10101011101010101101000101010110 L
b10000010000101010010000100000100 ;
b10010110110111111111100100101101 8
b10100110010101101100000101001 4
1N
b0 J
b10010100110111101101100000101001 H
b10101011101010101101000101010110 E
b10000001111011010010000100000100 =
b10010111111100100101101000000000 B
b10110110010111111100 ?
b10110110010111111100 @
b10110110010111111100100101101 G
0"
b100100010 0
b100100010 1
1&
#5960000
b100100011 /
0-
0&
#5965000
1"
b10101011101010101101000101010110 #
b10101011101010101101000101010110 M
0N
1&
#5970000
1-
b100100100 2
b11110110101000000101100111101100 '
b11000101101010100100100110001100 T
b11110110101000000101100111101100 P
b10011000011110110000100000110000 Q
b1011110001001010101000110111100 O
b10011000011110110000100000110000 +
b10011000011110110000100000110000 7
b1011110001001010101000110111100 *
b1011110001001010101000110111100 6
0&
#5975000
b10000 C
b11110110101000000101100111101100 D
b11000101101010100100100110001100 <
b11110110101000000101100111101100 L
b11000110010111100101100110001100 ;
b11011110011111110101100110111100 8
b11000001000010000000000110000 4
1N
b10011000011110110000100000110000 H
b11110110101000000101100111101100 E
b11000101101010100100100110001100 =
b1010001101111000000000000000000 B
b101111000100101 ?
b101111000100101 @
b1011110001001010101000110111100 G
0"
b100100011 0
b100100011 1
1&
#5980000
b100100100 /
0-
0&
#5985000
1"
b11110110101000000101100111101100 #
b11110110101000000101100111101100 M
0N
1&
#5990000
1-
b100100101 2
b101101110000000000000000000000 '
b100110111101100001100010001110000 T
b10001000100111011001011100010000 P
b101000011101100110100101010000 Q
b1100000001001110010110111000000 O
b110 R
b110 )
b110 5
b101000011101100110100101010000 +
b101000011101100110100101010000 7
b1100000001001110010110111000000 *
b1100000001001110010110111000000 6
0&
#5995000
13
0:
1>
b10001000100111011001011100010000 D
b110111101100001100010001110000 <
b101101110000000000000000000000 L
b1001000010100010100010010010000 ;
b1101000011101110110110111010000 8
b100000001001100010100101000000 4
1N
b110 J
b101000011101100110100101010000 H
b10001000100111011001011100010000 E
b100110111101100001100010001110000 =
b101101110000000000000000000000 B
b110000000100111 ?
b110000000100111 @
b1100000001001110010110111000000 G
0"
b100100100 0
b100100100 1
1&
#6000000
b100100101 /
0-
0&
#6005000
1"
b101101110000000000000000000000 #
b101101110000000000000000000000 M
0N
1&
#6010000
1-
b100100110 2
b1 '
b110101010000100000010101101010100 T
b11110111100011101010100111101110 P
b100110101111110011111101001101 Q
b11010000110011110110101010100001 O
b10 R
b10 )
b10 5
b100110101111110011111101001101 +
b100110101111110011111101001101 7
b11010000110011110110101010100001 *
b11010000110011110110101010100001 6
0&
#6015000
b1 A
19
03
0:
b1101 C
b11110111100011101010100111101110 D
b10101010000100000010101101010100 <
b1 L
b11110110011100000101010111101100 ;
b11110110111111110111111111101101 8
b100011110010101000000001 4
1N
b10 J
b100110101111110011111101001101 H
b11110111100011101010100111101110 E
b110101010000100000010101101010100 =
b11101101010101000010000000000000 B
b1101000011001111011 ?
b11111111111111101000011001111011 @
b11010000110011110110101010100001 G
0"
b100100101 0
b100100101 1
1&
#6020000
b100100110 /
0-
0&
#6025000
1"
b1 #
b1 M
0N
1&
#6030000
1-
b100100111 2
b11111010111101111010111111110101 '
b110000000011010110111111100000000 T
b101110101011110101101111011101010 P
b1111010100001111010111111110101 Q
b11111010111100110010111011110101 O
b100 R
b100 )
b100 5
b1111010100001111010111111110101 +
b1111010100001111010111111110101 7
b11111010111100110010111011110101 *
b11111010111100110010111011110101 6
0&
#6035000
b10101 C
b1110101011110101101111011101010 D
1F
b10000000011010110111111100000000 <
b11111010111101111010111111110101 L
b10000000011101001000000100000000 ;
b11111010111101111010111111110101 8
b1111010100000110010111011110101 4
1N
b100 J
b1111010100001111010111111110101 H
b101110101011110101101111011101010 E
b110000000011010110111111100000000 =
b11011110101000000000000000000000 B
b11111010111 ?
b11111111111111111111111111010111 @
b11111010111100110010111011110101 G
0"
b100100110 0
b100100110 1
1&
#6040000
b100100111 /
0-
0&
#6045000
1"
b11111010111101111010111111110101 #
b11111010111101111010111111110101 M
0N
1&
#6050000
1-
b100101000 2
b1111001001100101101111011110001 '
b11100100101000101011100111001001 T
b101111001001100101101111011110001 P
b11001010010010000001001010010100 Q
b10101110111010101100110001011101 O
b0 R
b0 )
b0 5
b11001010010010000001001010010100 +
b11001010010010000001001010010100 7
b10101110111010101100110001011101 *
b10101110111010101100110001011101 6
0&
#6055000
1K
13
b1 A
19
0>
b10100 C
b1111001001100101101111011110001 D
b11100100101000101011100111001001 <
1I
b1111001001100101101111011110001 L
b1100100101000101101111011001001 ;
b11101110111010101101111011011101 8
b10001010010010000000000000010100 4
1N
b0 J
b11001010010010000001001010010100 H
b101111001001100101101111011110001 E
b11100100101000101011100111001001 =
b11000101110100000000000000000000 B
b101011101110 ?
b11111111111111111111101011101110 @
b10101110111010101100110001011101 G
0"
b100100111 0
b100100111 1
1&
#6060000
b100101000 /
0-
0&
#6065000
1$
1%
1"
b1111001001100101101111011110001 #
b1111001001100101101111011110001 M
0N
1&
#6070000
1-
b100101001 2
b1 '
b101010110111110000100000010101110 T
b100010011101110010000110000100110 P
b1011110011000000110010110111100 Q
b10110101010110001010011001101010 O
b10 R
b10 )
b10 5
b1011110011000000110010110111100 +
b1011110011000000110010110111100 7
b10110101010110001010011001101010 *
b10110101010110001010011001101010 6
0&
#6075000
1:
03
b1 A
19
1>
b11100 C
b10011101110010000110000100110 D
b1010110111110000100000010101110 <
0K
0I
b1 L
b11101011001110001100001111010110 ;
b11111111011110001110011111111110 8
b10100010000000010010000101000 4
1N
b10 J
b1011110011000000110010110111100 H
b100010011101110010000110000100110 E
b101010110111110000100000010101110 =
b10100000000000000000000000000000 B
b1011 ?
b11111111111111111111111111111011 @
b10110101010110001010011001101010 G
0"
b100101000 0
b100101000 1
1&
#6080000
b100101001 /
0-
0&
#6085000
0$
0%
1"
b1 #
b1 M
0N
1&
#6090000
1-
b100101010 2
b11001100000000000000100010011000 '
b100001101000100100110110000011010 T
b110101011011100111010010101010110 P
b11001111001100001001110010011110 Q
b11011100010000110000100010111000 O
b11 R
b11 )
b11 5
b11001111001100001001110010011110 +
b11001111001100001001110010011110 7
b11011100010000110000100010111000 *
b11011100010000110000100010111000 6
0&
#6095000
b0 A
09
0:
b11110 C
b10101011011100111010010101010110 D
b1101000100100110110000011010 <
b11001100000000000000100010011000 L
b10011011100111001010000100110 ;
b11011111011100111001110010111110 8
b11001100000000000000100010011000 4
1N
b11 J
b11001111001100001001110010011110 H
b110101011011100111010010101010110 E
b100001101000100100110110000011010 =
b0 B
b11 ?
b11111111111111111111111111111111 @
b11011100010000110000100010111000 G
0"
b100101001 0
b100101001 1
1&
#6100000
b100101010 /
0-
0&
#6105000
1"
b11001100000000000000100010011000 #
b11001100000000000000100010011000 M
0N
1&
#6110000
1-
b100101011 2
b1011110010000011011111010000000 '
b111011010001110001111101110110100 T
b100100000101110010001001001000000 P
b100011010000000000101101000110 Q
b11111101011110010000011011111010 O
b110 R
b110 )
b110 5
b100011010000000000101101000110 +
b100011010000000000101101000110 7
b11111101011110010000011011111010 *
b11111101011110010000011011111010 6
0&
#6115000
b1 A
19
0:
b11111101011110010000011011 ?
b11111111111101011110010000011011 @
b110 C
b100000101110010001001001000000 D
b11011010001110001111101110110100 <
b1011110010000011011111010000000 L
b11011110001110010000110110111100 ;
b11111111011110010000111111111110 8
b100001010000000000001001000010 4
1N
b110 J
b100011010000000000101101000110 H
b100100000101110010001001001000000 E
b111011010001110001111101110110100 =
b1011110010000011011111010000000 B
b11111101011110010000011011111010 G
0"
b100101010 0
b100101010 1
1&
#6120000
b100101011 /
0-
0&
#6125000
1"
b1011110010000011011111010000000 #
b1011110010000011011111010000000 M
0N
1&
#6130000
1-
b100101100 2
b11001011111110111111110010010111 '
b10111010001011101010011101110100 T
b101001101110001100010000010011010 P
b11001001110010111011110010010011 Q
b10000011111110100110010000000111 O
b100 R
b100 )
b100 5
b11001001110010111011110010010011 +
b11001001110010111011110010010011 7
b10000011111110100110010000000111 *
b10000011111110100110010000000111 6
0&
#6135000
13
b1 A
19
0>
b10011 C
b1001101110001100010000010011010 D
b10111010001011101010011101110100 <
b11001011111110111111110010010111 L
b1001010001100011101100010010100 ;
b11001011111110111111110010010111 8
b10000001110010100010010000000011 4
1N
b100 J
b11001001110010111011110010010011 H
b101001101110001100010000010011010 E
b10111010001011101010011101110100 =
b100000001110000000000000000000 B
b1000001111111 ?
b11111111111111111111000001111111 @
b10000011111110100110010000000111 G
0"
b100101011 0
b100101011 1
1&
#6140000
b100101100 /
0-
0&
#6145000
1"
b11001011111110111111110010010111 #
b11001011111110111111110010010111 M
0N
1&
#6150000
1-
b100101101 2
b11110001000010011010111111100010 '
b101001111000001101001100010011110 T
b100000110101011100101000000001100 P
b1011011110100111101101110110111 Q
b10101010110110100111010001010101 O
b101 R
b101 )
b101 5
b1011011110100111101101110110111 +
b1011011110100111101101110110111 7
b10101010110110100111010001010101 *
b10101010110110100111010001010101 6
0&
#6155000
1:
03
b1 A
19
1>
b10111 C
b110101011100101000000001100 D
b1001111000001101001100010011110 <
b11110001000010011010111111100010 L
b11110001000010011010111111100010 ;
b11111011110110111111111111110111 8
b1010110100100101000000010101 4
1N
b101 J
b1011011110100111101101110110111 H
b100000110101011100101000000001100 E
b101001111000001101001100010011110 =
b101010100000000000000000000000 B
b101010101 ?
b11111111111111111111111101010101 @
b10101010110110100111010001010101 G
0"
b100101100 0
b100101100 1
1&
#6160000
b100101101 /
0-
0&
#6165000
1"
b11110001000010011010111111100010 #
b11110001000010011010111111100010 M
0N
1&
#6170000
1-
b100101110 2
b100010110101011111000101000 '
b1110001010101011110011011100010 T
b11010100010101011111101110101000 P
b10110001100000000000101001100011 Q
b100010110101011111000101000101 O
b1000 R
b1000 )
b1000 5
b10110001100000000000101001100011 +
b10110001100000000000101001100011 7
b100010110101011111000101000101 *
b100010110101011111000101000101 6
0&
#6175000
b0 A
09
0:
b11 C
b11010100010101011111101110101000 D
0F
b1110001010101011110011011100010 <
0>
b100010110101011111000101000 L
b10010011010101011111101100100110 ;
b10110011110101011111101101100111 8
b100000100000000000000001000001 4
1N
b1000 J
b10110001100000000000101001100011 H
b11010100010101011111101110101000 E
b1110001010101011110011011100010 =
b10110101011111000101000101000 B
b100010110101011111000101000 ?
b100010110101011111000101000 @
b100010110101011111000101000101 G
0"
b100101101 0
b100101101 1
1&
#6180000
b100101110 /
0-
0&
#6185000
1"
b100010110101011111000101000 #
b100010110101011111000101000 M
0N
1&
#6190000
1-
b100101111 2
b10101100100100111110000001 '
b100011001001000010001001000110011 T
b101000000000001101010111001111111 P
b10010011011100101100111000100110 Q
b10101100100100111110000001011001 O
b111 R
b111 )
b111 5
b10010011011100101100111000100110 +
b10010011011100101100111000100110 7
b10101100100100111110000001011001 *
b10101100100100111110000001011001 6
0&
#6195000
13
b0 A
09
1>
b110 C
b1000000000001101010111001111111 D
1F
b11001001000010001001000110011 <
b10101100100100111110000001 L
b111111111000010010111001111111 ;
b10111111111100111110111001111111 8
b10000000000100101100000000000000 4
1N
b111 J
b10010011011100101100111000100110 H
b101000000000001101010111001111111 E
b100011001001000010001001000110011 =
b100100111110000001011001000000 B
b10101100100100111110000001 ?
b11111110101100100100111110000001 @
b10101100100100111110000001011001 G
0"
b100101110 0
b100101110 1
1&
#6200000
b100101111 /
0-
0&
#6205000
1"
b10101100100100111110000001 #
b10101100100100111110000001 M
0N
1&
#6210000
1-
b100110000 2
b1000011101011010101101010000110 '
b100100100111001011001001001001010 T
b101000011101011010101101010000110 P
b10001111011000111110010000011110 Q
b10110100010010010111011001101000 O
b0 R
b0 )
b0 5
b10001111011000111110010000011110 +
b10001111011000111110010000011110 7
b10110100010010010111011001101000 *
b10110100010010010111011001101000 6
0&
#6215000
b11110 C
b1000011101011010101101010000110 D
b100100111001011001001001001010 <
1K
1I
b1000011101011010101101010000110 L
b111011001010101001001001110110 ;
b10111111011010111111011001111110 8
b10000100010000010110010000001000 4
1N
b0 J
b10001111011000111110010000011110 H
b101000011101011010101101010000110 E
b100100100111001011001001001001010 =
b0 B
b10 ?
b11111111111111111111111111111110 @
b10110100010010010111011001101000 G
0"
b100101111 0
b100101111 1
1&
#6220000
b100110000 /
0-
0&
#6225000
1$
1%
1"
b1000011101011010101101010000110 #
b1000011101011010101101010000110 M
0N
1&
#6230000
1-
b100110001 2
b1000000000000000000000000000000 '
b110011011000111110100111100110110 T
b11110101010100101001100111101010 P
b101101000110011010010101011010 Q
b11001000001110001111010010010000 O
b110 R
b110 )
b110 5
b101101000110011010010101011010 +
b101101000110011010010101011010 7
b11001000001110001111010010010000 *
b11001000001110001111010010010000 6
0&
#6235000
b1 A
19
03
0:
0F
b1000000000000000000000000000000 B
b11010 C
b11110101010100101001100111101010 D
b10011011000111110100111100110110 <
0K
0I
b1000000000000000000000000000000 L
b11100101001000010101000111001010 ;
b11101101001110011111010111011010 8
b1000000110001010010000010000 4
1N
b110 J
b101101000110011010010101011010 H
b11110101010100101001100111101010 E
b110011011000111110100111100110110 =
b110010 ?
b11111111111111111111111111110010 @
b11001000001110001111010010010000 G
0"
b100110000 0
b100110000 1
1&
#6240000
b100110001 /
0-
0&
#6245000
0$
0%
1"
b1000000000000000000000000000000 #
b1000000000000000000000000000000 M
0N
1&
#6250000
1-
b100110010 2
b1 '
b10110001101010100001110101100011 T
b1101010110111001110110011010101 P
b1011100100110010110011110111001 Q
b1110010000111000010100011100 O
b10 R
b10 )
b10 5
b1011100100110010110011110111001 +
b1011100100110010110011110111001 7
b1110010000111000010100011100 *
b1110010000111000010100011100 6
0&
#6255000
b11001 C
b1101010110111001110110011010101 D
b10110001101010100001110101100011 <
0>
b1 L
b1010010110110101110001010100101 ;
b1011110110110111110011110111101 8
b1100000000010000010100011000 4
1N
b10 J
b1011100100110010110011110111001 H
b1101010110111001110110011010101 E
b10110001101010100001110101100011 =
b111000000000000000000000000000 B
b111 ?
b111 @
b1110010000111000010100011100 G
0"
b100110001 0
b100110001 1
1&
#6260000
b100110010 /
0-
0&
#6265000
1"
b1 #
b1 M
0N
1&
#6270000
1-
b100110011 2
b1111101101001101101111111111011 '
b11101101010111110100010111011011 T
b10111101101011001111100101111011 P
b1101000001001101101100111010000 Q
b1010101100001100001111110101011 O
b100 R
b100 )
b100 5
b1101000001001101101100111010000 +
b1101000001001101101100111010000 7
b1010101100001100001111110101011 *
b1010101100001100001111110101011 6
0&
#6275000
13
b10000 C
b10111101101011001111100101111011 D
b11101101010111110100010111011011 <
b1111101101001101101111111111011 L
b111101101000001100011001111011 ;
b1111101101001101101111111111011 8
b1000000000001100001100110000000 4
1N
b100 J
b1101000001001101101100111010000 H
b10111101101011001111100101111011 E
b11101101010111110100010111011011 =
b11111101010110000000000000000 B
b101010110000110 ?
b101010110000110 @
b1010101100001100001111110101011 G
0"
b100110010 0
b100110010 1
1&
#6280000
b100110011 /
0-
0&
#6285000
1"
b1111101101001101101111111111011 #
b1111101101001101101111111111011 M
0N
1&
#6290000
1-
b100110100 2
b100100001010000110010101001000 '
b11001011010011101111011110010111 T
b10100100001000111101001101000111 P
b1101100011010100110110111011000 Q
b110111101110010110010101101111 O
b11 R
b11 )
b11 5
b1101100011010100110110111011000 +
b1101100011010100110110111011000 7
b110111101110010110010101101111 *
b110111101110010110010101101111 6
0&
#6295000
b11000 C
b10100100001000111101001101000111 D
b11001011010011101111011110010111 <
b100100001010000110010101001000 L
b1011011110100110000100010110111 ;
b1111111111110110110110111111111 8
b100100001010000110010101001000 4
1N
b11 J
b1101100011010100110110111011000 H
b10100100001000111101001101000111 E
b11001011010011101111011110010111 =
b1101111000000000000000000000000 B
b110111 ?
b110111 @
b110111101110010110010101101111 G
0"
b100110011 0
b100110011 1
1&
#6300000
b100110100 /
0-
0&
#6305000
1"
b100100001010000110010101001000 #
b100100001010000110010101001000 M
0N
1&
#6310000
1-
b100110101 2
b1011011111101011110000010111000 '
b101011011111101011110000010111000 T
b11101001101000110010111111010010 P
b1000110110101101010011110001101 Q
b10100010110011001000100001000101 O
b1 R
b1 )
b1 5
b1000110110101101010011110001101 +
b1000110110101101010011110001101 7
b10100010110011001000100001000101 *
b10100010110011001000100001000101 6
0&
#6315000
1K
1:
b1 A
19
03
1I
b1101 C
b11101001101000110010111111010010 D
b1011011111101011110000010111000 <
1>
b1011011111101011110000010111000 L
b11100100000110100010111111001000 ;
b11100110110111101010111111001101 8
b10110001001000000000000101 4
1N
b1 J
b1000110110101101010011110001101 H
b11101001101000110010111111010010 E
b101011011111101011110000010111000 =
b10010001000010001010000000000000 B
b1010001011001100100 ?
b11111111111111010001011001100100 @
b10100010110011001000100001000101 G
0"
b100110100 0
b100110100 1
1&
#6320000
b100110101 /
0-
0&
#6325000
1$
1%
1"
b1011011111101011110000010111000 #
b1011011111101011110000010111000 M
0N
1&
#6330000
1-
b100110110 2
b100 '
b11000111110011101001000110001111 T
b11000100000101111011010110000111 P
b1111110001001001001000111111100 Q
b1000101111100110010001110001011 O
b1000 R
b1000 )
b1000 5
b1111110001001001001000111111100 +
b1111110001001001001000111111100 7
b1000101111100110010001110001011 *
b1000101111100110010001110001011 6
0&
#6335000
13
0:
b11100 C
b11000100000101111011010110000111 D
b11000111110011101001000110001111 <
0>
0K
0I
b100 L
b111011110101111011001001110111 ;
b1111111111101111011001111111111 8
b1000100001000000000000110001000 4
1N
b1000 J
b1111110001001001001000111111100 H
b11000100000101111011010110000111 E
b11000111110011101001000110001111 =
b10110000000000000000000000000000 B
b100 ?
b100 @
b1000101111100110010001110001011 G
0"
b100110101 0
b100110101 1
1&
#6340000
b100110110 /
0-
0&
#6345000
0$
0%
1"
b100 #
b100 M
0N
1&
#6350000
1-
b100110111 2
b110111000011110000111111101 '
b10011011100111110001010100111000 T
b101000000100111010010101010000000 P
b11010010011111110000101010100100 Q
b1101110000111100001111111011100 O
b11010010011111110000101010100100 +
b11010010011111110000101010100100 7
b1101110000111100001111111011100 *
b1101110000111100001111111011100 6
0&
#6355000
b0 A
09
03
1:
1F
b100 C
b1000000100111010010101010000000 D
b10011011100111110001010100111000 <
b110111000011110000111111101 L
b10111100011000010001010101111000 ;
b11111110011111110001111111111100 8
b1000010000111100000101010000100 4
1N
b11010010011111110000101010100100 H
b101000000100111010010101010000000 E
b10011011100111110001010100111000 =
b11100001111000011111110111000000 B
b110111000011110000111111101 ?
b110111000011110000111111101 @
b1101110000111100001111111011100 G
0"
b100110110 0
b100110110 1
1&
#6360000
b100110111 /
0-
0&
#6365000
1"
b110111000011110000111111101 #
b110111000011110000111111101 M
0N
1&
#6370000
1-
b100111000 2
b1011110001000101011111010111100 '
b10111001111000100101100101110100 T
b1011111010011001100000010111110 P
b1010010101101010011001110100101 Q
b1100100101111000110100011001 O
b101 R
b101 )
b101 5
b1010010101101010011001110100101 +
b1010010101101010011001110100101 7
b1100100101111000110100011001 *
b1100100101111000110100011001 6
0&
#6375000
0:
b1 A
19
b101 C
b1011111010011001100000010111110 D
0F
b10111001111000100101100101110100 <
b1011110001000101011111010111100 L
b1011110001000101011111010111100 ;
b1011110101101111011111110111101 8
b100101010000000100000001 4
1N
b101 J
b1010010101101010011001110100101 H
b1011111010011001100000010111110 E
b10111001111000100101100101110100 =
b10010010111100011010001100100000 B
b11001001011110001101000 ?
b11001001011110001101000 @
b1100100101111000110100011001 G
0"
b100110111 0
b100110111 1
1&
#6380000
b100111000 /
0-
0&
#6385000
1"
b1011110001000101011111010111100 #
b1011110001000101011111010111100 M
0N
1&
#6390000
1-
b100111001 2
b1 '
b10100101101011011100110101001011 T
b110011000110001010100111100110001 P
b11111001100010111100000011110011 Q
b10011111001110011000111000111110 O
b10 R
b10 )
b10 5
b11111001100010111100000011110011 +
b11111001100010111100000011110011 7
b10011111001110011000111000111110 *
b10011111001110011000111000111110 6
0&
#6395000
b1 A
19
03
1F
b10011 C
b10011000110001010100111100110001 D
b10100101101011011100110101001011 <
0>
b1 L
b1100110101100100100111011001101 ;
b11111111101110111100111011111111 8
b10011001000010011000000000110010 4
1N
b10 J
b11111001100010111100000011110011 H
b110011000110001010100111100110001 E
b10100101101011011100110101001011 =
b1110001111100000000000000000000 B
b1001111100111 ?
b11111111111111111111001111100111 @
b10011111001110011000111000111110 G
0"
b100111000 0
b100111000 1
1&
#6400000
b100111001 /
0-
0&
#6405000
1"
b1 #
b1 M
0N
1&
#6410000
1-
b100111010 2
b11001110011111010100011110011100 '
b101001010011100101100000010010100 T
b100001110011111011001100000011100 P
b1100010000001010110101111000100 Q
b10101100011110000010110001011000 O
b101 R
b101 )
b101 5
b1100010000001010110101111000100 +
b1100010000001010110101111000100 7
b10101100011110000010110001011000 *
b10101100011110000010110001011000 6
0&
#6415000
1:
b1 A
19
1>
b100 C
b1110011111011001100000011100 D
b1001010011100101100000010010100 <
b11001110011111010100011110011100 L
b11001110011111010100011110011100 ;
b11101110011111010110111111011100 8
b100000000000000010100001000000 4
1N
b101 J
b1100010000001010110101111000100 H
b100001110011111011001100000011100 E
b101001010011100101100000010010100 =
b11000111100000101100010110000000 B
b1010110001111000001011000101 ?
b11111010110001111000001011000101 @
b10101100011110000010110001011000 G
0"
b100111001 0
b100111001 1
1&
#6420000
b100111010 /
0-
0&
#6425000
1"
b11001110011111010100011110011100 #
b11001110011111010100011110011100 M
0N
1&
#6430000
1-
b100111011 2
b101110001101100100001101 '
b100101010111110111111111001010110 T
b110001011100001000100001100010 P
b11001110100100010100000110 Q
b101110001101100100001101011100 O
b1000 R
b1000 )
b1000 5
b11001110100100010100000110 +
b11001110100100010100000110 7
b101110001101100100001101011100 *
b101110001101100100001101011100 6
0&
#6435000
b0 A
09
0:
b110 C
b110001011100001000100001100010 D
0F
b101010111110111111111001010110 <
1>
b101110001101100100001101 L
b101101000011000000011001011010 ;
b101111001111100100011101011110 8
b10001100100100000100000100 4
1N
b1000 J
b11001110100100010100000110 H
b110001011100001000100001100010 E
b100101010111110111111111001010110 =
b10001101100100001101011100000000 B
b101110001101100100001101 ?
b101110001101100100001101 @
b101110001101100100001101011100 G
0"
b100111010 0
b100111010 1
1&
#6440000
b100111011 /
0-
0&
#6445000
1"
b101110001101100100001101 #
b101110001101100100001101 M
0N
1&
#6450000
1-
b100111100 2
b11000001000001110011011110000010 '
b111000001000001110011011110000010 T
b11011001001100110110100110110010 P
b1100000101100001100100011000 Q
b11001101000111010101000010011010 O
b1 R
b1 )
b1 5
b1100000101100001100100011000 +
b1100000101100001100100011000 7
b11001101000111010101000010011010 *
b11001101000111010101000010011010 6
0&
#6455000
b1 A
19
0K
03
0:
b11000 C
b11011001001100110110100110110010 D
b11000001000001110011011110000010 <
1I
b11000001000001110011011110000010 L
b11000001000010110100100110000010 ;
b11001101000111110101100110011010 8
b1100000101000001000000011000 4
1N
b1 J
b1100000101100001100100011000 H
b11011001001100110110100110110010 E
b111000001000001110011011110000010 =
b10011010000000000000000000000000 B
b11001101 ?
b11111111111111111111111111001101 @
b11001101000111010101000010011010 G
0"
b100111011 0
b100111011 1
1&
#6460000
b100111100 /
0-
0&
#6465000
1%
1"
b11000001000001110011011110000010 #
b11000001000001110011011110000010 M
0N
1&
#6470000
1-
b100111101 2
b11000001100110110001010000000000 '
b110001101110110101001010100011011 T
b100111000000001100011100001101111 P
b1010101000101011101000110101010 Q
b11100010111100000110011011000101 O
b110 R
b110 )
b110 5
b1010101000101011101000110101010 +
b1010101000101011101000110101010 7
b11100010111100000110011011000101 *
b11100010111100000110011011000101 6
0&
#6475000
1F
b1010 C
b111000000001100011100001101111 D
b10001101110110101001010100011011 <
0I
b11000001100110110001010000000000 L
b10110111111001011011011101101111 ;
b11110111111101011111011111101111 8
b1000000000100000100000010000000 4
1N
b110 J
b1010101000101011101000110101010 H
b100111000000001100011100001101111 E
b110001101110110101001010100011011 =
b11000001100110110001010000000000 B
b1110001011110000011001 ?
b11111111111110001011110000011001 @
b11100010111100000110011011000101 G
0"
b100111100 0
b100111100 1
1&
#6480000
b100111101 /
0-
0&
#6485000
0%
1"
b11000001100110110001010000000000 #
b11000001100110110001010000000000 M
0N
1&
#6490000
1-
b100111110 2
b1 '
b10101011001101100010110101010111 T
b1101110111011011101100011011101 P
b1100001110110111101010111000011 Q
b1101000100100000001100011010 O
b10 R
b10 )
b10 5
b1100001110110111101010111000011 +
b1100001110110111101010111000011 7
b1101000100100000001100011010 *
b1101000100100000001100011010 6
0&
#6495000
b11 C
b1101110111011011101100011011101 D
0F
b10101011001101100010110101010111 <
0>
b1 L
b1101100110010011101011011011001 ;
b1101101110110111101011111011011 8
b1000100100000000100000010 4
1N
b10 J
b1100001110110111101010111000011 H
b1101110111011011101100011011101 E
b10101011001101100010110101010111 =
b1101000100100000001100011010000 B
b1101000100100000001100011 ?
b1101000100100000001100011 @
b1101000100100000001100011010 G
0"
b100111101 0
b100111101 1
1&
#6500000
b100111110 /
0-
0&
#6505000
1"
b1 #
b1 M
0N
1&
#6510000
1-
b100111111 2
1(
b0 '
0S
b101010011000000011000011010100110 T
b1011111011010000100110010111110 P
b110001100110110001100001100 Q
b1011001001101001110100110110010 O
b110001100110110001100001100 +
b110001100110110001100001100 7
b1011001001101001110100110110010 *
b1011001001101001110100110110010 6
0&
#6515000
b0 A
09
1>
b1100 C
b1011111011010000100110010111110 D
b1010011000000011000011010100110 <
b0 L
b1011111000001111000101010111110 ;
b1011111001101111110101110111110 8
b1100000110000100000000 4
1N
b110001100110110001100001100 H
b1011111011010000100110010111110 E
b101010011000000011000011010100110 =
b1001110100110110010000000000000 B
b1011001001101001110 ?
b1011001001101001110 @
b1011001001101001110100110110010 G
0"
b100111110 0
b100111110 1
1&
#6520000
b100111111 /
0-
0&
#6525000
1!
1"
b0 #
b0 M
0N
1&
#6530000
1-
b101000000 2
0(
b11110101111110101111111111101011 '
b110010011000101010001000100100110 T
b101010110110010110000110010101100 P
b1100001110110101111110111000011 Q
b11110100111100000000111011101001 O
b100 R
b100 )
b100 5
b1100001110110101111110111000011 +
b1100001110110101111110111000011 7
b11110100111100000000111011101001 *
b11110100111100000000111011101001 6
0&
#6535000
b1 A
19
03
0:
1F
b11 C
b1010110110010110000110010101100 D
b10010011000101010001000100100110 <
b11110101111110101111111111101011 L
b10010101001010101111001100101010 ;
b11110101111110101111111111101011 8
b1100000110100000000110011000001 4
1N
b100 J
b1100001110110101111110111000011 H
b101010110110010110000110010101100 E
b110010011000101010001000100100110 =
b10100111100000000111011101001000 B
b11110100111100000000111011101 ?
b11111110100111100000000111011101 @
b11110100111100000000111011101001 G
0"
b100111111 0
b100111111 1
1&
#6540000
b101000000 /
0-
0&
#6545000
0!
1"
b11110101111110101111111111101011 #
b11110101111110101111111111101011 M
0N
1&
#6550000
1-
b101000001 2
b11111001011111111011100111110011 '
b11111001011111111011100111110011 T
b11110001110110110010110111100011 P
b1111100001011011011100111111000 Q
b1110101101011010111001111101011 O
b1 R
b1 )
b1 5
b1111100001011011011100111111000 +
b1111100001011011011100111111000 7
b1110101101011010111001111101011 *
b1110101101011010111001111101011 6
0&
#6555000
13
b1 A
19
0>
b11000 C
b11110001110110110010110111100011 D
0F
b11111001011111111011100111110011 <
0I
b11111001011111111011100111110011 L
b1001100000001100101000010011 ;
b1111101101011011111101111111011 8
b1110100001011010011000111101000 4
1N
b1 J
b1111100001011011011100111111000 H
b11110001110110110010110111100011 E
b11111001011111111011100111110011 =
b11101011000000000000000000000000 B
b1110101 ?
b1110101 @
b1110101101011010111001111101011 G
0"
b101000000 0
b101000000 1
1&
#6560000
b101000001 /
0-
0&
#6565000
1"
b11111001011111111011100111110011 #
b11111001011111111011100111110011 M
0N
1&
#6570000
1-
b101000010 2
b110100101010000101011001101001 '
b100110100101010000101011001101001 T
b10111101101011111011000101111011 P
b1000100100000111010110110001001 Q
b1111001001011000000001111110010 O
b1000100100000111010110110001001 +
b1000100100000111010110110001001 7
b1111001001011000000001111110010 *
b1111001001011000000001111110010 6
0&
#6575000
b0 A
09
1I
1>
b1001 C
b10111101101011111011000101111011 D
b110100101010000101011001101001 <
b110100101010000101011001101001 L
b111101101011111010111001111011 ;
b1111101101011111010111111111011 8
b1000000000000000000000110000000 4
1N
b1000100100000111010110110001001 H
b10111101101011111011000101111011 E
b100110100101010000101011001101001 =
b1011000000001111110010000000000 B
b1111001001011000000001 ?
b1111001001011000000001 @
b1111001001011000000001111110010 G
0"
b101000001 0
b101000001 1
1&
#6580000
b101000010 /
0-
0&
#6585000
1%
1"
b110100101010000101011001101001 #
b110100101010000101011001101001 M
0N
1&
#6590000
1-
b101000011 2
b1111000000000000000000000000000 '
b100101001101010110010100001010100 T
b1000101011011011011111010001010 P
b1101111000010100101100011011 Q
b110111100011000111001101101111 O
b110 R
b110 )
b110 5
b1101111000010100101100011011 +
b1101111000010100101100011011 7
b110111100011000111001101101111 *
b110111100011000111001101101111 6
0&
#6595000
03
b0 A
09
b11011 C
b1000101011011011011111010001010 D
b101001101010110010100001010100 <
1>
0I
b1111000000000000000000000000000 L
b111010011011010011100001110100 ;
b111111111011010111101101111111 8
b101100000000100001100001011 4
1N
b110 J
b1101111000010100101100011011 H
b1000101011011011011111010001010 E
b100101001101010110010100001010100 =
b1111000000000000000000000000000 B
b110 ?
b110 @
b110111100011000111001101101111 G
0"
b101000010 0
b101000010 1
1&
#6600000
b101000011 /
0-
0&
#6605000
0%
1"
b1111000000000000000000000000000 #
b1111000000000000000000000000000 M
0N
1&
#6610000
1-
b101000100 2
b11111111110101101010000100101000 '
b110100010010100110110011101000101 T
b100001010111011101110101000010101 P
b110100010011011100000101101000 Q
b11010110101000010010100010101101 O
b1000 R
b1000 )
b1000 5
b110100010011011100000101101000 +
b110100010011011100000101101000 7
b11010110101000010010100010101101 *
b11010110101000010010100010101101 6
0&
#6615000
b1 A
19
03
0:
1F
b1000 C
b1010111011101110101000010101 D
b10100010010100110110011101000101 <
b11111111110101101010000100101000 L
b11100010111011001110100111000101 ;
b11110110111011011110100111101101 8
b10100000000010000000000101000 4
1N
b1000 J
b110100010011011100000101101000 H
b100001010111011101110101000010101 E
b110100010010100110110011101000101 =
b10100001001010001010110100000000 B
b110101101010000100101000 ?
b11111111110101101010000100101000 @
b11010110101000010010100010101101 G
0"
b101000011 0
b101000011 1
1&
#6620000
b101000100 /
0-
0&
#6625000
1"
b11111111110101101010000100101000 #
b11111111110101101010000100101000 M
0N
1&
#6630000
1-
b101000101 2
b11110101000100010100010111101010 '
b100101011000100001011101001010110 T
b11111010111000010110100111110100 P
b1100111111010000101011111001111 Q
b10010010111110010001001000100101 O
b101 R
b101 )
b101 5
b1100111111010000101011111001111 +
b1100111111010000101011111001111 7
b10010010111110010001001000100101 *
b10010010111110010001001000100101 6
0&
#6635000
1:
b1 A
19
b1111 C
b11111010111000010110100111110100 D
0F
b101011000100001011101001010110 <
b11110101000100010100010111101010 L
b11110101000100010100010111101010 ;
b11110111111110010101011111101111 8
b10111010000001001000000101 4
1N
b101 J
b1100111111010000101011111001111 H
b11111010111000010110100111110100 E
b100101011000100001011101001010110 =
b10001001000100101000000000000000 B
b10010010111110010 ?
b11111111111111110010010111110010 @
b10010010111110010001001000100101 G
0"
b101000100 0
b101000100 1
1&
#6640000
b101000101 /
0-
0&
#6645000
1"
b11110101000100010100010111101010 #
b11110101000100010100010111101010 M
0N
1&
#6650000
1-
b101000110 2
b11011000010010010101111110110000 '
b11001000010010001011101110010000 T
b11100011011100100101111111000110 P
b10001101100101001101001000011011 Q
b1010101110111011000110110101011 O
b10001101100101001101001000011011 +
b10001101100101001101001000011011 7
b1010101110111011000110110101011 *
b1010101110111011000110110101011 6
0&
#6655000
b0 A
09
1:
b11011 C
b11100011011100100101111111000110 D
b11001000010010001011101110010000 <
0>
b11011000010010010101111110110000 L
b11011000010010010101111110110000 ;
b11011101110111011101111110111011 8
b101100101001000000000001011 4
1N
b10001101100101001101001000011011 H
b11100011011100100101111111000110 E
b11001000010010001011101110010000 =
b1011000000000000000000000000000 B
b1010 ?
b1010 @
b1010101110111011000110110101011 G
0"
b101000101 0
b101000101 1
1&
#6660000
b101000110 /
0-
0&
#6665000
1"
b11011000010010010101111110110000 #
b11011000010010010101111110110000 M
0N
1&
#6670000
1-
b101000111 2
b11101111000100100001011111011101 '
b110010001011001000110010100100011 T
b11101111000100100001011111011101 P
b101110110101101101100101011101 Q
b11000000001110110011111010000000 O
b0 R
b0 )
b0 5
b101110110101101101100101011101 +
b101110110101101101100101011101 7
b11000000001110110011111010000000 *
b11000000001110110011111010000000 6
0&
#6675000
b1 A
19
0:
b11101 C
b11101111000100100001011111011101 D
b10010001011001000110010100100011 <
1>
b11101111000100100001011111011101 L
b11101110111011011110011111011101 ;
b11101110111111111111111111011101 8
b100100001100000000000 4
1N
b0 J
b101110110101101101100101011101 H
b11101111000100100001011111011101 E
b110010001011001000110010100100011 =
b0 B
b110 ?
b11111111111111111111111111111110 @
b11000000001110110011111010000000 G
0"
b101000110 0
b101000110 1
1&
#6680000
b101000111 /
0-
0&
#6685000
1"
b11101111000100100001011111011101 #
b11101111000100100001011111011101 M
0N
1&
#6690000
1-
b101001000 2
b100000100101101111111011000 '
b10111110111110011011101101111110 T
b11000011011000100011111110000110 P
b10000010001101000100001000000100 Q
b1000001001011011111110110000010 O
b1000 R
b1000 )
b1000 5
b10000010001101000100001000000100 +
b10000010001101000100001000000100 7
b1000001001011011111110110000010 *
b1000001001011011111110110000010 6
0&
#6695000
b0 A
09
1:
0>
b100 C
b11000011011000100011111110000110 D
b10111110111110011011101101111110 <
b100000100101101111111011000 L
b11000011000110011011111110000110 ;
b11000011001111011111111110000110 8
b1001000100000000000000 4
1N
b1000 J
b10000010001101000100001000000100 H
b11000011011000100011111110000110 E
b10111110111110011011101101111110 =
b10010110111111101100000100000 B
b100000100101101111111011000 ?
b100000100101101111111011000 @
b1000001001011011111110110000010 G
0"
b101000111 0
b101000111 1
1&
#6700000
b101001000 /
0-
0&
#6705000
1"
b100000100101101111111011000 #
b100000100101101111111011000 M
0N
1&
#6710000
1-
b101001001 2
b1011001001101000000100010110 '
b100010000011100010001101000100001 T
b1000110110111100011000010001101 P
b11011001101101000101100110110 Q
b101011101001111010010101010111 O
b11 R
b11 )
b11 5
b11011001101101000101100110110 +
b11011001101101000101100110110 7
b101011101001111010010101010111 *
b101011101001111010010101010111 6
0&
#6715000
0:
1>
b10110 C
b1000110110111100011000010001101 D
b10000011100010001101000100001 <
b1011001001101000000100010110 L
b110000100100010010111001100001 ;
b111011101101111010111101110111 8
b1011001001101000000100010110 4
1N
b11 J
b11011001101101000101100110110 H
b1000110110111100011000010001101 E
b100010000011100010001101000100001 =
b1010101110000000000000000000000 B
b10101110 ?
b10101110 @
b101011101001111010010101010111 G
0"
b101001000 0
b101001000 1
1&
#6720000
b101001001 /
0-
0&
#6725000
1"
b1011001001101000000100010110 #
b1011001001101000000100010110 M
0N
1&
#6730000
1-
b101001010 2
b1100 '
b1011100100001101101101010111001 T
b11010110010011010010101110101011 P
b10111100111000110010100001111001 Q
b11001011010100000001100110010 O
b111 R
b111 )
b111 5
b10111100111000110010100001111001 +
b10111100111000110010100001111001 7
b11001011010100000001100110010 *
b11001011010100000001100110010 6
0&
#6735000
0:
b0 A
09
b11001 C
b11010110010011010010101110101011 D
b1011100100001101101101010111001 <
0>
b1100 L
b10100101100010010010101101001011 ;
b10111101111010110010101101111011 8
b11000011000100000000000110000 4
1N
b111 J
b10111100111000110010100001111001 H
b11010110010011010010101110101011 E
b1011100100001101101101010111001 =
b1100100000000000000000000000000 B
b1100 ?
b1100 @
b11001011010100000001100110010 G
0"
b101001001 0
b101001001 1
1&
#6740000
b101001010 /
0-
0&
#6745000
1"
b1100 #
b1100 M
0N
1&
#6750000
1-
b101001011 2
b10111001000000000000000000000000 '
b101100111000010001100001011001110 T
b101111101100011101001101011111010 P
b10001011010000101110110000010110 Q
b11110010010010111010111011100100 O
b110 R
b110 )
b110 5
b10001011010000101110110000010110 +
b10001011010000101110110000010110 7
b11110010010010111010111011100100 *
b11110010010010111010111011100100 6
0&
#6755000
13
b10110 C
b1111101100011101001101011111010 D
1F
b1100111000010001100001011001110 <
1>
b10111001000000000000000000000000 L
b1111001000010010100001011110010 ;
b11111011010010111110111011110110 8
b10000010010000101010110000000100 4
1N
b110 J
b10001011010000101110110000010110 H
b101111101100011101001101011111010 E
b101100111000010001100001011001110 =
b10111001000000000000000000000000 B
b1111001001 ?
b11111111111111111111111111001001 @
b11110010010010111010111011100100 G
0"
b101001010 0
b101001010 1
1&
#6760000
b101001011 /
0-
0&
#6765000
1"
b10111001000000000000000000000000 #
b10111001000000000000000000000000 M
0N
1&
#6770000
1-
b101001100 2
b10110101001011111000100101101010 '
b101110101001011111000011011101010 T
b100110101110100000101001001101010 P
b1100000010100000110010111000000 Q
b11010101011111111110110010101010 O
b101 R
b101 )
b101 5
b1100000010100000110010111000000 +
b1100000010100000110010111000000 7
b11010101011111111110110010101010 *
b11010101011111111110110010101010 6
0&
#6775000
03
b1 A
19
1:
b0 C
b110101110100000101001001101010 D
b1110101001011111000011011101010 <
b10110101001011111000100101101010 L
b10110101001011111000100101101010 ;
b11110101011111111110110111101010 8
b1000000010100000110010010000000 4
1N
b101 J
b1100000010100000110010111000000 H
b100110101110100000101001001101010 E
b101110101001011111000011011101010 =
b11010101011111111110110010101010 B
b11010101011111111110110010101010 ?
b11010101011111111110110010101010 @
b11010101011111111110110010101010 G
0"
b101001011 0
b101001011 1
1&
#6780000
b101001100 /
0-
0&
#6785000
1"
b10110101001011111000100101101010 #
b10110101001011111000100101101010 M
0N
1&
#6790000
1-
b101001101 2
b110010000010000000000001100 '
b101010000111101000101000010100010 T
b11011101101111101011111110111010 P
b1000110011001010011011110001100 Q
b10010111010110011000100000101110 O
b11 R
b11 )
b11 5
b1000110011001010011011110001100 +
b1000110011001010011011110001100 7
b10010111010110011000100000101110 *
b10010111010110011000100000101110 6
0&
#6795000
b1100 C
b11011101101111101011111110111010 D
0F
b1010000111101000101000010100010 <
b110010000010000000000001100 L
b11010001001111001011111110100010 ;
b11010111011111011011111110101110 8
b110010000010000000000001100 4
1N
b11 J
b1000110011001010011011110001100 H
b11011101101111101011111110111010 E
b101010000111101000101000010100010 =
b10011000100000101110000000000000 B
b10010111010110011000 ?
b11111111111110010111010110011000 @
b10010111010110011000100000101110 G
0"
b101001100 0
b101001100 1
1&
#6800000
b101001101 /
0-
0&
#6805000
1"
b110010000010000000000001100 #
b110010000010000000000001100 M
0N
1&
#6810000
1-
b101001110 2
b11000101001111100100110110001010 '
b100111010110000100011001001110110 T
b100110110101111110101001001101100 P
b1111101111111101000111111111011 Q
b10111000110000001100001001110001 O
b101 R
b101 )
b101 5
b1111101111111101000111111111011 +
b1111101111111101000111111111011 7
b10111000110000001100001001110001 *
b10111000110000001100001001110001 6
0&
#6815000
1F
b11011 C
b110110101111110101001001101100 D
b111010110000100011001001110110 <
b11000101001111100100110110001010 L
b11000101001111100100110110001010 ;
b11111101111111101100111111111011 8
b111000110000001000001001110001 4
1N
b101 J
b1111101111111101000111111111011 H
b100110110101111110101001001101100 E
b100111010110000100011001001110110 =
b10001000000000000000000000000000 B
b10111 ?
b11111111111111111111111111110111 @
b10111000110000001100001001110001 G
0"
b101001101 0
b101001101 1
1&
#6820000
b101001110 /
0-
0&
#6825000
1"
b11000101001111100100110110001010 #
b11000101001111100100110110001010 M
0N
1&
#6830000
1-
b101001111 2
b10110000001001000100100101100000 '
b1101111111000111011100011100000 T
b101001100110001001000101010011000 P
b11101110011100000110100011011100 Q
b1011110010101000010000110111100 O
b11101110011100000110100011011100 +
b11101110011100000110100011011100 7
b1011110010101000010000110111100 *
b1011110010101000010000110111100 6
0&
#6835000
b0 A
09
0:
b11100 C
b1001100110001001000101010011000 D
b1101111111000111011100011100000 <
0>
b10110000001001000100100101100000 L
b10110000001001000100100101100000 ;
b11111110011101000110100111111100 8
b1001110010100000010000010011100 4
1N
b11101110011100000110100011011100 H
b101001100110001001000101010011000 E
b1101111111000111011100011100000 =
b11000000000000000000000000000000 B
b101 ?
b101 @
b1011110010101000010000110111100 G
0"
b101001110 0
b101001110 1
1&
#6840000
b101001111 /
0-
0&
#6845000
1"
b10110000001001000100100101100000 #
b10110000001001000100100101100000 M
0N
1&
#6850000
1-
b101010000 2
b10111110110001010111000101110 '
b101011000011000101001001010110 T
b11101100110011000101101111011000 P
b11100000111000000000010011000001 Q
b1011111011000101011100010111 O
b110 R
b110 )
b110 5
b11100000111000000000010011000001 +
b11100000111000000000010011000001 7
b1011111011000101011100010111 *
b1011111011000101011100010111 6
0&
#6855000
b1 C
b11101100110011000101101111011000 D
0F
b101011000011000101001001010110 <
b10111110110001010111000101110 L
b11101011000011000101001111010110 ;
b11101011111011000101011111010111 8
b111000000000010000000001 4
1N
b110 J
b11100000111000000000010011000001 H
b11101100110011000101101111011000 E
b101011000011000101001001010110 =
b10111110110001010111000101110 B
b101111101100010101110001011 ?
b101111101100010101110001011 @
b1011111011000101011100010111 G
0"
b101001111 0
b101001111 1
1&
#6860000
b101010000 /
0-
0&
#6865000
1"
b10111110110001010111000101110 #
b10111110110001010111000101110 M
0N
1&
#6870000
1-
b101010001 2
b1111111111111110011101111111111 '
b100011011010111011110011000110110 T
b11010000100110000101110110100000 P
b1011010100111010011101110110101 Q
b1110101111110110010000111101011 O
b100 R
b100 )
b100 5
b1011010100111010011101110110101 +
b1011010100111010011101110110101 7
b1110101111110110010000111101011 *
b1110101111110110010000111101011 6
0&
#6875000
13
b0 A
09
1>
b10101 C
b11010000100110000101110110100000 D
b11011010111011110011000110110 <
b1111111111111110011101111111111 L
b101111011001100001101001011110 ;
b1111111111111110011101111111111 8
b1010000100110010010000110100001 4
1N
b100 J
b1011010100111010011101110110101 H
b11010000100110000101110110100000 E
b100011011010111011110011000110110 =
b111101011000000000000000000000 B
b1110101111 ?
b1110101111 @
b1110101111110110010000111101011 G
0"
b101010000 0
b101010000 1
1&
#6880000
b101010001 /
0-
0&
#6885000
1"
b1111111111111110011101111111111 #
b1111111111111110011101111111111 M
0N
1&
#6890000
1-
b101010010 2
b11000100101100000010001010001001 '
b11111101010010100100101111111010 T
b110001100101100000001000100011000 P
b11000111101100101110001010001111 Q
b11000100111111010010111010001001 O
b11 R
b11 )
b11 5
b11000111101100101110001010001111 +
b11000111101100101110001010001111 7
b11000100111111010010111010001001 *
b11000100111111010010111010001001 6
0&
#6895000
b1 A
19
03
0>
b1111 C
b10001100101100000001000100011000 D
1F
b11111101010010100100101111111010 <
b11000100101100000010001010001001 L
b11010011111100110000000110 ;
b11000111111111111110111010001111 8
b11000100101100000010001010001001 4
1N
b11 J
b11000111101100101110001010001111 H
b110001100101100000001000100011000 E
b11111101010010100100101111111010 =
b10010111010001001000000000000000 B
b11000100111111010 ?
b11111111111111111000100111111010 @
b11000100111111010010111010001001 G
0"
b101010001 0
b101010001 1
1&
#6900000
b101010010 /
0-
0&
#6905000
1"
b11000100101100000010001010001001 #
b11000100101100000010001010001001 M
0N
1&
#6910000
1-
b101010011 2
b11011111111101101111111010111111 '
b100000111101100001100110000001111 T
b110111000001111010010000101101111 P
b11011000010001100010101010110000 Q
b11011111111101101111011010111111 O
b100 R
b100 )
b100 5
b11011000010001100010101010110000 +
b11011000010001100010101010110000 7
b11011111111101101111011010111111 *
b11011111111101101111011010111111 6
0&
#6915000
b0 A
09
b10000 C
b10111000001111010010000101101111 D
b111101100001100110000001111 <
1>
b11011111111101101111111010111111 L
b111101100001101110000001111 ;
b11011111111101101111111010111111 8
b11011000010001100010001010110000 4
1N
b100 J
b11011000010001100010101010110000 H
b110111000001111010010000101101111 E
b100000111101100001100110000001111 =
b11110110101111110000000000000000 B
b1101111111110110 ?
b11111111111111111101111111110110 @
b11011111111101101111011010111111 G
0"
b101010010 0
b101010010 1
1&
#6920000
b101010011 /
0-
0&
#6925000
1"
b11011111111101101111111010111111 #
b11011111111101101111111010111111 M
0N
1&
#6930000
1-
b101010100 2
b11111110100101111001011111111101 '
b11111110100101111001011111111101 T
b111010100110100011001110110101001 P
b11101011000111010000001011010110 Q
b11101001101101001001101011010011 O
b1 R
b1 )
b1 5
b11101011000111010000001011010110 +
b11101011000111010000001011010110 7
b11101001101101001001101011010011 *
b11101001101101001001101011010011 6
0&
#6935000
b1 A
19
0>
b10110 C
b11010100110100011001110110101001 D
b11111110100101111001011111111101 <
0I
b11111110100101111001011111111101 L
b10101010011001100000000101 ;
b11101011101111011001101011010111 8
b11101001000101000000001011010010 4
1N
b1 J
b11101011000111010000001011010110 H
b111010100110100011001110110101001 E
b11111110100101111001011111111101 =
b10110100110000000000000000000000 B
b1110100110 ?
b11111111111111111111111110100110 @
b11101001101101001001101011010011 G
0"
b101010011 0
b101010011 1
1&
#6940000
b101010100 /
0-
0&
#6945000
1"
b11111110100101111001011111111101 #
b11111110100101111001011111111101 M
0N
1&
#6950000
1-
b101010101 2
b11111111111111111111111111110000 '
b110110011111000010101011101101000 T
b11001110101010000100000110011100 P
b1101011000110111010100011010 Q
b11000001010001001100110010000010 O
b1000 R
b1000 )
b1000 5
b1101011000110111010100011010 +
b1101011000110111010100011010 7
b11000001010001001100110010000010 *
b11000001010001001100110010000010 6
0&
#6955000
1>
0F
b11010 C
b11001110101010000100000110011100 D
b10110011111000010101011101101000 <
b11111111111111111111111111110000 L
b11001100001001111011100110011000 ;
b11001101011001111111110110011010 8
b1010000000100010000000010 4
1N
b1000 J
b1101011000110111010100011010 H
b11001110101010000100000110011100 E
b110110011111000010101011101101000 =
b1000000000000000000000000000 B
b110000 ?
b11111111111111111111111111110000 @
b11000001010001001100110010000010 G
0"
b101010100 0
b101010100 1
1&
#6960000
b101010101 /
0-
0&
#6965000
1"
b11111111111111111111111111110000 #
b11111111111111111111111111110000 M
0N
1&
#6970000
1-
b101010110 2
1(
b0 '
b1001101010111101010001010011010 T
b100100100011011101010110001001000 P
b11101011100010000000010011010111 Q
b111000111001101010011101110001 O
b10 R
b10 )
b10 5
b11101011100010000000010011010111 +
b11101011100010000000010011010111 7
b111000111001101010011101110001 *
b111000111001101010011101110001 6
0&
#6975000
b0 A
09
0:
0>
1F
b10111 C
b100100011011101010110001001000 D
b1001101010111101010001010011010 <
b0 L
b11010011011011101010001110100110 ;
b11111011111011101010011111110111 8
b101000100000000000010001010001 4
1N
b10 J
b11101011100010000000010011010111 H
b100100100011011101010110001001000 E
b1001101010111101010001010011010 =
b10111000100000000000000000000000 B
b1110001 ?
b1110001 @
b111000111001101010011101110001 G
0"
b101010101 0
b101010101 1
1&
#6980000
b101010110 /
0-
0&
#6985000
1!
1"
b0 #
b0 M
0N
1&
#6990000
1-
b101010111 2
0(
b1111111101001011001101011111111 '
b10001110100110110111100100011101 T
b110000000001010011010001011111111 P
b11111000110001110001010011110001 Q
b10000111011000101000111000001110 O
b101 R
b101 )
b101 5
b11111000110001110001010011110001 +
b11111000110001110001010011110001 7
b10000111011000101000111000001110 *
b10000111011000101000111000001110 6
0&
#6995000
b1 A
19
b10001 C
b10000000001010011010001011111111 D
b10001110100110110111100100011101 <
b1111111101001011001101011111111 L
b1111111101001011001101011111111 ;
b11111111111001111001111011111111 8
b10000000010000100000010000000000 4
1N
b101 J
b11111000110001110001010011110001 H
b110000000001010011010001011111111 E
b10001110100110110111100100011101 =
b11100000111000000000000000000 B
b100001110110001 ?
b11111111111111111100001110110001 @
b10000111011000101000111000001110 G
0"
b101010110 0
b101010110 1
1&
#7000000
b101010111 /
0-
0&
#7005000
0!
1"
b1111111101001011001101011111111 #
b1111111101001011001101011111111 M
0N
1&
#7010000
1-
b101011000 2
b11001101000011000011101110 '
b101100011110010001101101011001000 T
b1101001010000110110000011010010 P
b10101111010100001100000101 Q
b1100110100001100001110111001101 O
b111 R
b111 )
b111 5
b10101111010100001100000101 +
b10101111010100001100000101 7
b1100110100001100001110111001101 *
b1100110100001100001110111001101 6
0&
#7015000
b0 A
09
03
1>
0F
b101 C
b1101001010000110110000011010010 D
b1100011110010001101101011001000 <
b11001101000011000011101110 L
b1100100001110110101111011001000 ;
b1100110101111110101111111001101 8
b10100001000000000100000101 4
1N
b111 J
b10101111010100001100000101 H
b1101001010000110110000011010010 E
b101100011110010001101101011001000 =
b11010000110000111011100110100000 B
b11001101000011000011101110 ?
b11001101000011000011101110 @
b1100110100001100001110111001101 G
0"
b101010111 0
b101010111 1
1&
#7020000
b101011000 /
0-
0&
#7025000
1"
b11001101000011000011101110 #
b11001101000011000011101110 M
0N
1&
#7030000
1-
b101011001 2
b1 '
1S
b11000010001000100010001110000100 T
b1011010010100111011001010110100 P
b1001100000110001100011110011000 Q
b1110001110101110101100011100 O
b10 R
b10 )
b10 5
b1001100000110001100011110011000 +
b1001100000110001100011110011000 7
b1110001110101110101100011100 *
b1110001110101110101100011100 6
0&
#7035000
b1 A
19
0>
b11000 C
b1011010010100111011001010110100 D
b11000010001000100010001110000100 <
b1 L
b1000010001000100010110010000100 ;
b1001110001110101110111110011100 8
b1100000110001100001100011000 4
1N
b10 J
b1001100000110001100011110011000 H
b1011010010100111011001010110100 E
b11000010001000100010001110000100 =
b11100000000000000000000000000 B
b1110 ?
b1110 @
b1110001110101110101100011100 G
0"
b101011000 0
b101011000 1
1&
#7040000
b101011001 /
0-
0&
#7045000
1"
b1 #
b1 M
0N
1&
#7050000
1-
b101011010 2
b1100001001011101011001011000010 '
b101100001001011101011001011000010 T
b110001011101100100101111100010110 P
b10010101010000011101011000101010 Q
b11110110011100001000100011101100 O
b1 R
b1 )
b1 5
b10010101010000011101011000101010 +
b10010101010000011101011000101010 7
b11110110011100001000100011101100 *
b11110110011100001000100011101100 6
0&
#7055000
b0 A
09
03
1I
b1010 C
b10001011101100100101111100010110 D
1F
b1100001001011101011001011000010 <
1>
b1100001001011101011001011000010 L
b1100011001100010101111011000110 ;
b11110111011100011101111011101110 8
b10010100010000001000000000101000 4
1N
b1 J
b10010101010000011101011000101010 H
b110001011101100100101111100010110 E
b101100001001011101011001011000010 =
b11000010001000111011000000000000 B
b1111011001110000100010 ?
b11111111111111011001110000100010 @
b11110110011100001000100011101100 G
0"
b101011001 0
b101011001 1
1&
#7060000
b101011010 /
0-
0&
#7065000
1%
1"
b1100001001011101011001011000010 #
b1100001001011101011001011000010 M
0N
1&
#7070000
1-
b101011011 2
b10111011110100110100111101110111 '
b110010111001111110100010100101110 T
b11001110011000110100111110011100 P
b11011100100100000010100110111 Q
b10110010110100010100101001100101 O
b100 R
b100 )
b100 5
b11011100100100000010100110111 +
b11011100100100000010100110111 7
b10110010110100010100101001100101 *
b10110010110100010100101001100101 6
0&
#7075000
b1 A
19
0:
0F
b10111 C
b11001110011000110100111110011100 D
b10010111001111110100010100101110 <
0I
b10111011110100110100111101110111 L
b10101001010000110100111101010010 ;
b10111011110100110100111101110111 8
b10010100100000000000000100101 4
1N
b100 J
b11011100100100000010100110111 H
b11001110011000110100111110011100 E
b110010111001111110100010100101110 =
b110010100000000000000000000000 B
b101100101 ?
b11111111111111111111111101100101 @
b10110010110100010100101001100101 G
0"
b101011010 0
b101011010 1
1&
#7080000
b101011011 /
0-
0&
#7085000
0%
1"
b10111011110100110100111101110111 #
b10111011110100110100111101110111 M
0N
1&
#7090000
1-
b101011100 2
b1111110100010001010100011111101 '
b10000010100001111001011100000101 T
b110000001011011001101010100000001 P
b11111111011100101001111011111110 Q
b10000001111110100011011000000011 O
b101 R
b101 )
b101 5
b11111111011100101001111011111110 +
b11111111011100101001111011111110 7
b10000001111110100011011000000011 *
b10000001111110100011011000000011 6
0&
#7095000
b1 A
19
0>
1F
b11110 C
b10000001011011001101010100000001 D
b10000010100001111001011100000101 <
b1111110100010001010100011111101 L
b1111110100010001010100011111101 ;
b11111111111110101011111011111111 8
b10000001011100100001011000000010 4
1N
b101 J
b11111111011100101001111011111110 H
b110000001011011001101010100000001 E
b10000010100001111001011100000101 =
b11000000000000000000000000000000 B
b10 ?
b11111111111111111111111111111110 @
b10000001111110100011011000000011 G
0"
b101011011 0
b101011011 1
1&
#7100000
b101011100 /
0-
0&
#7105000
1"
b1111110100010001010100011111101 #
b1111110100010001010100011111101 M
0N
1&
#7110000
1-
b101011101 2
b11111111111111111101111011111111 '
b101011111001100111100111010111111 T
b110011110001001111110101100111011 P
b10011111011110100000111000111110 Q
b11111110101011011101110011111101 O
b100 R
b100 )
b100 5
b10011111011110100000111000111110 +
b10011111011110100000111000111110 7
b11111110101011011101110011111101 *
b11111110101011011101110011111101 6
0&
#7115000
b0 A
09
1>
b10011110001001111110101100111011 D
b1011111001100111100111010111111 <
b11111111111111111101111011111111 L
b1100001110101111101001011000011 ;
b11111111111111111101111011111111 8
b10011110001010000000110000111100 4
1N
b100 J
b10011111011110100000111000111110 H
b110011110001001111110101100111011 E
b101011111001100111100111010111111 =
b1000000000000000000000000000000 B
b11 ?
b11111111111111111111111111111111 @
b11111110101011011101110011111101 G
0"
b101011100 0
b101011100 1
1&
#7120000
b101011101 /
0-
0&
#7125000
1"
b11111111111111111101111011111111 #
b11111111111111111101111011111111 M
0N
1&
#7130000
1-
b101011110 2
b111001110110011111110001110100 '
b100111001110110011111110001110100 T
b110101110100110100110110101011100 P
b10111010011000000011100001110100 Q
b11110100001110100011010011101000 O
b1 R
b1 )
b1 5
b10111010011000000011100001110100 +
b10111010011000000011100001110100 7
b11110100001110100011010011101000 *
b11110100001110100011010011101000 6
0&
#7135000
b111101000011 ?
b11111111111111111111111101000011 @
b10100 C
b10101110100110100110110101011100 D
b111001110110011111110001110100 <
1I
b111001110110011111110001110100 L
b1001110010110100000110010011100 ;
b11111110011110100011110011111100 8
b10110000001000000011000001100000 4
1N
b1 J
b10111010011000000011100001110100 H
b110101110100110100110110101011100 E
b100111001110110011111110001110100 =
b1001110100000000000000000000000 B
b11110100001110100011010011101000 G
0"
b101011101 0
b101011101 1
1&
#7140000
b101011110 /
0-
0&
#7145000
1%
1"
b111001110110011111110001110100 #
b111001110110011111110001110100 M
0N
1&
#7150000
1-
b101011111 2
b11010100101001111010110110101010 '
b11010100101001111010110110101010 T
b11011011011010110110010110110110 P
b10000011011000011101110000000110 Q
b1011000000010011000100110110000 O
b10000011011000011101110000000110 +
b10000011011000011101110000000110 7
b1011000000010011000100110110000 *
b1011000000010011000100110110000 6
0&
#7155000
1K
1:
b0 A
09
03
0F
b110 C
b11011011011010110110010110110110 D
b11010100101001111010110110101010 <
0>
0I
b11010100101001111010110110101010 L
b11011011011010000101010110110110 ;
b11011011011010011101110110110110 8
b11000100000000000 4
1N
b10000011011000011101110000000110 H
b11011011011010110110010110110110 E
b11010100101001111010110110101010 =
b10011000100110110000000000 B
b1011000000010011000100110 ?
b1011000000010011000100110 @
b1011000000010011000100110110000 G
0"
b101011110 0
b101011110 1
1&
#7160000
b101011111 /
0-
0&
#7165000
1$
0%
1"
b11010100101001111010110110101010 #
b11010100101001111010110110101010 M
0N
1&
#7170000
1-
b101100000 2
b10010001011001001101 '
b1010100101010110101000010101010 T
b10111101100000010100100101111010 P
b10110100011010101111110001101000 Q
b1001000101100100110100010010 O
b111 R
b111 )
b111 5
b10110100011010101111110001101000 +
b10110100011010101111110001101000 7
b1001000101100100110100010010 *
b1001000101100100110100010010 6
0&
#7175000
0:
b0 A
09
b1000 C
b10111101100000010100100101111010 D
b1010100101010110101000010101010 <
0K
b10010001011001001101 L
b10111101011111001011000101111010 ;
b10111101011111101111110101111010 8
b100100110000000000 4
1N
b111 J
b10110100011010101111110001101000 H
b10111101100000010100100101111010 E
b1010100101010110101000010101010 =
b10110010011010001001000000000 B
b10010001011001001101 ?
b10010001011001001101 @
b1001000101100100110100010010 G
0"
b101011111 0
b101011111 1
1&
#7180000
b101100000 /
0-
0&
#7185000
0$
1"
b10010001011001001101 #
b10010001011001001101 M
0N
1&
#7190000
1-
b101100001 2
b11111111101110100010111011111111 '
b11100011100110011101000111000111 T
b111100001110110100010111111000011 P
b11111111001000000010111011111110 Q
b11100010101110100000000011000101 O
b100 R
b100 )
b100 5
b11111111001000000010111011111110 +
b11111111001000000010111011111110 7
b11100010101110100000000011000101 *
b11100010101110100000000011000101 6
0&
#7195000
b1 A
19
b11110 C
b11100001110110100010111111000011 D
1F
b11100011100110011101000111000111 <
0>
b11111111101110100010111011111111 L
b11101100110100010111000111011 ;
b11111111101110100010111011111111 8
b11100010001000000000000011000100 4
1N
b100 J
b11111111001000000010111011111110 H
b111100001110110100010111111000011 E
b11100011100110011101000111000111 =
b1000000000000000000000000000000 B
b11 ?
b11111111111111111111111111111111 @
b11100010101110100000000011000101 G
0"
b101100000 0
b101100000 1
1&
#7200000
b101100001 /
0-
0&
#7205000
1"
b11111111101110100010111011111111 #
b11111111101110100010111011111111 M
0N
1&
#7210000
1-
b101100010 2
b1 '
b10100001011100000000001101000011 T
b10010100101011100001011100101001 P
b1111001100111110000100111110011 Q
b11011000011110000110100110110 O
b10 R
b10 )
b10 5
b1111001100111110000100111110011 +
b1111001100111110000100111110011 7
b11011000011110000110100110110 *
b11011000011110000110100110110 6
0&
#7215000
b1 A
19
13
0F
b10011 C
b10010100101011100001011100101001 D
b10100001011100000000001101000011 <
b1 L
b1100010100100000000010011000101 ;
b1111011100111110000110111110111 8
b11001000011110000100100110010 4
1N
b10 J
b1111001100111110000100111110011 H
b10010100101011100001011100101001 E
b10100001011100000000001101000011 =
b1101001101100000000000000000000 B
b1101100001 ?
b1101100001 @
b11011000011110000110100110110 G
0"
b101100001 0
b101100001 1
1&
#7220000
b101100010 /
0-
0&
#7225000
1"
b1 #
b1 M
0N
1&
#7230000
1-
b101100011 2
b11001000010100000010111110010000 '
b11001000010100000010111110010000 T
b100110011011010110010100001100110 P
b10110101100011010111110001101011 Q
b1111101110111011010101111111011 O
b1 R
b1 )
b1 5
b10110101100011010111110001101011 +
b10110101100011010111110001101011 7
b1111101110111011010101111111011 *
b1111101110111011010101111111011 6
0&
#7235000
1K
1:
03
b0 A
09
0I
1F
b1011 C
b110011011010110010100001100110 D
b11001000010100000010111110010000 <
0>
b11001000010100000010111110010000 L
b11001000010100001101011110010000 ;
b11111101110111011111111111111011 8
b110101100011010010100001101011 4
1N
b1 J
b10110101100011010111110001101011 H
b100110011011010110010100001100110 E
b11001000010100000010111110010000 =
b11101101010111111101100000000000 B
b11111011101110110101 ?
b11111011101110110101 @
b1111101110111011010101111111011 G
0"
b101100010 0
b101100010 1
1&
#7240000
b101100011 /
0-
0&
#7245000
1$
1"
b11001000010100000010111110010000 #
b11001000010100000010111110010000 M
0N
1&
#7250000
1-
b101100100 2
b11011111100010111000000000000000 '
b10000011111110111000100100001000 T
b10010011100110111111010100100110 P
b10000111110100000011011000001111 Q
b1011110010111011111100010111 O
b110 R
b110 )
b110 5
b10000111110100000011011000001111 +
b10000111110100000011011000001111 7
b1011110010111011111100010111 *
b1011110010111011111100010111 6
0&
#7255000
1:
b0 A
09
b1111 C
b10010011100110111111010100100110 D
0F
b10000011111110111000100100001000 <
0K
b11011111100010111000000000000000 L
b10001100000110111000100100011000 ;
b10001111110110111011111100011111 8
b11110000000011011000000111 4
1N
b110 J
b10000111110100000011011000001111 H
b10010011100110111111010100100110 E
b10000011111110111000100100001000 =
b11011111100010111000000000000000 B
b1011110010111 ?
b1011110010111 @
b1011110010111011111100010111 G
0"
b101100011 0
b101100011 1
1&
#7260000
b101100100 /
0-
0&
#7265000
0$
1"
b11011111100010111000000000000000 #
b11011111100010111000000000000000 M
0N
1&
#7270000
1-
b101100101 2
b10011111010001111011101100111110 '
b101110101010001111011000011101010 T
b10011111010001111011101100111110 P
b10101000000000000010100101010 Q
b10001010010001111011011000010100 O
b0 R
b0 )
b0 5
b10101000000000000010100101010 +
b10101000000000000010100101010 7
b10001010010001111011011000010100 *
b10001010010001111011011000010100 6
0&
#7275000
b1 A
19
1:
b1010 C
b10011111010001111011101100111110 D
b1110101010001111011000011101010 <
1>
b10011111010001111011101100111110 L
b10011111010001111011001100111110 ;
b10011111010001111011011100111110 8
b10000000000 4
1N
b0 J
b10101000000000000010100101010 H
b10011111010001111011101100111110 E
b101110101010001111011000011101010 =
b11110110110000101000000000000 B
b1000101001000111101101 ?
b11111111111000101001000111101101 @
b10001010010001111011011000010100 G
0"
b101100100 0
b101100100 1
1&
#7280000
b101100101 /
0-
0&
#7285000
1"
b10011111010001111011101100111110 #
b10011111010001111011101100111110 M
0N
1&
#7290000
1-
b101100110 2
b1 '
b11101000111100000100011111010010 T
b110111101110111001001010101111010 P
b11101010011101100010011011010100 Q
b11010011011001100110111010100110 O
b10 R
b10 )
b10 5
b11101010011101100010011011010100 +
b11101010011101100010011011010100 7
b11010011011001100110111010100110 *
b11010011011001100110111010100110 6
0&
#7295000
0:
b1 A
19
0>
1F
b10100 C
b10111101110111001001010101111010 D
b11101000111100000100011111010010 <
b1 L
b111001000100000100100001110010 ;
b11111011011101100110111011110110 8
b11000010011001100010011010000100 4
1N
b10 J
b11101010011101100010011011010100 H
b110111101110111001001010101111010 E
b11101000111100000100011111010010 =
b11101010011000000000000000000000 B
b110100110110 ?
b11111111111111111111110100110110 @
b11010011011001100110111010100110 G
0"
b101100101 0
b101100101 1
1&
#7300000
b101100110 /
0-
0&
#7305000
1"
b1 #
b1 M
0N
1&
#7310000
1-
b101100111 2
b1100000100001100101100000000000 '
b100110000001001000100111001100000 T
b110011011001100111101001100110110 P
b10110101100001111100001001101011 Q
b11100101101011000001000011001011 O
b110 R
b110 )
b110 5
b10110101100001111100001001101011 +
b10110101100001111100001001101011 7
b11100101101011000001000011001011 *
b11100101101011000001000011001011 6
0&
#7315000
b0 A
09
1>
b1011 C
b10011011001100111101001100110110 D
b110000001001000100111001100000 <
b1100000100001100101100000000000 L
b1010000001010111101001010100000 ;
b11110101101011111101001011101011 8
b10100101100001000000000001001011 4
1N
b110 J
b10110101100001111100001001101011 H
b110011011001100111101001100110110 E
b100110000001001000100111001100000 =
b1100000100001100101100000000000 B
b111001011010110000010 ?
b11111111111111001011010110000010 @
b11100101101011000001000011001011 G
0"
b101100110 0
b101100110 1
1&
#7320000
b101100111 /
0-
0&
#7325000
1"
b1100000100001100101100000000000 #
b1100000100001100101100000000000 M
0N
1&
#7330000
1-
b101101000 2
b10010000000010001000000100 '
b1000001011111011100000010000 T
b11111100110000000001110111111000 P
b11111010010010000011001011110100 Q
b10011101111110101100000100 O
b11 R
b11 )
b11 5
b11111010010010000011001011110100 +
b11111010010010000011001011110100 7
b10011101111110101100000100 *
b10011101111110101100000100 6
0&
#7335000
03
b10100 C
b11111100110000000001110111111000 D
0F
b1000001011111011100000010000 <
0>
b10010000000010001000000100 L
b11111000001111111101100111110000 ;
b11111010011111111111101111110100 8
b10010000000010001000000100 4
1N
b11 J
b11111010010010000011001011110100 H
b11111100110000000001110111111000 E
b1000001011111011100000010000 =
b10110000010000000000000000000000 B
b100111 ?
b100111 @
b10011101111110101100000100 G
0"
b101100111 0
b101100111 1
1&
#7340000
b101101000 /
0-
0&
#7345000
1"
b10010000000010001000000100 #
b10010000000010001000000100 M
0N
1&
#7350000
1-
b101101001 2
b100011010001011011000011000110 '
b1010101101000001111000010101100 T
b100110111011101011101001001101110 P
b11110000111010100111000011100001 Q
b1000110100010110110000110001101 O
b1000 R
b1000 )
b1000 5
b11110000111010100111000011100001 +
b11110000111010100111000011100001 7
b1000110100010110110000110001101 *
b1000110100010110110000110001101 6
0&
#7355000
b1 C
b110111011101011101001001101110 D
1F
b1010101101000001111000010101100 <
b100011010001011011000011000110 L
b10110110011000010001000101101100 ;
b11110110111010110111000111101101 8
b1000000100010100110000010000001 4
1N
b1000 J
b11110000111010100111000011100001 H
b100110111011101011101001001101110 E
b1010101101000001111000010101100 =
b10001101000101101100001100011010 B
b100011010001011011000011000110 ?
b100011010001011011000011000110 @
b1000110100010110110000110001101 G
0"
b101101000 0
b101101000 1
1&
#7360000
b101101001 /
0-
0&
#7365000
1"
b100011010001011011000011000110 #
b100011010001011011000011000110 M
0N
1&
#7370000
1-
b101101010 2
b11111011111010011001000111110 '
b1100110010010100100100011001100 T
b100011111011111010011001000111110 P
b11011100100110010111010010111001 Q
b1000010111000111011110110000101 O
b0 R
b0 )
b0 5
b11011100100110010111010010111001 +
b11011100100110010111010010111001 7
b1000010111000111011110110000101 *
b1000010111000111011110110000101 6
0&
#7375000
b11001 C
b11111011111010011001000111110 D
b1100110010010100100100011001100 <
1I
b11111011111010011001000111110 L
b10011110011110101100100100111100 ;
b11011110111110111111110110111101 8
b1000000100000010011010010000001 4
1N
b0 J
b11011100100110010111010010111001 H
b100011111011111010011001000111110 E
b1100110010010100100100011001100 =
b1010000000000000000000000000 B
b100001 ?
b100001 @
b1000010111000111011110110000101 G
0"
b101101001 0
b101101001 1
1&
#7380000
b101101010 /
0-
0&
#7385000
1%
1"
b11111011111010011001000111110 #
b11111011111010011001000111110 M
0N
1&
#7390000
1-
b101101011 2
b1010100100000001001100010101001 '
b100110100011111111000100001101001 T
b110010101001111101010010100101001 P
b10110000010111111000111001100000 Q
b11100100110111110001011011001001 O
b101 R
b101 )
b101 5
b10110000010111111000111001100000 +
b10110000010111111000111001100000 7
b11100100110111110001011011001001 *
b11100100110111110001011011001001 6
0&
#7395000
b0 C
b10010101001111101010010100101001 D
b110100011111111000100001101001 <
1>
0I
b1010100100000001001100010101001 L
b1010100100000001001100010101001 ;
b11110100110111111001111011101001 8
b10100000010111110000011001000000 4
1N
b101 J
b10110000010111111000111001100000 H
b110010101001111101010010100101001 E
b100110100011111111000100001101001 =
b11100100110111110001011011001001 B
b11100100110111110001011011001001 ?
b11100100110111110001011011001001 @
b11100100110111110001011011001001 G
0"
b101101010 0
b101101010 1
1&
#7400000
b101101011 /
0-
0&
#7405000
0%
1"
b1010100100000001001100010101001 #
b1010100100000001001100010101001 M
0N
1&
#7410000
1-
b101101100 2
b1 '
b110000100111011110110011100001010 T
b11000001110110001111110110000010 P
b11110011101001100101100111100 Q
b10100011011001000011001001000110 O
b10 R
b10 )
b10 5
b11110011101001100101100111100 +
b11110011101001100101100111100 7
b10100011011001000011001001000110 *
b10100011011001000011001001000110 6
0&
#7415000
b1 A
19
0F
b11100 C
b11000001110110001111110110000010 D
b10000100111011110110011100001010 <
1>
b1 L
b10111101000100001111100101111010 ;
b10111111011101001111101101111110 8
b10011001000000001000000100 4
1N
b10 J
b11110011101001100101100111100 H
b11000001110110001111110110000010 E
b110000100111011110110011100001010 =
b1100000000000000000000000000000 B
b1010 ?
b11111111111111111111111111111010 @
b10100011011001000011001001000110 G
0"
b101101011 0
b101101011 1
1&
#7420000
b101101100 /
0-
0&
#7425000
1"
b1 #
b1 M
0N
1&
#7430000
1-
b101101101 2
b11101111011110010000100111011111 T
b1000111100100011011010010001111 P
b101100000011000101010101011000 Q
b11011100001010101111100110111 O
b101100000011000101010101011000 +
b101100000011000101010101011000 7
b11011100001010101111100110111 *
b11011100001010101111100110111 6
0&
#7435000
b11000 C
b1000111100100011011010010001111 D
b11101111011110010000100111011111 <
0>
b1 L
b110111100010010000101001101111 ;
b111111100011010101111101111111 8
b1000000001000101010100010000 4
1N
b101100000011000101010101011000 H
b1000111100100011011010010001111 E
b11101111011110010000100111011111 =
b110111000000000000000000000000 B
b11011 ?
b11011 @
b11011100001010101111100110111 G
0"
b101101100 0
b101101100 1
1&
#7440000
b101101101 /
0-
0&
#7445000
1"
0N
1&
#7450000
1-
b101101110 2
b10111111111111101101011101111111 '
b10110010010111011000010101100101 T
b11000001010011110010100110000001 P
b10000111011110001101001000001110 Q
b111001110101100101011101110011 O
b100 R
b100 )
b100 5
b10000111011110001101001000001110 +
b10000111011110001101001000001110 7
b111001110101100101011101110011 *
b111001110101100101011101110011 6
0&
#7455000
1:
b0 A
09
b1110 C
b11000001010011110010100110000001 D
b10110010010111011000010101100101 <
0>
b10111111111111101101011101111111 L
b10111110101011101000010101111101 ;
b10111111111111101101011101111111 8
b1010100000101001000000010 4
1N
b100 J
b10000111011110001101001000001110 H
b11000001010011110010100110000001 E
b10110010010111011000010101100101 =
b10010101110111001100000000000000 B
b1110011101011001 ?
b1110011101011001 @
b111001110101100101011101110011 G
0"
b101101101 0
b101101101 1
1&
#7460000
b101101110 /
0-
0&
#7465000
1"
b10111111111111101101011101111111 #
b10111111111111101101011101111111 M
0N
1&
#7470000
1-
b101101111 2
1(
b0 '
0S
b101010110001011010110000010101100 T
b10000110101011001110011100001100 P
b11000001111111100001100110000 Q
b1101110011011010010001111011100 O
b10 R
b10 )
b10 5
b11000001111111100001100110000 +
b11000001111111100001100110000 7
b1101110011011010010001111011100 *
b1101110011011010010001111011100 6
0&
#7475000
13
0:
1>
b10000 C
b10000110101011001110011100001100 D
b1010110001011010110000010101100 <
b0 L
b1110110010100101110000011101100 ;
b1111110011111111110001111111100 8
b1000001011010000001100010000 4
1N
b10 J
b11000001111111100001100110000 H
b10000110101011001110011100001100 E
b101010110001011010110000010101100 =
b100011110111000000000000000000 B
b110111001101101 ?
b110111001101101 @
b1101110011011010010001111011100 G
0"
b101101110 0
b101101110 1
1&
#7480000
b101101111 /
0-
0&
#7485000
1!
1"
b0 #
b0 M
0N
1&
#7490000
1-
b101110000 2
0(
b1101000010001011111010111010000 '
b101100111110100100001000011010000 T
b1101000101110011101101011010000 P
b11100111110010100000000 Q
b1101000010001011111010111010000 O
b111 R
b111 )
b111 5
b11100111110010100000000 +
b11100111110010100000000 7
b1101000010001011111010111010000 *
b1101000010001011111010111010000 6
0&
#7495000
03
b0 C
b1101000101110011101101011010000 D
b1100111110100100001000011010000 <
b1101000010001011111010111010000 L
b1101000001101100001000011010000 ;
b1101000011101111111010111010000 8
b10000011110010100000000 4
1N
b111 J
b11100111110010100000000 H
b1101000101110011101101011010000 E
b101100111110100100001000011010000 =
b1101000010001011111010111010000 B
b1101000010001011111010111010000 ?
b1101000010001011111010111010000 @
b1101000010001011111010111010000 G
0"
b101101111 0
b101101111 1
1&
#7500000
b101110000 /
0-
0&
#7505000
0!
1"
b1101000010001011111010111010000 #
b1101000010001011111010111010000 M
0N
1&
#7510000
1-
b101110001 2
b10011101111100001010000100111011 '
b10100101000100110111110101001011 T
b10011101111100001010000100111011 P
b1111100011011101001000111111000 Q
b100001100000100000111101000011 O
b0 R
b0 )
b0 5
b1111100011011101001000111111000 +
b1111100011011101001000111111000 7
b100001100000100000111101000011 *
b100001100000100000111101000011 6
0&
#7515000
1K
b1 A
19
13
0>
b11000 C
b10011101111100001010000100111011 D
b10100101000100110111110101001011 <
b10011101111100001010000100111011 L
b1011101111011001001111010111011 ;
b1111101111011101001111111111011 8
b100000000000100000000101000000 4
1N
b0 J
b1111100011011101001000111111000 H
b10011101111100001010000100111011 E
b10100101000100110111110101001011 =
b1000011000000000000000000000000 B
b100001 ?
b100001 @
b100001100000100000111101000011 G
0"
b101110000 0
b101110000 1
1&
#7520000
b101110001 /
0-
0&
#7525000
1$
1"
b10011101111100001010000100111011 #
b10011101111100001010000100111011 M
0N
1&
#7530000
1-
b101110010 2
b11111111111111111111101000010111 '
b110100110111110010111101101001110 T
b11111010011110011011100111110100 P
b101001110000000001111101010011 Q
b11010000101110011001101010100001 O
b1000 R
b1000 )
b1000 5
b101001110000000001111101010011 +
b101001110000000001111101010011 7
b11010000101110011001101010100001 *
b11010000101110011001101010100001 6
0&
#7535000
0:
b1 A
19
03
b10011 C
b11111010011110011011100111110100 D
b10100110111110010111101101001110 <
1>
0K
b11111111111111111111101000010111 L
b11111001011110011000010111110010 ;
b11111001111110011001111111110011 8
b100000000001101000000001 4
1N
b1000 J
b101001110000000001111101010011 H
b11111010011110011011100111110100 E
b110100110111110010111101101001110 =
b11010101000010000000000000000000 B
b1101000010111 ?
b11111111111111111111101000010111 @
b11010000101110011001101010100001 G
0"
b101110001 0
b101110001 1
1&
#7540000
b101110010 /
0-
0&
#7545000
0$
1"
b11111111111111111111101000010111 #
b11111111111111111111101000010111 M
0N
1&
#7550000
1-
b101110011 2
b1100011101101111011001011000111 '
b100011100011010010101001000111001 T
b1111100010001111100110011110111 P
b101111111011110011110101011111 Q
b1001100010110001000111110011000 O
b101 R
b101 )
b101 5
b101111111011110011110101011111 +
b101111111011110011110101011111 7
b1001100010110001000111110011000 *
b1001100010110001000111110011000 6
0&
#7555000
b0 A
09
b11111 C
b1111100010001111100110011110111 D
b11100011010010101001000111001 <
b1100011101101111011001011000111 L
b1100011101101111011001011000111 ;
b1101111111111111011111111011111 8
b1100010010000000110100011000 4
1N
b101 J
b101111111011110011110101011111 H
b1111100010001111100110011110111 E
b100011100011010010101001000111001 =
b0 B
b0 ?
b0 @
b1001100010110001000111110011000 G
0"
b101110010 0
b101110010 1
1&
#7560000
b101110011 /
0-
0&
#7565000
1"
b1100011101101111011001011000111 #
b1100011101101111011001011000111 M
0N
1&
#7570000
1-
b101110100 2
b110000 '
b11000110010111110011011110001101 T
b111000001000111011110110110000001 P
b11111101010111110101101011111010 Q
b11000011101111101001001010000111 O
b111 R
b111 )
b111 5
b11111101010111110101101011111010 +
b11111101010111110101101011111010 7
b11000011101111101001001010000111 *
b11000011101111101001001010000111 6
0&
#7575000
b1 A
19
03
0>
1F
b11010 C
b11000001000111011110110110000001 D
b11000110010111110011011110001101 <
b110000 L
b111110111000011100100001111101 ;
b11111111111111111101101011111111 8
b11000001000111100001001010000010 4
1N
b111 J
b11111101010111110101101011111010 H
b111000001000111011110110110000001 E
b11000110010111110011011110001101 =
b11100000000000000000000000000 B
b110000 ?
b11111111111111111111111111110000 @
b11000011101111101001001010000111 G
0"
b101110011 0
b101110011 1
1&
#7580000
b101110100 /
0-
0&
#7585000
1"
b110000 #
b110000 M
0N
1&
#7590000
1-
b101110101 2
b10101110111011111101001101011101 '
b1011110001000111100111010111101 T
b11001111000011111101001110011101 P
b10111000011101100000001001110000 Q
b10110100110011101000100101101 O
b101 R
b101 )
b101 5
b10111000011101100000001001110000 +
b10111000011101100000001001110000 7
b10110100110011101000100101101 *
b10110100110011101000100101101 6
0&
#7595000
b0 A
09
03
0:
0F
b10000 C
b11001111000011111101001110011101 D
b1011110001000111100111010111101 <
b10101110111011111101001101011101 L
b10101110111011111101001101011101 ;
b10111110111111111101001101111101 8
b10000000100000000000000100000 4
1N
b101 J
b10111000011101100000001001110000 H
b11001111000011111101001110011101 E
b1011110001000111100111010111101 =
b11010001001011010000000000000000 B
b1011010011001 ?
b1011010011001 @
b10110100110011101000100101101 G
0"
b101110100 0
b101110100 1
1&
#7600000
b101110101 /
0-
0&
#7605000
1"
b10101110111011111101001101011101 #
b10101110111011111101001101011101 M
0N
1&
#7610000
1-
b101110110 2
1(
b0 '
b100011100110111011011000000111010 T
b101001110100011000010000010011100 P
b10011000110101110011100000110001 Q
b10110101101101001110100001101011 O
b10 R
b10 )
b10 5
b10011000110101110011100000110001 +
b10011000110101110011100000110001 7
b10110101101101001110100001101011 *
b10110101101101001110100001101011 6
0&
#7615000
13
b0 A
09
1>
b10001 C
b1001110100011000010000010011100 D
1F
b11100110111011011000000111010 <
b0 L
b101101011000111101000001011010 ;
b10111101111101111111100001111011 8
b10010000100101000010100000100001 4
1N
b10 J
b10011000110101110011100000110001 H
b101001110100011000010000010011100 E
b100011100110111011011000000111010 =
b11010000110101100000000000000000 B
b101101011011010 ?
b11111111111111111101101011011010 @
b10110101101101001110100001101011 G
0"
b101110101 0
b101110101 1
1&
#7620000
b101110110 /
0-
0&
#7625000
1!
1"
b0 #
b0 M
0N
1&
#7630000
1-
b101110111 2
0(
b1100000000000000 '
b110000010110111101110000100000110 T
b10001111100000001001111100011110 P
b110010100001101111100001100 Q
b10001001001011111100000000010010 O
b11 R
b11 )
b11 5
b110010100001101111100001100 +
b110010100001101111100001100 7
b10001001001011111100000000010010 *
b10001001001011111100000000010010 6
0&
#7635000
03
b1 A
19
0F
b1100 C
b10001111100000001001111100011110 D
b10000010110111101110000100000110 <
1>
b1100000000000000 L
b10001111011111110001111100011110 ;
b10001111011111111101111100011110 8
b1100000000000000 4
1N
b11 J
b110010100001101111100001100 H
b10001111100000001001111100011110 E
b110000010110111101110000100000110 =
b11111100000000010010000000000000 B
b10001001001011111100 ?
b11111111111110001001001011111100 @
b10001001001011111100000000010010 G
0"
b101110110 0
b101110110 1
1&
#7640000
b101110111 /
0-
0&
#7645000
0!
1"
b1100000000000000 #
b1100000000000000 M
0N
1&
#7650000
1-
b101111000 2
b1110110111110111101100011101 '
b11111100000011100101011111111000 T
b10001101010000111111000100010 P
b1010110011010001001100010101 Q
b110110110110110101100001101 O
b100 R
b100 )
b100 5
b1010110011010001001100010101 +
b1010110011010001001100010101 7
b110110110110110101100001101 *
b110110110110110101100001101 6
0&
#7655000
b1 A
19
0>
b10101 C
b10001101010000111111000100010 D
b11111100000011100101011111111000 <
b1110110111110111101100011101 L
b1100000101100111100000011000 ;
b1110110111110111101100011101 8
b10110010010000001100000101 4
1N
b100 J
b1010110011010001001100010101 H
b10001101010000111111000100010 E
b11111100000011100101011111111000 =
b1100001101000000000000000000000 B
b110110 ?
b110110 @
b110110110110110101100001101 G
0"
b101110111 0
b101110111 1
1&
#7660000
b101111000 /
0-
0&
#7665000
1"
b1110110111110111101100011101 #
b1110110111110111101100011101 M
0N
1&
#7670000
1-
b101111001 2
b1101010010100101000101011010100 '
b11010101110011010111100110101100 T
b1101010100101001001010011010100 P
b1001010011000111000110110010100 Q
b100000001100010000011101000000 O
b101 R
b101 )
b101 5
b1001010011000111000110110010100 +
b1001010011000111000110110010100 7
b100000001100010000011101000000 *
b100000001100010000011101000000 6
0&
#7675000
b1 A
19
b10100 C
b1101010100101001001010011010100 D
b11010101110011010111100110101100 <
0>
b1101010010100101000101011010100 L
b1101010010100101000101011010100 ;
b1101010011100111000111111010100 8
b1000010000010100000000 4
1N
b101 J
b1001010011000111000110110010100 H
b1101010100101001001010011010100 E
b11010101110011010111100110101100 =
b1110100000000000000000000000000 B
b1000000011 ?
b1000000011 @
b100000001100010000011101000000 G
0"
b101111000 0
b101111000 1
1&
#7680000
b101111001 /
0-
0&
#7685000
1"
b1101010010100101000101011010100 #
b1101010010100101000101011010100 M
0N
1&
#7690000
1-
b101111010 2
b101010000110111010001101010100 '
b1101001101110011010000011010100 T
b11101010011111011010010111010100 P
b11000000011000100000001010000000 Q
b101010000110111010001101010100 O
b1000 R
b1000 )
b1000 5
b11000000011000100000001010000000 +
b11000000011000100000001010000000 7
b101010000110111010001101010100 *
b101010000110111010001101010100 6
0&
#7695000
b0 A
09
0:
b0 C
b11101010011111011010010111010100 D
b1101001101110011010000011010100 <
b101010000110111010001101010100 L
b11101010011110011010000111010100 ;
b11101010011110111010001111010100 8
b100000001000000000 4
1N
b1000 J
b11000000011000100000001010000000 H
b11101010011111011010010111010100 E
b1101001101110011010000011010100 =
b101010000110111010001101010100 B
b101010000110111010001101010100 ?
b101010000110111010001101010100 @
b101010000110111010001101010100 G
0"
b101111001 0
b101111001 1
1&
#7700000
b101111010 /
0-
0&
#7705000
1"
b101010000110111010001101010100 #
b101010000110111010001101010100 M
0N
1&
#7710000
1-
b101111011 2
b1001100011010001010100010011000 '
b100111101010011000111001010000 T
b11101011011100001001101111010110 P
b11100001111000111000011011000011 Q
b1001100011010001010100010011 O
b110 R
b110 )
b110 5
b11100001111000111000011011000011 +
b11100001111000111000011011000011 7
b1001100011010001010100010011 *
b1001100011010001010100010011 6
0&
#7715000
b11 C
b11101011011100001001101111010110 D
b100111101010011000111001010000 <
b1001100011010001010100010011000 L
b11101000011011101001001111010000 ;
b11101001111011111001011111010011 8
b1100000010000010000000011 4
1N
b110 J
b11100001111000111000011011000011 H
b11101011011100001001101111010110 E
b100111101010011000111001010000 =
b1001100011010001010100010011000 B
b1001100011010001010100010 ?
b1001100011010001010100010 @
b1001100011010001010100010011 G
0"
b101111010 0
b101111010 1
1&
#7720000
b101111011 /
0-
0&
#7725000
1"
b1001100011010001010100010011000 #
b1001100011010001010100010011000 M
0N
1&
#7730000
1-
b101111100 2
b1000010001101111100000010001 '
b100001000010001101111100000010001 T
b111100100111001001100010111001001 P
b11101110010011101110011011011100 Q
b11110110100101011101111011101101 O
b1 R
b1 )
b1 5
b11101110010011101110011011011100 +
b11101110010011101110011011011100 7
b11110110100101011101111011101101 *
b11110110100101011101111011101101 6
0&
#7735000
1I
b11100 C
b11100100111001001100010111001001 D
1F
b1000010001101111100000010001 <
1>
b1000010001101111100000010001 L
b11000110110110011100000110001 ;
b11111110110111111111111011111101 8
b11100110000001001100011011001100 4
1N
b1 J
b11101110010011101110011011011100 H
b111100100111001001100010111001001 E
b100001000010001101111100000010001 =
b11010000000000000000000000000000 B
b1111 ?
b11111111111111111111111111111111 @
b11110110100101011101111011101101 G
0"
b101111011 0
b101111011 1
1&
#7740000
b101111100 /
0-
0&
#7745000
1%
1"
b1000010001101111100000010001 #
b1000010001101111100000010001 M
0N
1&
#7750000
1-
b101111101 2
b111100000010000011110000000000 '
b110101000101001000000001101010001 T
b11010000010011000001110110011111 P
b10011110101000000110100100111 Q
b10111100011110000001000001111000 O
b110 R
b110 )
b110 5
b10011110101000000110100100111 +
b10011110101000000110100100111 7
b10111100011110000001000001111000 *
b10111100011110000001000001111000 6
0&
#7755000
b1 A
19
0F
b111 C
b11010000010011000001110110011111 D
b10101000101001000000001101010001 <
1>
0I
b111100000010000011110000000000 L
b10101111101011000001110101011111 ;
b10111111111111000001110101111111 8
b10000010100000000000000100000 4
1N
b110 J
b10011110101000000110100100111 H
b11010000010011000001110110011111 E
b110101000101001000000001101010001 =
b111100000010000011110000000000 B
b1011110001111000000100000 ?
b11111111011110001111000000100000 @
b10111100011110000001000001111000 G
0"
b101111100 0
b101111100 1
1&
#7760000
b101111101 /
0-
0&
#7765000
0%
1"
b111100000010000011110000000000 #
b111100000010000011110000000000 M
0N
1&
#7770000
1-
b101111110 2
b10111110001011010111110101111100 '
b110011110001011001100101100111100 T
b11000001101011011000000110000010 P
b10001110000000101101100100011 Q
b10101111111011010010011001011111 O
b101 R
b101 )
b101 5
b10001110000000101101100100011 +
b10001110000000101101100100011 7
b10101111111011010010011001011111 *
b10101111111011010010011001011111 6
0&
#7775000
b11 C
b11000001101011011000000110000010 D
b10011110001011001100101100111100 <
b10111110001011010111110101111100 L
b10111110001011010111110101111100 ;
b10111111111011010111111101111111 8
b1110000000000001000000011 4
1N
b101 J
b10001110000000101101100100011 H
b11000001101011011000000110000010 E
b110011110001011001100101100111100 =
b1111111011010010011001011111000 B
b10101111111011010010011001011 ?
b11110101111111011010010011001011 @
b10101111111011010010011001011111 G
0"
b101111101 0
b101111101 1
1&
#7780000
b101111110 /
0-
0&
#7785000
1"
b10111110001011010111110101111100 #
b10111110001011010111110101111100 M
0N
1&
#7790000
1-
b101111111 2
1(
b0 '
b100111001010101001101010001110011 T
b1110001110110010000001011100011 P
b11100010000100001011100111000 Q
b1010101100101101110101110101011 O
b10 R
b10 )
b10 5
b11100010000100001011100111000 +
b11100010000100001011100111000 7
b1010101100101101110101110101011 *
b1010101100101101110101110101011 6
0&
#7795000
b0 A
09
b11000 C
b1110001110110010000001011100011 D
b111001010101001101010001110011 <
b0 L
b1001001110101001111110010010011 ;
b1011101110101101111111110111011 8
b10100000000100000001100101000 4
1N
b10 J
b11100010000100001011100111000 H
b1110001110110010000001011100011 E
b100111001010101001101010001110011 =
b10101011000000000000000000000000 B
b1010101 ?
b1010101 @
b1010101100101101110101110101011 G
0"
b101111110 0
b101111110 1
1&
#7800000
b101111111 /
0-
0&
#7805000
1!
1"
b0 #
b0 M
0N
1&
#7810000
1-
b110000000 2
0(
b10001010100110100110 '
b10101100011000001000111101011001 T
b1110110010001100000101011101011 P
b1100100111100101011110111001001 Q
b10001010100110100110100100010 O
b111 R
b111 )
b111 5
b1100100111100101011110111001001 +
b1100100111100101011110111001001 7
b10001010100110100110100100010 *
b10001010100110100110100100010 6
0&
#7815000
b1 A
19
b1001 C
b1110110010001100000101011101011 D
b10101100011000001000111101011001 <
0>
b10001010100110100110 L
b1110101101000011111000011101011 ;
b1110101111100111111110111101011 8
b10100100000110100000000 4
1N
b111 J
b1100100111100101011110111001001 H
b1110110010001100000101011101011 E
b10101100011000001000111101011001 =
b10100110100110100100010000000000 B
b10001010100110100110 ?
b10001010100110100110 @
b10001010100110100110100100010 G
0"
b101111111 0
b101111111 1
1&
#7820000
b110000000 /
0-
0&
#7825000
0!
1"
b10001010100110100110 #
b10001010100110100110 M
0N
1&
#7830000
1-
b110000001 2
b11100011111010110110111011000111 '
b100100010101010101110101001000101 T
b110100101001010111010111101001001 P
b11000001010000000110001010000010 Q
b11100011111010110100110011000111 O
b100 R
b100 )
b100 5
b11000001010000000110001010000010 +
b11000001010000000110001010000010 7
b11100011111010110100110011000111 *
b11100011111010110100110011000111 6
0&
#7835000
b0 A
09
03
b10 C
b10100101001010111010111101001001 D
1F
b100010101010101110101001000101 <
1>
b11100011111010110110111011000111 L
b100010101010110010111001000101 ;
b11100011111010110110111011000111 8
b11000001010000000100000010000010 4
1N
b100 J
b11000001010000000110001010000010 H
b110100101001010111010111101001001 E
b100100010101010101110101001000101 =
b10001111101011010011001100011100 B
b111000111110101101001100110001 ?
b11111000111110101101001100110001 @
b11100011111010110100110011000111 G
0"
b110000000 0
b110000000 1
1&
#7840000
b110000001 /
0-
0&
#7845000
1"
b11100011111010110110111011000111 #
b11100011111010110110111011000111 M
0N
1&
#7850000
1-
b110000010 2
b10101010011010111110011100000000 '
b10000011110001101011010100000111 T
b101001010111000101111101010010101 P
b11100011100011100010001011000111 Q
b1100111010101001101011111001110 O
b110 R
b110 )
b110 5
b11100011100011100010001011000111 +
b11100011100011100010001011000111 7
b1100111010101001101011111001110 *
b1100111010101001101011111001110 6
0&
#7855000
1:
b0 A
09
03
b111 C
b1001010111000101111101010010101 D
b10000011110001101011010100000111 <
0>
b10101010011010111110011100000000 L
b10000100110110101111010100001001 ;
b11100111110111101111011111001111 8
b1100011000001000000001011000110 4
1N
b110 J
b11100011100011100010001011000111 H
b101001010111000101111101010010101 E
b10000011110001101011010100000111 =
b10101010011010111110011100000000 B
b110011101010100110101111 ?
b110011101010100110101111 @
b1100111010101001101011111001110 G
0"
b110000001 0
b110000001 1
1&
#7860000
b110000010 /
0-
0&
#7865000
1"
b10101010011010111110011100000000 #
b10101010011010111110011100000000 M
0N
1&
#7870000
1-
b110000011 2
b100000000000000000000000000000 '
b100100100110111000011010001001001 T
b100000000001000110001001111111111 P
b1101101101000110110111111011011 Q
b10010010011111111010010000100100 O
b1101101101000110110111111011011 +
b1101101101000110110111111011011 7
b10010010011111111010010000100100 *
b10010010011111111010010000100100 6
0&
#7875000
b1 A
19
1:
1>
b11011 C
b1000110001001111111111 D
b100100110111000011010001001001 <
b100000000000000000000000000000 L
b11111111110111001100101111111111 ;
b11111111111111111110111111111111 8
b1000110010010000000000 4
1N
b1101101101000110110111111011011 H
b100000000001000110001001111111111 E
b100100100110111000011010001001001 =
b100000000000000000000000000000 B
b10010 ?
b11111111111111111111111111110010 @
b10010010011111111010010000100100 G
0"
b110000010 0
b110000010 1
1&
#7880000
b110000011 /
0-
0&
#7885000
1"
b100000000000000000000000000000 #
b100000000000000000000000000000 M
0N
1&
#7890000
1-
b110000100 2
b10000000000010000000000 '
b101001001101000101010010010010011 T
b10111111001001111000001101111101 P
b111010110000100110111101110101 Q
b10000100011001010001010000001000 O
b11 R
b11 )
b11 5
b111010110000100110111101110101 +
b111010110000100110111101110101 7
b10000100011001010001010000001000 *
b10000100011001010001010000001000 6
0&
#7895000
b10101 C
b10111111001001111000001101111101 D
0F
b1001001101000101010010010010011 <
b10000000000010000000000 L
b10111110101001110111101101111101 ;
b10111110111001110111111101111101 8
b10000000000010000000000 4
1N
b11 J
b111010110000100110111101110101 H
b10111111001001111000001101111101 E
b101001001101000101010010010010011 =
b10000001000000000000000000000000 B
b10000100011 ?
b11111111111111111111110000100011 @
b10000100011001010001010000001000 G
0"
b110000011 0
b110000011 1
1&
#7900000
b110000100 /
0-
0&
#7905000
1"
b10000000000010000000000 #
b10000000000010000000000 M
0N
1&
#7910000
1-
b110000101 2
b11010100000000000000000000000000 '
b11001101010101011010101110011011 T
b11101000010100001000111111001111 P
b10001101011111010111001000011010 Q
b1011010110100110001110110110101 O
b110 R
b110 )
b110 5
b10001101011111010111001000011010 +
b10001101011111010111001000011010 7
b1011010110100110001110110110101 *
b1011010110100110001110110110101 6
0&
#7915000
b0 A
09
1:
0>
b11010 C
b11101000010100001000111111001111 D
b11001101010101011010101110011011 <
b11010100000000000000000000000000 L
b11010111101011100110111110101111 ;
b11011111111111110111111110111111 8
b1000010100010001000000010000 4
1N
b110 J
b10001101011111010111001000011010 H
b11101000010100001000111111001111 E
b11001101010101011010101110011011 =
b11010100000000000000000000000000 B
b10110 ?
b10110 @
b1011010110100110001110110110101 G
0"
b110000100 0
b110000100 1
1&
#7920000
b110000101 /
0-
0&
#7925000
1"
b11010100000000000000000000000000 #
b11010100000000000000000000000000 M
0N
1&
#7930000
1-
b110000110 2
b1011011000001101101100010110110 '
b1011011000001101101100010110110 T
b11011101010011010100110110111010 P
b11000001001000110011101010000010 Q
b11100001010100001001100111000 O
b1 R
b1 )
b1 5
b11000001001000110011101010000010 +
b11000001001000110011101010000010 7
b11100001010100001001100111000 *
b11100001010100001001100111000 6
0&
#7935000
0:
b0 A
09
b10 C
b11011101010011010100110110111010 D
b1011011000001101101100010110110 <
0K
b1011011000001101101100010110110 L
b11011101000010010010100110111010 ;
b11011101001010110011101110111010 8
b1000100001001000000000 4
1N
b1 J
b11000001001000110011101010000010 H
b11011101010011010100110110111010 E
b1011011000001101101100010110110 =
b1110000101010000100110011100000 B
b111000010101000010011001110 ?
b111000010101000010011001110 @
b11100001010100001001100111000 G
0"
b110000101 0
b110000101 1
1&
#7940000
b110000110 /
0-
0&
#7945000
1"
b1011011000001101101100010110110 #
b1011011000001101101100010110110 M
0N
1&
#7950000
1-
b110000111 2
b1010110000000101 '
b100000011101010110011011000001000 T
b101010100011000000000101010101000 P
b10101000010110100110101001010000 Q
b10101100000001011010000001011000 O
b111 R
b111 )
b111 5
b10101000010110100110101001010000 +
b10101000010110100110101001010000 7
b10101100000001011010000001011000 *
b10101100000001011010000001011000 6
0&
#7955000
13
b0 A
09
1>
b10000 C
b1010100011000000000101010101000 D
1F
b11101010110011011000001000 <
b1010110000000101 L
b100010111111100101000001000 ;
b10101100010111111110101001011000 8
b10101000000000000010000001010000 4
1N
b111 J
b10101000010110100110101001010000 H
b101010100011000000000101010101000 E
b100000011101010110011011000001000 =
b10100000010110000000000000000000 B
b1010110000000101 ?
b11111111111111111010110000000101 @
b10101100000001011010000001011000 G
0"
b110000110 0
b110000110 1
1&
#7960000
b110000111 /
0-
0&
#7965000
1"
b1010110000000101 #
b1010110000000101 M
0N
1&
#7970000
1-
b110001000 2
b1 '
1S
b101111111010001001011011011111111 T
b100100011110011000111111001000111 P
b1010010010000111110001110100100 Q
b11010001100010001001101010100011 O
b10 R
b10 )
b10 5
b1010010010000111110001110100100 +
b1010010010000111110001110100100 7
b11010001100010001001101010100011 *
b11010001100010001001101010100011 6
0&
#7975000
03
b1 A
19
1:
b100 C
b100011110011000111111001000111 D
b1111111010001001011011011111111 <
b1 L
b10000011110010110111100100000111 ;
b11010011110010111111101110100111 8
b1010000000000001000001010100000 4
1N
b10 J
b1010010010000111110001110100100 H
b100100011110011000111111001000111 E
b101111111010001001011011011111111 =
b11000100010011010101000110000 B
b1101000110001000100110101010 ?
b11111101000110001000100110101010 @
b11010001100010001001101010100011 G
0"
b110000111 0
b110000111 1
1&
#7980000
b110001000 /
0-
0&
#7985000
1"
b1 #
b1 M
0N
1&
#7990000
1-
b110001001 2
b10111101100001111100011101111011 T
b10100111111111111111011101001111 P
b1110101001111000001011111101010 Q
b110010110000111101111101100101 O
b1110101001111000001011111101010 +
b1110101001111000001011111101010 7
b110010110000111101111101100101 *
b110010110000111101111101100101 6
0&
#7995000
13
0:
b1010 C
b10100111111111111111011101001111 D
0F
b10111101100001111100011101111011 <
0>
b1 L
b1000111111111111100100010001111 ;
b1110111111111111101111111101111 8
b110000000000000001011101100000 4
1N
b1110101001111000001011111101010 H
b10100111111111111111011101001111 E
b10111101100001111100011101111011 =
b1111011111011001010000000000 B
b11001011000011110111 ?
b11001011000011110111 @
b110010110000111101111101100101 G
0"
b110001000 0
b110001000 1
1&
#8000000
b110001001 /
0-
0&
#8005000
1"
0N
1&
#8010000
1-
b110001010 2
b10101101100000111011100101011010 '
b1011001010111001011100010110010 T
b10101101100000111011100101011010 P
b10101010000100111000000001010100 Q
b11011100000011100100000110 O
b0 R
b0 )
b0 5
b10101010000100111000000001010100 +
b10101010000100111000000001010100 7
b11011100000011100100000110 *
b11011100000011100100000110 6
0&
#8015000
b0 A
09
03
0:
b10100 C
b10101101100000111011100101011010 D
b1011001010111001011100010110010 <
0K
b10101101100000111011100101011010 L
b10101001011000111011100101010010 ;
b10101011011100111011100101010110 8
b10000100000000000000000100 4
1N
b0 J
b10101010000100111000000001010100 H
b10101101100000111011100101011010 E
b1011001010111001011100010110010 =
b10010000011000000000000000000000 B
b110111 ?
b110111 @
b11011100000011100100000110 G
0"
b110001001 0
b110001001 1
1&
#8020000
b110001010 /
0-
0&
#8025000
1"
b10101101100000111011100101011010 #
b10101101100000111011100101011010 M
0N
1&
#8030000
1-
b110001011 2
b1001001101001101011000010010011 '
b11001001100111010100111110010011 T
b110010010010010010011000100100011 P
b11100100010101011111000011001000 Q
b10101101111100110100000001011011 O
b101 R
b101 )
b101 5
b11100100010101011111000011001000 +
b11100100010101011111000011001000 7
b10101101111100110100000001011011 *
b10101101111100110100000001011011 6
0&
#8035000
b1 A
19
b1000 C
b10010010010010010011000100100011 D
1F
b11001001100111010100111110010011 <
0>
b1001001101001101011000010010011 L
b1001001101001101011000010010011 ;
b11101101111101111111000011011011 8
b10100100010100010100000001001000 4
1N
b101 J
b11100100010101011111000011001000 H
b110010010010010010011000100100011 E
b11001001100111010100111110010011 =
b11110011010000000101101100000000 B
b101011011111001101000000 ?
b11111111101011011111001101000000 @
b10101101111100110100000001011011 G
0"
b110001010 0
b110001010 1
1&
#8040000
b110001011 /
0-
0&
#8045000
1"
b1001001101001101011000010010011 #
b1001001101001101011000010010011 M
0N
1&
#8050000
1-
b110001100 2
1(
b0 '
0S
b10001000011011100100011100010001 T
b11000000011000000010101101111111 P
b10011011111110001111001000110111 Q
b100100011001110011100101001000 O
b10 R
b10 )
b10 5
b10011011111110001111001000110111 +
b10011011111110001111001000110111 7
b100100011001110011100101001000 *
b100100011001110011100101001000 6
0&
#8055000
b0 A
09
03
1:
0F
b10111 C
b11000000011000000010101101111111 D
b10001000011011100100011100010001 <
b0 L
b10111111100111111100101101111111 ;
b10111111111111111111101101111111 8
b11000000011000000000000 4
1N
b10 J
b10011011111110001111001000110111 H
b11000000011000000010101101111111 E
b10001000011011100100011100010001 =
b10100100000000000000000000000000 B
b1001000 ?
b1001000 @
b100100011001110011100101001000 G
0"
b110001011 0
b110001011 1
1&
#8060000
b110001100 /
0-
0&
#8065000
1!
1"
b0 #
b0 M
0N
1&
#8070000
1-
b110001101 2
0(
b10100001100101001100000101000011 '
b10100001100101001100000101000011 T
b101010110101001110010011010101101 P
b11011010100010010011001010110101 Q
b1111100000111011111001111111000 O
b1 R
b1 )
b1 5
b11011010100010010011001010110101 +
b11011010100010010011001010110101 7
b1111100000111011111001111111000 *
b1111100000111011111001111111000 6
0&
#8075000
b10101 C
b1010110101001110010011010101101 D
1F
b10100001100101001100000101000011 <
1K
b10100001100101001100000101000011 L
b10100110100101001100000101001101 ;
b11111110100111011111001111111101 8
b1011000000010010011001010110000 4
1N
b1 J
b11011010100010010011001010110101 H
b101010110101001110010011010101101 E
b10100001100101001100000101000011 =
b1111111000000000000000000000000 B
b1111100000 ?
b1111100000 @
b1111100000111011111001111111000 G
0"
b110001100 0
b110001100 1
1&
#8080000
b110001101 /
0-
0&
#8085000
0!
1$
1"
b10100001100101001100000101000011 #
b10100001100101001100000101000011 M
0N
1&
#8090000
1-
b110001110 2
b1101010100001010111111011010100 '
b11100111001001111101001111001110 T
b1101010100001010111111011010100 P
b1000001101011101101010110000011 Q
b101000110101101010100101010001 O
b0 R
b0 )
b0 5
b1000001101011101101010110000011 +
b1000001101011101101010110000011 7
b101000110101101010100101010001 *
b101000110101101010100101010001 6
0&
#8095000
0:
b1 A
19
0F
b11 C
b1101010100001010111111011010100 D
b11100111001001111101001111001110 <
0I
0K
b1101010100001010111111011010100 L
b1101001011110000111110011010010 ;
b1101001111111101111110111010011 8
b100001101000000100000001 4
1N
b0 J
b1000001101011101101010110000011 H
b1101010100001010111111011010100 E
b11100111001001111101001111001110 =
b1000110101101010100101010001000 B
b101000110101101010100101010 ?
b101000110101101010100101010 @
b101000110101101010100101010001 G
0"
b110001101 0
b110001101 1
1&
#8100000
b110001110 /
0-
0&
#8105000
0$
1"
b1101010100001010111111011010100 #
b1101010100001010111111011010100 M
0N
1&
#8110000
1-
b110001111 2
b110010111111100000011001100110 '
b100110010111111100000011001100110 T
b1101000001111111100000011010000 P
b11010101000001101110100110101 Q
b1001101100111101110001110011011 O
b1 R
b1 )
b1 5
b11010101000001101110100110101 +
b11010101000001101110100110101 7
b1001101100111101110001110011011 *
b1001101100111101110001110011011 6
0&
#8115000
b0 A
09
1I
b10101 C
b1101000001111111100000011010000 D
b110010111111100000011001100110 <
1>
b110010111111100000011001100110 L
b1010111001111100011111010101110 ;
b1011111101111101111111110111111 8
b1000100000001100000100010001 4
1N
b1 J
b11010101000001101110100110101 H
b1101000001111111100000011010000 E
b100110010111111100000011001100110 =
b1110011011000000000000000000000 B
b1001101100 ?
b1001101100 @
b1001101100111101110001110011011 G
0"
b110001110 0
b110001110 1
1&
#8120000
b110001111 /
0-
0&
#8125000
1%
1"
b110010111111100000011001100110 #
b110010111111100000011001100110 M
0N
1&
#8130000
1-
b110010000 2
b10100101110010011101000101001011 '
b1011010001101101101000010110101 T
b101010101111101011101011010101011 P
b11111101110111111000001011111011 Q
b1011000000101100101001110110000 O
b101 R
b101 )
b101 5
b11111101110111111000001011111011 +
b11111101110111111000001011111011 7
b1011000000101100101001110110000 *
b1011000000101100101001110110000 6
0&
#8135000
0>
1F
b11011 C
b1010101111101011101011010101011 D
b1011010001101101101000010110101 <
0I
b10100101110010011101000101001011 L
b10100101110010011101000101001011 ;
b11111101110111111101001111111011 8
b1011000000101100000001010110000 4
1N
b101 J
b11111101110111111000001011111011 H
b101010101111101011101011010101011 E
b1011010001101101101000010110101 =
b10000000000000000000000000000000 B
b1011 ?
b1011 @
b1011000000101100101001110110000 G
0"
b110001111 0
b110001111 1
1&
#8140000
b110010000 /
0-
0&
#8145000
0%
1"
b10100101110010011101000101001011 #
b10100101110010011101000101001011 M
0N
1&
#8150000
1-
b110010001 2
b10001111010000000001010100011111 '
b10001111010000000001010100011111 T
b10111111110110110110000101111111 P
b10011000010011011010011000110000 Q
b100111100011011011101101001111 O
b1 R
b1 )
b1 5
b10011000010011011010011000110000 +
b10011000010011011010011000110000 7
b100111100011011011101101001111 *
b100111100011011011101101001111 6
0&
#8155000
1K
1:
b0 A
09
0F
b10000 C
b10111111110110110110000101111111 D
b10001111010000000001010100011111 <
b10001111010000000001010100011111 L
b10111111110000000001110101111111 ;
b10111111110011011011111101111111 8
b11011010001000000000 4
1N
b1 J
b10011000010011011010011000110000 H
b10111111110110110110000101111111 E
b10001111010000000001010100011111 =
b10111011010011110000000000000000 B
b10011110001101 ?
b10011110001101 @
b100111100011011011101101001111 G
0"
b110010000 0
b110010000 1
1&
#8160000
b110010001 /
0-
0&
#8165000
1$
1"
b10001111010000000001010100011111 #
b10001111010000000001010100011111 M
0N
1&
#8170000
1-
b110010010 2
b1100010101110011101110011000101 '
b10011101101101111010101100111011 T
b101111010101110011101110011110101 P
b11101110100000010001100011011101 Q
b10001100001110001100010000011000 O
b101 R
b101 )
b101 5
b11101110100000010001100011011101 +
b11101110100000010001100011011101 7
b10001100001110001100010000011000 *
b10001100001110001100010000011000 6
0&
#8175000
13
b1 A
19
0:
b11101 C
b1111010101110011101110011110101 D
1F
b10011101101101111010101100111011 <
0K
b1100010101110011101110011000101 L
b1100010101110011101110011000101 ;
b11101110101110011101110011011101 8
b10001100000000000000000000011000 4
1N
b101 J
b11101110100000010001100011011101 H
b101111010101110011101110011110101 E
b10011101101101111010101100111011 =
b0 B
b100 ?
b11111111111111111111111111111100 @
b10001100001110001100010000011000 G
0"
b110010001 0
b110010001 1
1&
#8180000
b110010010 /
0-
0&
#8185000
0$
1"
b1100010101110011101110011000101 #
b1100010101110011101110011000101 M
0N
1&
#8190000
1-
b110010011 2
b1000110110101011101000010001100 '
b101110010100010001101100011100101 T
b11010100010011001111011110100111 P
b110000111000100000111101100001 Q
b10100011011010101110100001000110 O
b110 R
b110 )
b110 5
b110000111000100000111101100001 +
b110000111000100000111101100001 7
b10100011011010101110100001000110 *
b10100011011010101110100001000110 6
0&
#8195000
1:
b1 A
19
03
1>
0F
b1 C
b11010100010011001111011110100111 D
b1110010100010001101100011100101 <
b1000110110101011101000010001100 L
b10010011100010001110011100100111 ;
b10110011111010101110111101100111 8
b100000011000100000100001000000 4
1N
b110 J
b110000111000100000111101100001 H
b11010100010011001111011110100111 E
b101110010100010001101100011100101 =
b1000110110101011101000010001100 B
b1010001101101010111010000100011 ?
b11010001101101010111010000100011 @
b10100011011010101110100001000110 G
0"
b110010010 0
b110010010 1
1&
#8200000
b110010011 /
0-
0&
#8205000
1"
b1000110110101011101000010001100 #
b1000110110101011101000010001100 M
0N
1&
#8210000
1-
b110010100 2
b10000001101001011101010100000100 '
b110000001101001011101010100000100 T
b11010111100010001011101110101110 P
b101010111100010111001101010101 Q
b10101100100101110100100001011001 O
b1 R
b1 )
b1 5
b101010111100010111001101010101 +
b101010111100010111001101010101 7
b10101100100101110100100001011001 *
b10101100100101110100100001011001 6
0&
#8215000
0:
b1 A
19
b10101 C
b11010111100010001011101110101110 D
b10000001101001011101010100000100 <
0K
1I
b10000001101001011101010100000100 L
b10000110011001100011101100001100 ;
b10101110111101110111101101011101 8
b101000100100010100000001010001 4
1N
b1 J
b101010111100010111001101010101 H
b11010111100010001011101110101110 E
b110000001101001011101010100000100 =
b1011001000000000000000000000 B
b10101100100 ?
b11111111111111111111110101100100 @
b10101100100101110100100001011001 G
0"
b110010011 0
b110010011 1
1&
#8220000
b110010100 /
0-
0&
#8225000
1%
1"
b10000001101001011101010100000100 #
b10000001101001011101010100000100 M
0N
1&
#8230000
1-
b110010101 2
b101100010100001000000001011 '
b10010001101111010100011100100100 T
b10011101010110011110011100111010 P
b10000101110011100101000000001011 Q
b10111100010111001011100101111 O
b11 R
b11 )
b11 5
b10000101110011100101000000001011 +
b10000101110011100101000000001011 7
b10111100010111001011100101111 *
b10111100010111001011100101111 6
0&
#8235000
b0 A
09
1:
b1011 C
b10011101010110011110011100111010 D
b10010001101111010100011100100100 <
0>
0I
b101100010100001000000001011 L
b10010010010001011100011100100100 ;
b10010111110011111101011100101111 8
b101100010100001000000001011 4
1N
b11 J
b10000101110011100101000000001011 H
b10011101010110011110011100111010 E
b10010001101111010100011100100100 =
b1011100101110010111100000000000 B
b101111000101110010 ?
b101111000101110010 @
b10111100010111001011100101111 G
0"
b110010100 0
b110010100 1
1&
#8240000
b110010101 /
0-
0&
#8245000
0%
1"
b101100010100001000000001011 #
b101100010100001000000001011 M
0N
1&
#8250000
1-
b110010110 2
b11111111111111111111110111100011 '
b100000101010010111011111000001011 T
b111011000111100000001011110110001 P
b11101001110100100010110011010011 Q
b11101111000111011110101011011110 O
b1000 R
b1000 )
b1000 5
b11101001110100100010110011010011 +
b11101001110100100010110011010011 7
b11101111000111011110101011011110 *
b11101111000111011110101011011110 6
0&
#8255000
0:
b10011 C
b11011000111100000001011110110001 D
1F
b101010010111011111000001011 <
1>
b11111111111111111111110111100011 L
b110110011111100011000001101 ;
b11101111110111111110111011011111 8
b11101001000100000010100011010010 4
1N
b1000 J
b11101001110100100010110011010011 H
b111011000111100000001011110110001 E
b100000101010010111011111000001011 =
b1010110111100000000000000000000 B
b1110111100011 ?
b11111111111111111111110111100011 @
b11101111000111011110101011011110 G
0"
b110010101 0
b110010101 1
1&
#8260000
b110010110 /
0-
0&
#8265000
1"
b11111111111111111111110111100011 #
b11111111111111111111110111100011 M
0N
1&
#8270000
1-
b110010111 2
b10001001001000100001101100010001 '
b10011111011010010100011100111111 T
b10001001001000100001101100010001 P
b1110100110111000110100111101001 Q
b10100010001011011000100101000 O
b0 R
b0 )
b0 5
b1110100110111000110100111101001 +
b1110100110111000110100111101001 7
b10100010001011011000100101000 *
b10100010001011011000100101000 6
0&
#8275000
b1 A
19
1K
13
b1001 C
b10001001001000100001101100010001 D
0F
b10011111011010010100011100111111 <
0>
0I
b10001001001000100001101100010001 L
b1100000100110011101100011000001 ;
b1110100110111011111100111101001 8
b10100010001000010000100101000 4
1N
b0 J
b1110100110111000110100111101001 H
b10001001001000100001101100010001 E
b10011111011010010100011100111111 =
b10001011011000100101000000000000 B
b10100010001011011000 ?
b10100010001011011000 @
b10100010001011011000100101000 G
0"
b110010110 0
b110010110 1
1&
#8280000
b110010111 /
0-
0&
#8285000
1$
1"
b10001001001000100001101100010001 #
b10001001001000100001101100010001 M
0N
1&
#8290000
1-
b110011000 2
b101011000000000000000000000000 '
b11000001101100101101011110000011 T
b10010110111111000001101100101101 P
b1101010101001001010000111010101 Q
b101100010101110111100101011000 O
b110 R
b110 )
b110 5
b1101010101001001010000111010101 +
b1101010101001001010000111010101 7
b101100010101110111100101011000 *
b101100010101110111100101011000 6
0&
#8295000
b10101 C
b10010110111111000001101100101101 D
b11000001101100101101011110000011 <
0K
b101011000000000000000000000000 L
b1000110111100111101100010001101 ;
b1101110111101111111100111011101 8
b101000000001000010000101010000 4
1N
b110 J
b1101010101001001010000111010101 H
b10010110111111000001101100101101 E
b11000001101100101101011110000011 =
b101011000000000000000000000000 B
b101100010 ?
b101100010 @
b101100010101110111100101011000 G
0"
b110010111 0
b110010111 1
1&
#8300000
b110011000 /
0-
0&
#8305000
0$
1"
b101011000000000000000000000000 #
b101011000000000000000000000000 M
0N
1&
#8310000
1-
b110011001 2
b1101011111111111111011111010111 '
b11110111101011111101000111101111 T
b11001100000001111111100110010111 P
b1101010001011000001001111010100 Q
b1100001110110111110010111000011 O
b100 R
b100 )
b100 5
b1101010001011000001001111010100 +
b1101010001011000001001111010100 7
b1100001110110111110010111000011 *
b1100001110110111110010111000011 6
0&
#8315000
b10100 C
b11001100000001111111100110010111 D
b11110111101011111101000111101111 <
b1101011111111111111011111010111 L
b1011111101111111011000010111 ;
b1101011111111111111011111010111 8
b1100000000010000000000111000000 4
1N
b100 J
b1101010001011000001001111010100 H
b11001100000001111111100110010111 E
b11110111101011111101000111101111 =
b1011100001100000000000000000000 B
b11000011101 ?
b11000011101 @
b1100001110110111110010111000011 G
0"
b110011000 0
b110011000 1
1&
#8320000
b110011001 /
0-
0&
#8325000
1"
b1101011111111111111011111010111 #
b1101011111111111111011111010111 M
0N
1&
#8330000
1-
b110011010 2
b10011000100111000111000100110 '
b100010011000100111000111000100110 T
b10010001010111110110110100100010 P
b111111001001011110111101111110 Q
b1010010001110010111110110100100 O
b1 R
b1 )
b1 5
b111111001001011110111101111110 +
b111111001001011110111101111110 7
b1010010001110010111110110100100 *
b1010010001110010111110110100100 6
0&
#8335000
b0 A
09
1I
1>
b11110 C
b10010001010111110110110100100010 D
b10011000100111000111000100110 <
b10011000100111000111000100110 L
b1101101000111001001001011011010 ;
b1111111001111011111111111111110 8
b10010001000010110110100100100 4
1N
b1 J
b111111001001011110111101111110 H
b10010001010111110110110100100010 E
b100010011000100111000111000100110 =
b0 B
b1 ?
b1 @
b1010010001110010111110110100100 G
0"
b110011001 0
b110011001 1
1&
#8340000
b110011010 /
0-
0&
#8345000
1%
1"
b10011000100111000111000100110 #
b10011000100111000111000100110 M
0N
1&
#8350000
1-
b110011011 2
b11101111111011111101110111011111 '
b11100011001110101101010111000111 T
b11110011000110000110010111100101 P
b10000111111011101100100000001111 Q
b1101011001010011001110111010110 O
b100 R
b100 )
b100 5
b10000111111011101100100000001111 +
b10000111111011101100100000001111 7
b1101011001010011001110111010110 *
b1101011001010011001110111010110 6
0&
#8355000
1:
03
b0 A
09
0>
b1101011001010011 ?
b1101011001010011 @
b1111 C
b11110011000110000110010111100101 D
b11100011001110101101010111000111 <
0I
b11101111111011111101110111011111 L
b11101100110001110101010111011001 ;
b11101111111011111101110111011111 8
b11001010001000100000000110 4
1N
b100 J
b10000111111011101100100000001111 H
b11110011000110000110010111100101 E
b11100011001110101101010111000111 =
b11001110111010110000000000000000 B
b1101011001010011001110111010110 G
0"
b110011010 0
b110011010 1
1&
#8360000
b110011011 /
0-
0&
#8365000
0%
1"
b11101111111011111101110111011111 #
b11101111111011111101110111011111 M
0N
1&
#8370000
1-
b110011100 2
b11000001101100000100010010000011 '
b101110001010001010101010011100011 T
b100010010000110110011010000100011 P
b1010000011010101110111110100000 Q
b11000001101100000100010010000011 O
b1000 R
b1000 )
b1000 5
b1010000011010101110111110100000 +
b1010000011010101110111110100000 7
b11000001101100000100010010000011 *
b11000001101100000100010010000011 6
0&
#8375000
b1 A
19
1:
b0 C
b10010000110110011010000100011 D
1F
b1110001010001010101010011100011 <
1>
b11000001101100000100010010000011 L
b10010001110110101010101100100011 ;
b11010001111110101110111110100011 8
b1000000001000000100010010000000 4
1N
b1000 J
b1010000011010101110111110100000 H
b100010010000110110011010000100011 E
b101110001010001010101010011100011 =
b11000001101100000100010010000011 B
b11000001101100000100010010000011 ?
b11000001101100000100010010000011 @
b11000001101100000100010010000011 G
0"
b110011011 0
b110011011 1
1&
#8380000
b110011100 /
0-
0&
#8385000
1"
b11000001101100000100010010000011 #
b11000001101100000100010010000011 M
0N
1&
#8390000
1-
b110011101 2
b1100001001010110011100011000011 '
b101100001001010110011100011000011 T
b100100000111100101101000001000001 P
b1011111111000111100101110111111 Q
b11000001000011110000010010000010 O
b1 R
b1 )
b1 5
b1011111111000111100101110111111 +
b1011111111000111100101110111111 7
b11000001000011110000010010000010 *
b11000001000011110000010010000010 6
0&
#8395000
b11111 C
b100000111100101101000001000001 D
b1100001001010110011100011000011 <
1K
1I
b1100001001010110011100011000011 L
b10011110111011001100111100111101 ;
b11011111111011111100111110111111 8
b1000001000000110000000010000010 4
1N
b1 J
b1011111111000111100101110111111 H
b100100000111100101101000001000001 E
b101100001001010110011100011000011 =
b0 B
b1 ?
b11111111111111111111111111111111 @
b11000001000011110000010010000010 G
0"
b110011100 0
b110011100 1
1&
#8400000
b110011101 /
0-
0&
#8405000
1$
1%
1"
b1100001001010110011100011000011 #
b1100001001010110011100011000011 M
0N
1&
#8410000
1-
b110011110 2
b10100010100000000000000000000000 '
b1100111001011101001110011001110 T
b11011110101001110001100110111100 P
b10111011101111000011111001110111 Q
b100010111010101101101101000101 O
b110 R
b110 )
b110 5
b10111011101111000011111001110111 +
b10111011101111000011111001110111 7
b100010111010101101101101000101 *
b100010111010101101101101000101 6
0&
#8415000
b0 A
09
0:
b10111 C
b11011110101001110001100110111100 D
0F
b1100111001011101001110011001110 <
0>
0K
0I
b10100010100000000000000000000000 L
b10011001010101101110010100110010 ;
b10111011111111101111111101110111 8
b100010101010000001101001000101 4
1N
b110 J
b10111011101111000011111001110111 H
b11011110101001110001100110111100 E
b1100111001011101001110011001110 =
b10100010100000000000000000000000 B
b1000101 ?
b1000101 @
b100010111010101101101101000101 G
0"
b110011101 0
b110011101 1
1&
#8420000
b110011110 /
0-
0&
#8425000
0$
0%
1"
b10100010100000000000000000000000 #
b10100010100000000000000000000000 M
0N
1&
#8430000
1-
b110011111 2
b100010100 '
b1101000000010001111101011010000 T
b11011101001100010001101110111010 P
b10111010100101000001000001110101 Q
b100010100111010000101101000101 O
b1000 R
b1000 )
b1000 5
b10111010100101000001000001110101 +
b10111010100101000001000001110101 7
b100010100111010000101101000101 *
b100010100111010000101101000101 6
0&
#8435000
b100010100 L
b1101000101000000000000000000000 B
b100010100 ?
b100010100 @
b10101 C
b11011101001100010001101110111010 D
b1101000000010001111101011010000 <
b10011000000010010001101100110000 ;
b10111010100111010001101101110101 8
b100010100101000000000001000101 4
1N
b1000 J
b10111010100101000001000001110101 H
b11011101001100010001101110111010 E
b1101000000010001111101011010000 =
b100010100111010000101101000101 G
0"
b110011110 0
b110011110 1
1&
#8440000
b110011111 /
0-
0&
#8445000
1"
b100010100 #
b100010100 M
0N
1&
#8450000
1-
b110100000 2
b10011111010101010011000100111110 '
b110011001001101001100111100110010 T
b101011111100110010100011010111110 P
b1100011001100100011101111000110 Q
b11111100011001110000101011111000 O
b101 R
b101 )
b101 5
b1100011001100100011101111000110 +
b1100011001100100011101111000110 7
b11111100011001110000101011111000 *
b11111100011001110000101011111000 6
0&
#8455000
b1 A
19
0:
b110 C
b1011111100110010100011010111110 D
1F
b10011001001101001100111100110010 <
1>
b10011111010101010011000100111110 L
b10011111010101010011000100111110 ;
b11111111011101110011101111111110 8
b1100000001000100000101011000000 4
1N
b101 J
b1100011001100100011101111000110 H
b101011111100110010100011010111110 E
b110011001001101001100111100110010 =
b11001110000101011111000000000 B
b11111100011001110000101011 ?
b11111111111100011001110000101011 @
b11111100011001110000101011111000 G
0"
b110011111 0
b110011111 1
1&
#8460000
b110100000 /
0-
0&
#8465000
1"
b10011111010101010011000100111110 #
b10011111010101010011000100111110 M
0N
1&
#8470000
1-
b110100001 2
b11011000000001 '
b10001101101100110000000100011100 T
b11011110010011111011000110111100 P
b10101000010011100101100001010000 Q
b110110000000010101100101101100 O
b111 R
b111 )
b111 5
b10101000010011100101100001010000 +
b10101000010011100101100001010000 7
b110110000000010101100101101100 *
b110110000000010101100101101100 6
0&
#8475000
b0 A
09
1:
b10000 C
b11011110010011111011000110111100 D
0F
b10001101101100110000000100011100 <
0>
b11011000000001 L
b10011110010011110000000100111100 ;
b10111110010011110101100101111100 8
b100000000000000101100001000000 4
1N
b111 J
b10101000010011100101100001010000 H
b11011110010011111011000110111100 E
b10001101101100110000000100011100 =
b1011001011011000000000000000000 B
b11011000000001 ?
b11011000000001 @
b110110000000010101100101101100 G
0"
b110100000 0
b110100000 1
1&
#8480000
b110100001 /
0-
0&
#8485000
1"
b11011000000001 #
b11011000000001 M
0N
1&
#8490000
1-
b110100010 2
b1 '
b1001010101011000110010010010101 T
b11100110110011100110000111001101 P
b11001110000100001111111010011100 Q
b11000101111010110001100110001 O
b1000 R
b1000 )
b1000 5
b11001110000100001111111010011100 +
b11001110000100001111111010011100 7
b11000101111010110001100110001 *
b11000101111010110001100110001 6
0&
#8495000
0:
b0 A
09
b11100 C
b11100110110011100110000111001101 D
b1001010101011000110010010010101 <
b1 L
b11010110101011011001110110101101 ;
b11011110101111011111111110111101 8
b1000000100000110001000010000 4
1N
b1000 J
b11001110000100001111111010011100 H
b11100110110011100110000111001101 E
b1001010101011000110010010010101 =
b10000000000000000000000000000 B
b1 ?
b1 @
b11000101111010110001100110001 G
0"
b110100001 0
b110100001 1
1&
#8500000
b110100010 /
0-
0&
#8505000
1"
b1 #
b1 M
0N
1&
#8510000
1-
b110100011 2
b110010011110011111000001101 '
b100000110010011110011111000001101 T
b110110110000101010111101101101011 P
b11010111111000110001111010101111 Q
b11011110001100100101110010111100 O
b1 R
b1 )
b1 5
b11010111111000110001111010101111 +
b11010111111000110001111010101111 7
b11011110001100100101110010111100 *
b11011110001100100101110010111100 6
0&
#8515000
1I
b1111 C
b10110110000101010111101101101011 D
1F
b110010011110011111000001101 <
1>
b110010011110011111000001101 L
b1001110100010100001000010011 ;
b11011111111100110101111010111111 8
b11010110001000100001110010101100 4
1N
b1 J
b11010111111000110001111010101111 H
b110110110000101010111101101101011 E
b100000110010011110011111000001101 =
b101110010111100000000000000000 B
b11011110001100100 ?
b11111111111111111011110001100100 @
b11011110001100100101110010111100 G
0"
b110100010 0
b110100010 1
1&
#8520000
b110100011 /
0-
0&
#8525000
1%
1"
b110010011110011111000001101 #
b110010011110011111000001101 M
0N
1&
#8530000
1-
b110100100 2
b10000100001001000010010000001000 '
b11010010010010001100010110100101 T
b100111100000100011001001001110111 P
b10110100111001000110011001101001 Q
b10000111001011010010110000001110 O
b11 R
b11 )
b11 5
b10110100111001000110011001101001 +
b10110100111001000110011001101001 7
b10000111001011010010110000001110 *
b10000111001011010010110000001110 6
0&
#8535000
13
b1 A
19
b1001 C
b111100000100011001001001110111 D
b11010010010010001100010110100101 <
0>
0I
b10000100001001000010010000001000 L
b110011110010010100101001100111 ;
b10110111111011010110111001101111 8
b10000100001001000010010000001000 4
1N
b11 J
b10110100111001000110011001101001 H
b100111100000100011001001001110111 E
b11010010010010001100010110100101 =
b1011010010110000001110000000000 B
b10000111001011010010110 ?
b11111111110000111001011010010110 @
b10000111001011010010110000001110 G
0"
b110100011 0
b110100011 1
1&
#8540000
b110100100 /
0-
0&
#8545000
0%
1"
b10000100001001000010010000001000 #
b10000100001001000010010000001000 M
0N
1&
#8550000
1-
b110100101 2
b11001001000000000000000010010010 '
b11101010001110101010000111010100 T
b111001000011110111101111110010000 P
b11101111001000001001111011011110 Q
b11011001010110110100000010110010 O
b11101111001000001001111011011110 +
b11101111001000001001111011011110 7
b11011001010110110100000010110010 *
b11011001010110110100000010110010 6
0&
#8555000
03
b1 A
19
b11110 C
b11001000011110111101111110010000 D
b11101010001110101010000111010100 <
0>
b11001001000000000000000010010010 L
b110110011110111101111001101100 ;
b11111111011110111101111011111110 8
b11001001000000000000000010010010 4
1N
b11101111001000001001111011011110 H
b111001000011110111101111110010000 E
b11101010001110101010000111010100 =
b10000000000000000000000000000000 B
b11 ?
b11111111111111111111111111111111 @
b11011001010110110100000010110010 G
0"
b110100100 0
b110100100 1
1&
#8560000
b110100101 /
0-
0&
#8565000
1"
b11001001000000000000000010010010 #
b11001001000000000000000010010010 M
0N
1&
#8570000
1-
b110100110 2
b10100001110100100001010000000000 '
b101101101100011000110010011011011 T
b100011000010001001000010000101111 P
b1010101010111000000111110101010 Q
b11000010111010000111010010000101 O
b110 R
b110 )
b110 5
b1010101010111000000111110101010 +
b1010101010111000000111110101010 7
b11000010111010000111010010000101 *
b11000010111010000111010010000101 6
0&
#8575000
1:
b1 A
19
1>
b1100001011101000011101 ?
b11111111111100001011101000011101 @
b1010 C
b11000010001001000010000101111 D
b1101101100011000110010011011011 <
b10100001110100100001010000000000 L
b10010111101101000111101100101111 ;
b11010111111111000111111110101111 8
b1000000010010000000010010000000 4
1N
b110 J
b1010101010111000000111110101010 H
b100011000010001001000010000101111 E
b101101101100011000110010011011011 =
b10100001110100100001010000000000 B
b11000010111010000111010010000101 G
0"
b110100101 0
b110100101 1
1&
#8580000
b110100110 /
0-
0&
#8585000
1"
b10100001110100100001010000000000 #
b10100001110100100001010000000000 M
0N
1&
#8590000
1-
b110100111 2
b101000000011111110001001010 '
b10110010111110010001101101100110 T
b1110101000101101100011011101010 P
b1100001000011101101010111000010 Q
b10100000001111111000100101000 O
b111 R
b111 )
b111 5
b1100001000011101101010111000010 +
b1100001000011101101010111000010 7
b10100000001111111000100101000 *
b10100000001111111000100101000 6
0&
#8595000
0:
b10 C
b1110101000101101100011011101010 D
0F
b10110010111110010001101101100110 <
0>
b101000000011111110001001010 L
b1110101000010010010010011101010 ;
b1110101000011111111010111101010 8
b1101101000100000000 4
1N
b111 J
b1100001000011101101010111000010 H
b1110101000101101100011011101010 E
b10110010111110010001101101100110 =
b1010000000111111100010010100000 B
b101000000011111110001001010 ?
b101000000011111110001001010 @
b10100000001111111000100101000 G
0"
b110100110 0
b110100110 1
1&
#8600000
b110100111 /
0-
0&
#8605000
1"
b101000000011111110001001010 #
b101000000011111110001001010 M
0N
1&
#8610000
1-
b110101000 2
b100110100100 '
b11100011001110001011011111000111 T
b10110111000001110101101101101101 P
b1101001111001110101000111010011 Q
b1001101001000000000100110011010 O
b1101001111001110101000111010011 +
b1101001111001110101000111010011 7
b1001101001000000000100110011010 *
b1001101001000000000100110011010 6
0&
#8615000
13
b10011 C
b10110111000001110101101101101101 D
b11100011001110001011011111000111 <
b100110100100 L
b100100110001110101100001001001 ;
b1101101111001110101100111011011 8
b1001001001000000000000110010010 4
1N
b1101001111001110101000111010011 H
b10110111000001110101101101101101 E
b11100011001110001011011111000111 =
b1001100110100000000000000000000 B
b100110100100 ?
b100110100100 @
b1001101001000000000100110011010 G
0"
b110100111 0
b110100111 1
1&
#8620000
b110101000 /
0-
0&
#8625000
1"
b100110100100 #
b100110100100 M
0N
1&
#8630000
1-
b110101001 2
b11010000000000000000000000000000 '
b11011111001001011001110110111111 T
b111011010111111001001011110110101 P
b11111101111010110111110011111011 Q
b11011101000100010001101010111010 O
b110 R
b110 )
b110 5
b11111101111010110111110011111011 +
b11111101111010110111110011111011 7
b11011101000100010001101010111010 *
b11011101000100010001101010111010 6
0&
#8635000
b1 A
19
03
b11011 C
b11011010111111001001011110110101 D
1F
b11011111001001011001110110111111 <
0>
b11010000000000000000000000000000 L
b100000111110100110011001000001 ;
b11111101111110110111111011111011 8
b11011101000000010001100010111010 4
1N
b110 J
b11111101111010110111110011111011 H
b111011010111111001001011110110101 E
b11011111001001011001110110111111 =
b11010000000000000000000000000000 B
b11011 ?
b11111111111111111111111111111011 @
b11011101000100010001101010111010 G
0"
b110101000 0
b110101000 1
1&
#8640000
b110101001 /
0-
0&
#8645000
1"
b11010000000000000000000000000000 #
b11010000000000000000000000000000 M
0N
1&
#8650000
1-
b110101010 2
b10100100110111100011111101001001 '
b101100100101111100010010011001001 T
b100100110111000001100000001001101 P
b1100001000100010100110111000010 Q
b11000101110011110111001010001011 O
b101 R
b101 )
b101 5
b1100001000100010100110111000010 +
b1100001000100010100110111000010 7
b11000101110011110111001010001011 *
b11000101110011110111001010001011 6
0&
#8655000
1:
b1 A
19
1>
b10 C
b100110111000001100000001001101 D
b1100100101111100010010011001001 <
b10100100110111100011111101001001 L
b10100100110111100011111101001001 ;
b11100101110111110111111111001011 8
b1000001000000010100000010000010 4
1N
b101 J
b1100001000100010100110111000010 H
b100100110111000001100000001001101 E
b101100100101111100010010011001001 =
b10111001111011100101000101100 B
b110001011100111101110010100010 ?
b11110001011100111101110010100010 @
b11000101110011110111001010001011 G
0"
b110101001 0
b110101001 1
1&
#8660000
b110101010 /
0-
0&
#8665000
1"
b10100100110111100011111101001001 #
b10100100110111100011111101001001 M
0N
1&
#8670000
1-
b110101011 2
b100000010000000000000001000000 '
b110101101011000100001010101011011 T
b100011111001011100011110000111101 P
b111000111001100001001101110001 Q
b11100110010010000010100011001100 O
b11 R
b11 )
b11 5
b111000111001100001001101110001 +
b111000111001100001001101110001 7
b11100110010010000010100011001100 *
b11100110010010000010100011001100 6
0&
#8675000
0:
b1 A
19
b10001 C
b11111001011100011110000111101 D
b10101101011000100001010101011011 <
b100000010000000000000001000000 L
b11011110101011100011101110111101 ;
b11111110111011100011101111111101 8
b100000010000000000000001000000 4
1N
b11 J
b111000111001100001001101110001 H
b100011111001011100011110000111101 E
b110101101011000100001010101011011 =
b1010001100110000000000000000000 B
b111001100100100 ?
b11111111111111111111001100100100 @
b11100110010010000010100011001100 G
0"
b110101010 0
b110101010 1
1&
#8680000
b110101011 /
0-
0&
#8685000
1"
b100000010000000000000001000000 #
b100000010000000000000001000000 M
0N
1&
#8690000
1-
b110101100 2
b1111111110101011101101011111111 '
b100011110101011000010011000111101 T
b1111111111001011101110011111111 P
b110000100111001101101101100001 Q
b1001111010010010000000110011110 O
b101 R
b101 )
b101 5
b110000100111001101101101100001 +
b110000100111001101101101100001 7
b1001111010010010000000110011110 *
b1001111010010010000000110011110 6
0&
#8695000
b0 A
09
b1 C
b1111111111001011101110011111111 D
0F
b11110101011000010011000111101 <
b1111111110101011101101011111111 L
b1111111110101011101101011111111 ;
b1111111110111011101101111111111 8
b10000000000100000000 4
1N
b101 J
b110000100111001101101101100001 H
b1111111111001011101110011111111 E
b100011110101011000010011000111101 =
b10011110100100100000001100111100 B
b100111101001001000000011001111 ?
b100111101001001000000011001111 @
b1001111010010010000000110011110 G
0"
b110101011 0
b110101011 1
1&
#8700000
b110101100 /
0-
0&
#8705000
1"
b1111111110101011101101011111111 #
b1111111110101011101101011111111 M
0N
1&
#8710000
1-
b110101101 2
b10011101011111110001100100111010 '
b11011110010001110111011110111100 T
b110011101011111110001100100111010 P
b11011111100110111101000010111111 Q
b10111101111000110100100001111011 O
b0 R
b0 )
b0 5
b11011111100110111101000010111111 +
b11011111100110111101000010111111 7
b10111101111000110100100001111011 *
b10111101111000110100100001111011 6
0&
#8715000
0K
b1 A
19
03
0>
1I
1F
b11111 C
b10011101011111110001100100111010 D
b11011110010001110111011110111100 <
b10011101011111110001100100111010 L
b1100010011110001001100011000100 ;
b11111111111110111101100011111111 8
b10011101100000110100000000111011 4
1N
b0 J
b11011111100110111101000010111111 H
b110011101011111110001100100111010 E
b11011110010001110111011110111100 =
b10000000000000000000000000000000 B
b1 ?
b11111111111111111111111111111111 @
b10111101111000110100100001111011 G
0"
b110101100 0
b110101100 1
1&
#8720000
b110101101 /
0-
0&
#8725000
1%
1"
b10011101011111110001100100111010 #
b10011101011111110001100100111010 M
0N
1&
#8730000
1-
b110101110 2
b11001000100000011011110010010001 '
b11101000001000010010001111010001 T
b110101000111000100101010101010001 P
b11100000011000001001100011000000 Q
b11001000100000011011110010010001 O
b111 R
b111 )
b111 5
b11100000011000001001100011000000 +
b11100000011000001001100011000000 7
b11001000100000011011110010010001 *
b11001000100000011011110010010001 6
0&
#8735000
0I
b11001000100000011011110010010001 L
b11001000100000011011110010010001 B
b11001000100000011011110010010001 ?
b11001000100000011011110010010001 @
b0 C
b10101000111000100101010101010001 D
b11101000001000010010001111010001 <
b101000111000010010010001010001 ;
b11101000111000011011110011010001 8
b11000000000000001001100010000000 4
1N
b111 J
b11100000011000001001100011000000 H
b110101000111000100101010101010001 E
b11101000001000010010001111010001 =
b11001000100000011011110010010001 G
0"
b110101101 0
b110101101 1
1&
#8740000
b110101110 /
0-
0&
#8745000
0%
1"
b11001000100000011011110010010001 #
b11001000100000011011110010010001 M
0N
1&
#8750000
1-
b110101111 2
1(
b0 '
b1101101010101011010111011011011 T
b11101011111111010001011111010111 P
b10111111010100111011010001111110 Q
b101100101010010110001101011001 O
b1000 R
b1000 )
b1000 5
b10111111010100111011010001111110 +
b10111111010100111011010001111110 7
b101100101010010110001101011001 *
b101100101010010110001101011001 6
0&
#8755000
b0 A
09
03
0:
0F
b11110 C
b11101011111111010001011111010111 D
b1101101010101011010111011011011 <
b0 L
b10010011111110101101011100100111 ;
b10111111111110111111011101111111 8
b101100000000010010000001011000 4
1N
b1000 J
b10111111010100111011010001111110 H
b11101011111111010001011111010111 E
b1101101010101011010111011011011 =
b1000000000000000000000000000000 B
b0 ?
b0 @
b101100101010010110001101011001 G
0"
b110101110 0
b110101110 1
1&
#8760000
b110101111 /
0-
0&
#8765000
1!
1"
b0 #
b0 M
0N
1&
#8770000
1-
b110110000 2
0(
b11010011000000000101010110100101 '
b10000001001110101001000100000011 T
b11010011000000000101010110100101 P
b10101000111000101110001001010001 Q
b101010000111010111001101010100 O
b0 R
b0 )
b0 5
b10101000111000101110001001010001 +
b10101000111000101110001001010001 7
b101010000111010111001101010100 *
b101010000111010111001101010100 6
0&
#8775000
1:
b0 A
09
b1010100001110 ?
b1010100001110 @
b10001 C
b11010011000000000101010110100101 D
b10000001001110101001000100000011 <
b11010011000000000101010110100101 L
b10000010111111111001000100000101 ;
b10101010111111111111001101010101 8
b101000000000000110001001010000 4
1N
b0 J
b10101000111000101110001001010001 H
b11010011000000000101010110100101 E
b10000001001110101001000100000011 =
b11100110101010000000000000000000 B
b101010000111010111001101010100 G
0"
b110101111 0
b110101111 1
1&
#8780000
b110110000 /
0-
0&
#8785000
0!
1"
b11010011000000000101010110100101 #
b11010011000000000101010110100101 M
0N
1&
#8790000
1-
b110110001 2
b100000110110100010100001000001 '
b100110000111000111010101001100010 T
b100011000110110001010011000110000 P
b1110011111110100111110111100111 Q
b10100100110111100010100001001001 O
b11 R
b11 )
b11 5
b1110011111110100111110111100111 +
b1110011111110100111110111100111 7
b10100100110111100010100001001001 *
b10100100110111100010100001001001 6
0&
#8795000
b1 A
19
1:
1>
b111 C
b11000110110001010011000110000 D
1F
b110000111000111010101001100010 <
b100000110110100010100001000001 L
b11010111001001000101010110101110 ;
b11110111111111100111110111101111 8
b100000110110100010100001000001 4
1N
b11 J
b1110011111110100111110111100111 H
b100011000110110001010011000110000 E
b100110000111000111010101001100010 =
b1101111000101000010010010000000 B
b1010010011011110001010000 ?
b11111111010010011011110001010000 @
b10100100110111100010100001001001 G
0"
b110110000 0
b110110000 1
1&
#8800000
b110110001 /
0-
0&
#8805000
1"
b100000110110100010100001000001 #
b100000110110100010100001000001 M
0N
1&
#8810000
1-
b110110010 2
b11010000100001001101100110100001 '
b11010000100001001101100110100001 T
b1010011111100001000010010100111 P
b1000001101101011101010110000011 Q
b10010001110101010111100100100 O
b1 R
b1 )
b1 5
b1000001101101011101010110000011 +
b1000001101101011101010110000011 7
b10010001110101010111100100100 *
b10010001110101010111100100100 6
0&
#8815000
0:
b11 C
b1010011111100001000010010100111 D
0F
b11010000100001001101100110100001 <
0>
0K
0I
b11010000100001001101100110100001 L
b1010011100011110111101010100111 ;
b1010011101111111111111110100111 8
b1100001000010100000000 4
1N
b1 J
b1000001101101011101010110000011 H
b1010011111100001000010010100111 E
b11010000100001001101100110100001 =
b10010001110101010111100100100000 B
b10010001110101010111100100 ?
b10010001110101010111100100 @
b10010001110101010111100100100 G
0"
b110110001 0
b110110001 1
1&
#8820000
b110110010 /
0-
0&
#8825000
1"
b11010000100001001101100110100001 #
b11010000100001001101100110100001 M
0N
1&
#8830000
1-
b110110011 2
b11110001001100001010000111100010 '
b101010001000011110101111010100010 T
b100001010110011001010001000010100 P
b1011100110111101010000110111001 Q
b10101101111011100000000001011011 O
b101 R
b101 )
b101 5
b1011100110111101010000110111001 +
b1011100110111101010000110111001 7
b10101101111011100000000001011011 *
b10101101111011100000000001011011 6
0&
#8835000
1:
b1 A
19
03
1F
b11001 C
b1010110011001010001000010100 D
b1010001000011110101111010100010 <
1>
b11110001001100001010000111100010 L
b11110001001100001010000111100010 ;
b11111101111111101010000111111011 8
b1100110011100000000000011001 4
1N
b101 J
b1011100110111101010000110111001 H
b100001010110011001010001000010100 E
b101010001000011110101111010100010 =
b10110110000000000000000000000000 B
b1010110 ?
b11111111111111111111111111010110 @
b10101101111011100000000001011011 G
0"
b110110010 0
b110110010 1
1&
#8840000
b110110011 /
0-
0&
#8845000
1"
b11110001001100001010000111100010 #
b11110001001100001010000111100010 M
0N
1&
#8850000
1-
b110110100 2
b11001010100000000000000000000000 '
b10001111011010110111010100011110 T
b100000110100100100000101000001100 P
b10111011100100110100101001110111 Q
b1001010111111101011111110010101 O
b110 R
b110 )
b110 5
b10111011100100110100101001110111 +
b10111011100100110100101001110111 7
b1001010111111101011111110010101 *
b1001010111111101011111110010101 6
0&
#8855000
b0 A
09
1:
b10111 C
b110100100100000101000001100 D
b10001111011010110111010100011110 <
0>
b11001010100000000000000000000000 L
b11110001011011011111010111100010 ;
b11111011111111111111111111110111 8
b1010100100100000101000010101 4
1N
b110 J
b10111011100100110100101001110111 H
b100000110100100100000101000001100 E
b10001111011010110111010100011110 =
b11001010100000000000000000000000 B
b10010101 ?
b10010101 @
b1001010111111101011111110010101 G
0"
b110110011 0
b110110011 1
1&
#8860000
b110110100 /
0-
0&
#8865000
1"
b11001010100000000000000000000000 #
b11001010100000000000000000000000 M
0N
1&
#8870000
1-
b110110101 2
b1101100000001100111101011010111 '
b110000101101011011011101100001011 T
b101101100000001100111101011010111 P
b1110011001011000101111111100110 Q
b11111000110110100001101011110001 O
b0 R
b0 )
b0 5
b1110011001011000101111111100110 +
b1110011001011000101111111100110 7
b11111000110110100001101011110001 *
b11111000110110100001101011110001 6
0&
#8875000
b1 A
19
0:
b110 C
b1101100000001100111101011010111 D
b10000101101011011011101100001011 <
1>
1I
b1101100000001100111101011010111 L
b10001011111101100100010100010111 ;
b11111011111111100101111111110111 8
b1110000000010000001101011100000 4
1N
b0 J
b1110011001011000101111111100110 H
b101101100000001100111101011010111 E
b110000101101011011011101100001011 =
b110110100001101011110001000000 B
b11111000110110100001101011 ?
b11111111111000110110100001101011 @
b11111000110110100001101011110001 G
0"
b110110100 0
b110110100 1
1&
#8880000
b110110101 /
0-
0&
#8885000
1%
1"
b1101100000001100111101011010111 #
b1101100000001100111101011010111 M
0N
1&
#8890000
1-
b110110110 2
b11010101110110010100111110101011 '
b111010101101010001100110110101011 T
b11011010000110101000111110110011 P
b10001110001110000100000100 Q
b11010111111000011010111010101111 O
b101 R
b101 )
b101 5
b10001110001110000100000100 +
b10001110001110000100000100 7
b11010111111000011010111010101111 *
b11010111111000011010111010101111 6
0&
#8895000
0:
b1 A
19
0F
b100 C
b11011010000110101000111110110011 D
b11010101101010001100110110101011 <
0I
b11010101110110010100111110101011 L
b11010101110110010100111110101011 ;
b11010111111110011110111110101111 8
b10001000001010000000000100 4
1N
b101 J
b10001110001110000100000100 H
b11011010000110101000111110110011 E
b111010101101010001100110110101011 =
b1111110000110101110101011110000 B
b1101011111100001101011101010 ?
b11111101011111100001101011101010 @
b11010111111000011010111010101111 G
0"
b110110101 0
b110110101 1
1&
#8900000
b110110110 /
0-
0&
#8905000
0%
1"
b11010101110110010100111110101011 #
b11010101110110010100111110101011 M
0N
1&
#8910000
1-
b110110111 2
b111100011100001010000001110 '
b100001011001110101010110000010110 T
b100000111100011100001010000001110 P
b1111110001010011011001111111100 Q
b10001001011001000110000000010010 O
b0 R
b0 )
b0 5
b1111110001010011011001111111100 +
b1111110001010011011001111111100 7
b10001001011001000110000000010010 *
b10001001011001000110000000010010 6
0&
#8915000
1:
b1 A
19
1I
1F
b11100 C
b111100011100001010000001110 D
b1011001110101010110000010110 <
b111100011100001010000001110 L
b11110111010011011101001111101110 ;
b11111111011011011111001111111110 8
b1000001000000010000000010000 4
1N
b0 J
b1111110001010011011001111111100 H
b100000111100011100001010000001110 E
b100001011001110101010110000010110 =
b100000000000000000000000000000 B
b1000 ?
b11111111111111111111111111111000 @
b10001001011001000110000000010010 G
0"
b110110110 0
b110110110 1
1&
#8920000
b110110111 /
0-
0&
#8925000
1%
1"
b111100011100001010000001110 #
b111100011100001010000001110 M
0N
1&
#8930000
1-
b110111000 2
b11110011101101100101011111100111 '
b11110011101101100101011111100111 T
b110110111101111100011100101101111 P
b11100010000000111111000011000100 Q
b11010101101110100100100010101011 O
b1 R
b1 )
b1 5
b11100010000000111111000011000100 +
b11100010000000111111000011000100 7
b11010101101110100100100010101011 *
b11010101101110100100100010101011 6
0&
#8935000
0:
0>
b100 C
b10110111101111100011100101101111 D
b11110011101101100101011111100111 <
0K
0I
b11110011101101100101011111100111 L
b110111101110011011100001101111 ;
b11110111101110111111100011101111 8
b11000000000000100100000010000000 4
1N
b1 J
b11100010000000111111000011000100 H
b110110111101111100011100101101111 E
b11110011101101100101011111100111 =
b1011011101001001000101010110000 B
b1101010110111010010010001010 ?
b11111101010110111010010010001010 @
b11010101101110100100100010101011 G
0"
b110110111 0
b110110111 1
1&
#8940000
b110111000 /
0-
0&
#8945000
0%
1"
b11110011101101100101011111100111 #
b11110011101101100101011111100111 M
0N
1&
#8950000
1-
b110111001 2
b1111111111011100000010011111100 '
b111110110010010010101001111101 T
b100000001001011011101100000000001 P
b11100001001100100101011011000010 Q
b11111111110111000000100111111 O
b110 R
b110 )
b110 5
b11100001001100100101011011000010 +
b11100001001100100101011011000010 7
b11111111110111000000100111111 *
b11111111110111000000100111111 6
0&
#8955000
b0 A
09
03
0:
b10 C
b1001011011101100000000001 D
b111110110010010010101001111101 <
b1111111111011100000010011111100 L
b11111110110010011101011111111101 ;
b11111111111110111101011111111111 8
b1001100100000000000000010 4
1N
b110 J
b11100001001100100101011011000010 H
b100000001001011011101100000000001 E
b111110110010010010101001111101 =
b1111111111011100000010011111100 B
b111111111101110000001001111 ?
b111111111101110000001001111 @
b11111111110111000000100111111 G
0"
b110111000 0
b110111000 1
1&
#8960000
b110111001 /
0-
0&
#8965000
1"
b1111111111011100000010011111100 #
b1111111111011100000010011111100 M
0N
1&
#8970000
1-
b110111010 2
b101001000010000001100101010010 '
b100001100001111000111111000011001 T
b1100110110101111011010011001101 P
b101101010011011001101101011010 Q
b111001100010100001100101110011 O
b11 R
b11 )
b11 5
b101101010011011001101101011010 +
b101101010011011001101101011010 7
b111001100010100001100101110011 *
b111001100010100001100101110011 6
0&
#8975000
1>
0F
b11010 C
b1100110110101111011010011001101 D
b1100001111000111111000011001 <
b101001000010000001100101010010 L
b10100110001111000001000101001 ;
b111101110011111001101101111011 8
b101001000010000001100101010010 4
1N
b11 J
b101101010011011001101101011010 H
b1100110110101111011010011001101 E
b100001100001111000111111000011001 =
b11001100000000000000000000000000 B
b1110 ?
b1110 @
b111001100010100001100101110011 G
0"
b110111001 0
b110111001 1
1&
#8980000
b110111010 /
0-
0&
#8985000
1"
b101001000010000001100101010010 #
b101001000010000001100101010010 M
0N
1&
#8990000
1-
b110111011 2
b11010000111100110001100110100010 '
b11010000111100110001100110100010 T
b111001111110110101010111110011110 P
b11111111011100111100101011111110 Q
b11010000011001101110010010100000 O
b1 R
b1 )
b1 5
b11111111011100111100101011111110 +
b11111111011100111100101011111110 7
b11010000011001101110010010100000 *
b11010000011001101110010010100000 6
0&
#8995000
b1 A
19
03
0>
1F
b11110 C
b11001111110110101010111110011110 D
b11010000111100110001100110100010 <
0I
b11010000111100110001100110100010 L
b101111000101010010111001011110 ;
b11111111011101111110111011111110 8
b11010000011000101100000010100000 4
1N
b1 J
b11111111011100111100101011111110 H
b111001111110110101010111110011110 E
b11010000111100110001100110100010 =
b0 B
b11 ?
b11111111111111111111111111111111 @
b11010000011001101110010010100000 G
0"
b110111010 0
b110111010 1
1&
#9000000
b110111011 /
0-
0&
#9005000
1"
b11010000111100110001100110100010 #
b11010000111100110001100110100010 M
0N
1&
#9010000
1-
b110111100 2
b111 '
b11011100100000101011001110111001 T
b10010111100100000010001100101111 P
b1011101100001101011011110111011 Q
b111010000010010110101101110100 O
b111 R
b111 )
b111 5
b1011101100001101011011110111011 +
b1011101100001101011011110111011 7
b111010000010010110101101110100 *
b111010000010010110101101110100 6
0&
#9015000
b1 A
19
13
0F
b10100000000000000000000000000000 B
b11011 C
b10010111100100000010001100101111 D
b11011100100000101011001110111001 <
b111 L
b1100111100011111101110011001111 ;
b1111111100011111111111111111111 8
b11000000000000010001100110000 4
1N
b111 J
b1011101100001101011011110111011 H
b10010111100100000010001100101111 E
b11011100100000101011001110111001 =
b111 ?
b111 @
b111010000010010110101101110100 G
0"
b110111011 0
b110111011 1
1&
#9020000
b110111100 /
0-
0&
#9025000
1"
b111 #
b111 M
0N
1&
#9030000
1-
b110111101 2
b11100010011001010111011111000 '
b1111111110010010111001100000000 T
b101100010100111000000010011000100 P
b11110001011010010100100011100010 Q
b1110001001100101011101111100010 O
b1000 R
b1000 )
b1000 5
b11110001011010010100100011100010 +
b11110001011010010100100011100010 7
b1110001001100101011101111100010 *
b1110001001100101011101111100010 6
0&
#9035000
03
b0 A
09
1F
b10 C
b1100010100111000000010011000100 D
b1111111110010010111001100000000 <
0>
b11100010011001010111011111000 L
b10000000010110111111001100000000 ;
b11110001011110111111101111100010 8
b1110001001000000000100011100010 4
1N
b1000 J
b11110001011010010100100011100010 H
b101100010100111000000010011000100 E
b1111111110010010111001100000000 =
b11000100110010101110111110001000 B
b11100010011001010111011111000 ?
b11100010011001010111011111000 @
b1110001001100101011101111100010 G
0"
b110111100 0
b110111100 1
1&
#9040000
b110111101 /
0-
0&
#9045000
1"
b11100010011001010111011111000 #
b11100010011001010111011111000 M
0N
1&
#9050000
1-
b110111110 2
b11101111 '
b100100011110111110110101001000111 T
b110111100000001110010111101110111 P
b11001100000100111110001010011000 Q
b11101111111100110100110011011111 O
b111 R
b111 )
b111 5
b11001100000100111110001010011000 +
b11001100000100111110001010011000 7
b11101111111100110100110011011111 *
b11101111111100110100110011011111 6
0&
#9055000
b0 A
09
1>
b11000 C
b10111100000001110010111101110111 D
b100011110111110110101001000111 <
b11101111 L
b100011111000001010111001000111 ;
b11101111111100111110111011011111 8
b11001100000100110100000010011000 4
1N
b111 J
b11001100000100111110001010011000 H
b110111100000001110010111101110111 E
b100100011110111110110101001000111 =
b11011111000000000000000000000000 B
b11101111 ?
b11111111111111111111111111101111 @
b11101111111100110100110011011111 G
0"
b110111101 0
b110111101 1
1&
#9060000
b110111110 /
0-
0&
#9065000
1"
b11101111 #
b11101111 M
0N
1&
#9070000
1-
b110111111 2
b100111111011011 '
b101000111110001000010001010001111 T
b1010111111100111011100010101111 P
b1000000101111100101100010000 Q
b1001111110110111110110110011111 O
b1000000101111100101100010000 +
b1000000101111100101100010000 7
b1001111110110111110110110011111 *
b1001111110110111110110110011111 6
0&
#9075000
b0 A
09
03
0F
b10000 C
b1010111111100111011100010101111 D
b1000111110001000010001010001111 <
1>
b100111111011011 L
b1000111110011000010011010001111 ;
b1001111110111111110111110011111 8
b1000000100111100100100010000 4
1N
b1000000101111100101100010000 H
b1010111111100111011100010101111 E
b101000111110001000010001010001111 =
b11101101100111110000000000000000 B
b100111111011011 ?
b100111111011011 @
b1001111110110111110110110011111 G
0"
b110111110 0
b110111110 1
1&
#9080000
b110111111 /
0-
0&
#9085000
1"
b100111111011011 #
b100111111011011 M
0N
1&
#9090000
1-
b111000000 2
b11010111111110110000010110101111 '
b100011010001010000000111000110101 T
b11010111111110110000010110101111 P
b1011110111010010111101110111101 Q
b1111001000100011000100111110010 O
b0 R
b0 )
b0 5
b1011110111010010111101110111101 +
b1011110111010010111101110111101 7
b1111001000100011000100111110010 *
b1111001000100011000100111110010 6
0&
#9095000
1K
13
b11101 C
b11010111111110110000010110101111 D
b11010001010000000111000110101 <
b11010111111110110000010110101111 L
b100111111110001111001001001111 ;
b1111111111110011111101111111111 8
b1011000000000010000100110110000 4
1N
b0 J
b1011110111010010111101110111101 H
b11010111111110110000010110101111 E
b100011010001010000000111000110101 =
b1000000000000000000000000000000 B
b11 ?
b11 @
b1111001000100011000100111110010 G
0"
b110111111 0
b110111111 1
1&
#9100000
b111000000 /
0-
0&
#9105000
1$
1"
b11010111111110110000010110101111 #
b11010111111110110000010110101111 M
0N
1&
#9110000
1-
b111000001 2
b10101111110001100011011101011111 '
b11111011101100100001011111110111 T
b10101111110001100011011101011111 P
b1011010000010100000111110110100 Q
b1010101101111000010011110101011 O
b1011010000010100000111110110100 +
b1011010000010100000111110110100 7
b1010101101111000010011110101011 *
b1010101101111000010011110101011 6
0&
#9115000
b1 A
19
b10100 C
b10101111110001100011011101011111 D
b11111011101100100001011111110111 <
0>
1K
b10101111110001100011011101011111 L
b1111101101100010100000011111 ;
b1011111101111100010111110111111 8
b1010000000010000000011110100000 4
1N
b1011010000010100000111110110100 H
b10101111110001100011011101011111 E
b11111011101100100001011111110111 =
b1111010101100000000000000000000 B
b10101011011 ?
b10101011011 @
b1010101101111000010011110101011 G
0"
b111000000 0
b111000000 1
1&
#9120000
b111000001 /
0-
0&
#9125000
1"
b10101111110001100011011101011111 #
b10101111110001100011011101011111 M
0N
1&
#9130000
1-
b111000010 2
b1100101001000010001000011001011 '
b101100101001000010001000011001011 T
b11101110111100000100011111011101 P
b1000100111001111001101110001001 Q
b10101010000010001010110001010100 O
b1 R
b1 )
b1 5
b1000100111001111001101110001001 +
b1000100111001111001101110001001 7
b10101010000010001010110001010100 *
b10101010000010001010110001010100 6
0&
#9135000
1:
b1 A
19
03
1I
b1001 C
b11101110111100000100011111011101 D
b1100101001000010001000011001011 <
1>
1K
b1100101001000010001000011001011 L
b11101110111011110011011111011101 ;
b11101110111011111011111111011101 8
b1000100000000000 4
1N
b1 J
b1000100111001111001101110001001 H
b11101110111100000100011111011101 E
b101100101001000010001000011001011 =
b10001010110001010100000000000 B
b10101010000010001010110 ?
b11111111110101010000010001010110 @
b10101010000010001010110001010100 G
0"
b111000001 0
b111000001 1
1&
#9140000
b111000010 /
0-
0&
#9145000
1%
1"
b1100101001000010001000011001011 #
b1100101001000010001000011001011 M
0N
1&
#9150000
1-
b111000011 2
b11011111110000100110010110111111 '
b100110011101010010100001001100111 T
b11011111110000100110010110111111 P
b1010110000011001001000110101100 Q
b10001001101101011101010000010011 O
b0 R
b0 )
b0 5
b1010110000011001001000110101100 +
b1010110000011001001000110101100 7
b10001001101101011101010000010011 *
b10001001101101011101010000010011 6
0&
#9155000
b1100 C
b11011111110000100110010110111111 D
b110011101010010100001001100111 <
0K
0I
b11011111110000100110010110111111 L
b11011111101110010100010110111111 ;
b11011111101111011101010110111111 8
b1001001000000000000 4
1N
b0 J
b1010110000011001001000110101100 H
b11011111110000100110010110111111 E
b100110011101010010100001001100111 =
b1011101010000010011000000000000 B
b10001001101101011101 ?
b11111111111110001001101101011101 @
b10001001101101011101010000010011 G
0"
b111000010 0
b111000010 1
1&
#9160000
b111000011 /
0-
0&
#9165000
0$
0%
1"
b11011111110000100110010110111111 #
b11011111110000100110010110111111 M
0N
1&
#9170000
1-
b111000100 2
b10101000000000000000000000000000 '
b11111100111011011110001111111010 T
b111000110110100010001001110000 P
b11101111101100001111100111011 Q
b11010111001000000001100110101 O
b110 R
b110 )
b110 5
b11101111101100001111100111011 +
b11101111101100001111100111011 7
b11010111001000000001100110101 *
b11010111001000000001100110101 6
0&
#9175000
0:
b11011 C
b111000110110100010001001110000 D
b11111100111011011110001111111010 <
0>
b10101000000000000000000000000000 L
b111000100100001110000001110 ;
b11111111101100001111100111111 8
b11000111001000000001100110001 4
1N
b110 J
b11101111101100001111100111011 H
b111000110110100010001001110000 E
b11111100111011011110001111111010 =
b10101000000000000000000000000000 B
b11 ?
b11 @
b11010111001000000001100110101 G
0"
b111000011 0
b111000011 1
1&
#9180000
b111000100 /
0-
0&
#9185000
1"
b10101000000000000000000000000000 #
b10101000000000000000000000000000 M
0N
1&
#9190000
1-
b111000101 2
b10011010101000000 '
b110000010111101101001011100000110 T
b10110010010010011011000101100100 P
b10111101010011000110100101111 Q
b10011010101000000010010000110101 O
b111 R
b111 )
b111 5
b10111101010011000110100101111 +
b10111101010011000110100101111 7
b10011010101000000010010000110101 *
b10011010101000000010010000110101 6
0&
#9195000
0:
b1 A
19
03
b10010000110101000000000000000 B
b1111 C
b10110010010010011011000101100100 D
b10000010111101101001011100000110 <
1>
b10011010101000000 L
b10001101000010011010100100011010 ;
b10011111101010011010110100111111 8
b10010101000000000010000100101 4
1N
b111 J
b10111101010011000110100101111 H
b10110010010010011011000101100100 E
b110000010111101101001011100000110 =
b10011010101000000 ?
b11111111111111110011010101000000 @
b10011010101000000010010000110101 G
0"
b111000100 0
b111000100 1
1&
#9200000
b111000101 /
0-
0&
#9205000
1"
b10011010101000000 #
b10011010101000000 M
0N
1&
#9210000
1-
b111000110 2
b11010011 '
b1101111100000001111011011011111 T
b11000101010000100011101110001001 P
b10101010111000001010001001010101 Q
b11010011000011001100100110100 O
b1000 R
b1000 )
b1000 5
b10101010111000001010001001010101 +
b10101010111000001010001001010101 7
b11010011000011001100100110100 *
b11010011000011001100100110100 6
0&
#9215000
b0 A
09
0:
0>
b10101 C
b11000101010000100011101110001001 D
b1101111100000001111011011011111 <
b11010011 L
b10110000100000010011101101100001 ;
b10111010111000011011101101110101 8
b1010011000001000000000010100 4
1N
b1000 J
b10101010111000001010001001010101 H
b11000101010000100011101110001001 E
b1101111100000001111011011011111 =
b100110100000000000000000000000 B
b11010011 ?
b11010011 @
b11010011000011001100100110100 G
0"
b111000101 0
b111000101 1
1&
#9220000
b111000110 /
0-
0&
#9225000
1"
b11010011 #
b11010011 M
0N
1&
#9230000
1-
b111000111 2
b11011110011100 '
b11100101000011100000001111001010 T
b111010111110110000000000110101110 P
b11111001011001001111111011110010 Q
b11011110011100110000001010111100 O
b111 R
b111 )
b111 5
b11111001011001001111111011110010 +
b11111001011001001111111011110010 7
b11011110011100110000001010111100 *
b11011110011100110000001010111100 6
0&
#9235000
b1 A
19
b10010 C
b11010111110110000000000110101110 D
1F
b11100101000011100000001111001010 <
0>
b11011110011100 L
b100111000101111111110001001110 ;
b11111111011101111111111011111110 8
b11011000011000000000001010110000 4
1N
b111 J
b11111001011001001111111011110010 H
b111010111110110000000000110101110 E
b11100101000011100000001111001010 =
b1010111100000000000000000000 B
b11011110011100 ?
b11111111111111111111011110011100 @
b11011110011100110000001010111100 G
0"
b111000110 0
b111000110 1
1&
#9240000
b111000111 /
0-
0&
#9245000
1"
b11011110011100 #
b11011110011100 M
0N
1&
#9250000
1-
b111001000 2
b11110011000010111011010111100110 '
b11110011000010111011010111100110 T
b110110100111100001011011101101000 P
b11100000111100101000000011000001 Q
b11010011111111100011011010100111 O
b1 R
b1 )
b1 5
b11100000111100101000000011000001 +
b11100000111100101000000011000001 7
b11010011111111100011011010100111 *
b11010011111111100011011010100111 6
0&
#9255000
b1 C
b10110100111100001011011101101000 D
b11110011000010111011010111100110 <
b11110011000010111011010111100110 L
b110011000011001011011001100110 ;
b11110011111111101011011011100111 8
b11000000111100100000000010000001 4
1N
b1 J
b11100000111100101000000011000001 H
b110110100111100001011011101101000 E
b11110011000010111011010111100110 =
b10100111111111000110110101001110 B
b1101001111111110001101101010011 ?
b11101001111111110001101101010011 @
b11010011111111100011011010100111 G
0"
b111000111 0
b111000111 1
1&
#9260000
b111001000 /
0-
0&
#9265000
1"
b11110011000010111011010111100110 #
b11110011000010111011010111100110 M
0N
1&
#9270000
1-
b111001001 2
b1010001011110100111010010100011 '
b101010001011110100111010010100011 T
b110010010111010111011100100100101 P
b10100000101110001010001001000001 Q
b11110010001100110001011011100100 O
b10100000101110001010001001000001 +
b10100000101110001010001001000001 7
b11110010001100110001011011100100 *
b11110010001100110001011011100100 6
0&
#9275000
b0 A
09
1I
b10010010111010111011100100100101 D
b1010001011110100111010010100011 <
1>
b1010001011110100111010010100011 L
b1010010100010111011010010100101 ;
b11110010101110111011011011100101 8
b10100000001100000000001001000000 4
1N
b10100000101110001010001001000001 H
b110010010111010111011100100100101 E
b101010001011110100111010010100011 =
b11100100011001100010110111001000 B
b1111001000110011000101101110010 ?
b11111001000110011000101101110010 @
b11110010001100110001011011100100 G
0"
b111001000 0
b111001000 1
1&
#9280000
b111001001 /
0-
0&
#9285000
1%
1"
b1010001011110100111010010100011 #
b1010001011110100111010010100011 M
0N
1&
#9290000
1-
b111001010 2
b10100100000000000000000000000000 '
b10110111011011101001001101101111 T
b110110010000101000100010101100011 P
b11111101010100101101100011111010 Q
b10110100110000010110110001101001 O
b110 R
b110 )
b110 5
b11111101010100101101100011111010 +
b11111101010100101101100011111010 7
b10110100110000010110110001101001 *
b10110100110000010110110001101001 6
0&
#9295000
b1 A
19
0>
b11010 C
b10110010000101000100010101100011 D
b10110111011011101001001101101111 <
0I
b10100100000000000000000000000000 L
b1001001100100111011010010010011 ;
b11111101110100111111110011111011 8
b10110100010000000100100001101000 4
1N
b110 J
b11111101010100101101100011111010 H
b110110010000101000100010101100011 E
b10110111011011101001001101101111 =
b10100100000000000000000000000000 B
b101101 ?
b11111111111111111111111111101101 @
b10110100110000010110110001101001 G
0"
b111001001 0
b111001001 1
1&
#9300000
b111001010 /
0-
0&
#9305000
0%
1"
b10100100000000000000000000000000 #
b10100100000000000000000000000000 M
0N
1&
#9310000
1-
b111001011 2
b10011001010100100010001100110010 '
b101100110110011011101110011001110 T
b101100110011011011100010011001100 P
b1111111110011111111001111111111 Q
b11100110100111011101000011001101 O
b101 R
b101 )
b101 5
b1111111110011111111001111111111 +
b1111111110011111111001111111111 7
b11100110100111011101000011001101 *
b11100110100111011101000011001101 6
0&
#9315000
1:
b1 A
19
1>
b11111 C
b1100110011011011100010011001100 D
b1100110110011011101110011001110 <
b10011001010100100010001100110010 L
b10011001010100100010001100110010 ;
b11111111110111111111001111111111 8
b1100110100011011101000011001101 4
1N
b101 J
b1111111110011111111001111111111 H
b101100110011011011100010011001100 E
b101100110110011011101110011001110 =
b10000000000000000000000000000000 B
b1 ?
b11111111111111111111111111111111 @
b11100110100111011101000011001101 G
0"
b111001010 0
b111001010 1
1&
#9320000
b111001011 /
0-
0&
#9325000
1"
b10011001010100100010001100110010 #
b10011001010100100010001100110010 M
0N
1&
#9330000
1-
b111001100 2
b11010000000000001000001010100000 '
b11100110101010010000001111001101 T
b111001110111010100000100110011101 P
b11110100001000001000001011101000 Q
b11011010110010011000011010110101 O
b11 R
b11 )
b11 5
b11110100001000001000001011101000 +
b11110100001000001000001011101000 7
b11011010110010011000011010110101 *
b11011010110010011000011010110101 6
0&
#9335000
0:
0>
b11010000000000001000001010100000 L
b11001001100001101011010100000000 B
b110110101100100110000110 ?
b11111111110110101100100110000110 @
b1000 C
b11001110111010100000100110011101 D
b11100110101010010000001111001101 <
b101110111010010000010001011101 ;
b11111110111010011000011011111101 8
b11010000000000001000001010100000 4
1N
b11 J
b11110100001000001000001011101000 H
b111001110111010100000100110011101 E
b11100110101010010000001111001101 =
b11011010110010011000011010110101 G
0"
b111001011 0
b111001011 1
1&
#9340000
b111001100 /
0-
0&
#9345000
1"
b11010000000000001000001010100000 #
b11010000000000001000001010100000 M
0N
1&
#9350000
1-
b111001101 2
b10100101100101 '
b100011100100100010010111000111001 T
b100101110100110011000101001011101 P
b10001001000001000010111000010010 Q
b10100101100101010101110001001011 O
b111 R
b111 )
b111 5
b10001001000001000010111000010010 +
b10001001000001000010111000010010 7
b10100101100101010101110001001011 *
b10100101100101010101110001001011 6
0&
#9355000
b0 A
09
13
1>
b10010 C
b101110100110011000101001011101 D
b11100100100010010111000111001 <
b10100101100101 L
b101100100100010111001001011001 ;
b10101101100101010111111001011011 8
b10000001000001000000110000000010 4
1N
b111 J
b10001001000001000010111000010010 H
b100101110100110011000101001011101 E
b100011100100100010010111000111001 =
b1110001001011000000000000000000 B
b10100101100101 ?
b11111111111111111110100101100101 @
b10100101100101010101110001001011 G
0"
b111001100 0
b111001100 1
1&
#9360000
b111001101 /
0-
0&
#9365000
1"
b10100101100101 #
b10100101100101 M
0N
1&
#9370000
1-
b111001110 2
b10011000001100000110100100110 '
b11000100010010010111000110001001 T
b1110010111001011010110011100101 P
b1010111010011100001110110101110 Q
b11011100101111000111100110111 O
b11 R
b11 )
b11 5
b1010111010011100001110110101110 +
b1010111010011100001110110101110 7
b11011100101111000111100110111 *
b11011100101111000111100110111 6
0&
#9375000
b1 A
19
03
b1110 C
b1110010111001011010110011100101 D
0F
b11000100010010010111000110001001 <
0>
b10011000001100000110100100110 L
b1001100110110011001001010011001 ;
b1011111110111111001111110111111 8
b10011000001100000110100100110 4
1N
b11 J
b1010111010011100001110110101110 H
b1110010111001011010110011100101 E
b11000100010010010111000110001001 =
b11100011110011011100000000000000 B
b110111001011110 ?
b110111001011110 @
b11011100101111000111100110111 G
0"
b111001101 0
b111001101 1
1&
#9380000
b111001110 /
0-
0&
#9385000
1"
b10011000001100000110100100110 #
b10011000001100000110100100110 M
0N
1&
#9390000
1-
b111001111 2
b11111100010011001010010011111000 '
b101101100001101000101011011011000 T
b110001100011001001111001100011000 P
b10010000000110000100111000100000 Q
b11111100010011001010010011111000 O
b111 R
b111 )
b111 5
b10010000000110000100111000100000 +
b10010000000110000100111000100000 7
b11111100010011001010010011111000 *
b11111100010011001010010011111000 6
0&
#9395000
b0 A
09
03
b0 C
b10001100011001001111001100011000 D
1F
b1101100001101000101011011011000 <
1>
b11111100010011001010010011111000 L
b1101100010101001110101011011000 ;
b11111100010111001110111011111000 8
b10010000000010000000010000100000 4
1N
b111 J
b10010000000110000100111000100000 H
b110001100011001001111001100011000 E
b101101100001101000101011011011000 =
b11111100010011001010010011111000 B
b11111100010011001010010011111000 ?
b11111100010011001010010011111000 @
b11111100010011001010010011111000 G
0"
b111001110 0
b111001110 1
1&
#9400000
b111001111 /
0-
0&
#9405000
1"
b11111100010011001010010011111000 #
b11111100010011001010010011111000 M
0N
1&
#9410000
1-
b111010000 2
b10000001000110100000000000000010 '
b101011011110111010100111010111000 T
b101111110010110010101001011111100 P
b10010001001111100000001000100010 Q
b11101101000110110101000011011010 O
b11 R
b11 )
b11 5
b10010001001111100000001000100010 +
b10010001001111100000001000100010 7
b11101101000110110101000011011010 *
b11101101000110110101000011011010 6
0&
#9415000
13
b10 C
b1111110010110010101001011111100 D
b1011011110111010100111010111000 <
b10000001000110100000000000000010 L
b1111100001001010101001011111000 ;
b11111101001111110101001011111010 8
b10000001000110100000000000000010 4
1N
b11 J
b10010001001111100000001000100010 H
b101111110010110010101001011111100 E
b101011011110111010100111010111000 =
b10110100011011010100001101101000 B
b111011010001101101010000110110 ?
b11111011010001101101010000110110 @
b11101101000110110101000011011010 G
0"
b111001111 0
b111001111 1
1&
#9420000
b111010000 /
0-
0&
#9425000
1"
b10000001000110100000000000000010 #
b10000001000110100000000000000010 M
0N
1&
#9430000
1-
b111010001 2
1(
b0 '
b11100000111111100100001111000010 T
b100001011011010000110100000010110 P
b10010101001101010001001000101010 Q
b1110110001100110101010111101100 O
b10 R
b10 )
b10 5
b10010101001101010001001000101010 +
b10010101001101010001001000101010 7
b1110110001100110101010111101100 *
b1110110001100110101010111101100 6
0&
#9435000
1:
b0 A
09
03
b1010 C
b1011011010000110100000010110 D
b11100000111111100100001111000010 <
0>
b0 L
b11100011000001100100011111000110 ;
b11110111001101110101011111101110 8
b10100001100010001000000101000 4
1N
b10 J
b10010101001101010001001000101010 H
b100001011011010000110100000010110 E
b11100000111111100100001111000010 =
b11001101010101111011000000000000 B
b111011000110011010101 ?
b111011000110011010101 @
b1110110001100110101010111101100 G
0"
b111010000 0
b111010000 1
1&
#9440000
b111010001 /
0-
0&
#9445000
1!
1"
b0 #
b0 M
0N
1&
#9450000
1-
b111010010 2
0(
b1001100100111011010110010011000 '
b100101110011000010000101001011100 T
b1001100100111011010110010011000 P
b1111000111100101000100011110 Q
b111101011111110101101101111010 O
b0 R
b0 )
b0 5
b1111000111100101000100011110 +
b1111000111100101000100011110 7
b111101011111110101101101111010 *
b111101011111110101101101111010 6
0&
#9455000
0:
1>
b11110 C
b1001100100111011010110010011000 D
0F
b101110011000010000101001011100 <
0I
b1001100100111011010110010011000 L
b110010011000010000101001100100 ;
b111111011111110101101101111110 8
b1101000111100101000100011010 4
1N
b0 J
b1111000111100101000100011110 H
b1001100100111011010110010011000 E
b100101110011000010000101001011100 =
b10000000000000000000000000000000 B
b0 ?
b0 @
b111101011111110101101101111010 G
0"
b111010001 0
b111010001 1
1&
#9460000
b111010010 /
0-
0&
#9465000
0!
1"
b1001100100111011010110010011000 #
b1001100100111011010110010011000 M
0N
1&
#9470000
1-
b111010011 2
b1110110101110100100000000000 '
b11111110111111001110011111111110 T
b111101010010001101100110111010100 P
b11110101101001001111001011101011 Q
b11110100101000011101101011101001 O
b110 R
b110 )
b110 5
b11110101101001001111001011101011 +
b11110101101001001111001011101011 7
b11110100101000011101101011101001 *
b11110100101000011101101011101001 6
0&
#9475000
b1 A
19
03
0>
b1011 C
b11101010010001101100110111010100 D
1F
b11111110111111001110011111111110 <
b1110110101110100100000000000 L
b1000001010010100000000010 ;
b11110101101001011111101011101011 8
b11110100101000001101001011101001 4
1N
b110 J
b11110101101001001111001011101011 H
b111101010010001101100110111010100 E
b11111110111111001110011111111110 =
b1110110101110100100000000000 B
b111101001010000111011 ?
b11111111111111101001010000111011 @
b11110100101000011101101011101001 G
0"
b111010010 0
b111010010 1
1&
#9480000
b111010011 /
0-
0&
#9485000
1"
b1110110101110100100000000000 #
b1110110101110100100000000000 M
0N
1&
#9490000
1-
b111010100 2
b1011011010011 '
b1001110101100000001010010011101 T
b10111100101110011101100101111001 P
b10110111000001001110001001101110 Q
b101101101001111011100001011 O
b111 R
b111 )
b111 5
b10110111000001001110001001101110 +
b10110111000001001110001001101110 7
b101101101001111011100001011 *
b101101101001111011100001011 6
0&
#9495000
b0 A
09
03
0:
b1110 C
b10111100101110011101100101111001 D
0F
b1001110101100000001010010011101 <
b1011011010011 L
b10110010101100000001010101100101 ;
b10110111101101001111011101101111 8
b101000001001110001000001010 4
1N
b111 J
b10110111000001001110001001101110 H
b10111100101110011101100101111001 E
b1001110101100000001010010011101 =
b111101110000101100000000000000 B
b1011011010011 ?
b1011011010011 @
b101101101001111011100001011 G
0"
b111010011 0
b111010011 1
1&
#9500000
b111010100 /
0-
0&
#9505000
1"
b1011011010011 #
b1011011010011 M
0N
1&
#9510000
1-
b111010101 2
b11111111111111111111111111111010 '
b101110000111101010011000011100010 T
b11101101100101011000101111011010 P
b111110010100000010110101111100 Q
b10101111010001010101111001011110 O
b1000 R
b1000 )
b1000 5
b111110010100000010110101111100 +
b111110010100000010110101111100 7
b10101111010001010101111001011110 *
b10101111010001010101111001011110 6
0&
#9515000
b1 A
19
1:
1>
b11100 C
b11101101100101011000101111011010 D
b1110000111101010011000011100010 <
b11111111111111111111111111111010 L
b10010001000101010111001100100010 ;
b10111111010101010111111101111110 8
b101110010000000000110001011100 4
1N
b1000 J
b111110010100000010110101111100 H
b11101101100101011000101111011010 E
b101110000111101010011000011100010 =
b11100000000000000000000000000000 B
b1010 ?
b11111111111111111111111111111010 @
b10101111010001010101111001011110 G
0"
b111010100 0
b111010100 1
1&
#9520000
b111010101 /
0-
0&
#9525000
1"
b11111111111111111111111111111010 #
b11111111111111111111111111111010 M
0N
1&
#9530000
1-
b111010110 2
b11100111110010110111010111001111 '
b1011100111101001101110010111010 T
b11101000100010111000010111010000 P
b11000101110010110101010010001011 Q
b100010110000000011000101000101 O
b100 R
b100 )
b100 5
b11000101110010110101010010001011 +
b11000101110010110101010010001011 7
b100010110000000011000101000101 *
b100010110000000011000101000101 6
0&
#9535000
b0 A
09
0:
b1011 C
b11101000100010111000010111010000 D
b1011100111101001101110010111010 <
0>
b11100111110010110111010111001111 L
b11100111000010110110010111001110 ;
b11100111110010110111010111001111 8
b110000000001000000000001 4
1N
b100 J
b11000101110010110101010010001011 H
b11101000100010111000010111010000 E
b1011100111101001101110010111010 =
b1100010100010100000000000 B
b1000101100000000110 ?
b1000101100000000110 @
b100010110000000011000101000101 G
0"
b111010101 0
b111010101 1
1&
#9540000
b111010110 /
0-
0&
#9545000
1"
b11100111110010110111010111001111 #
b11100111110010110111010111001111 M
0N
1&
#9550000
1-
b111010111 2
b10001001000000000000000000000000 '
b11101101010100110001010111011011 T
b100101010001001001000001001001 P
b11011111110001011110100110111 Q
b1001010010111101001100010010 O
b110 R
b110 )
b110 5
b11011111110001011110100110111 +
b11011111110001011110100110111 7
b1001010010111101001100010010 *
b1001010010111101001100010010 6
0&
#9555000
b1 A
19
b10111 C
b100101010001001001000001001001 D
b11101101010100110001010111011011 <
b10001001000000000000000000000000 L
b10010101100110110111000100101 ;
b11011111110111111111100110111 8
b1001010010001001000100010010 4
1N
b110 J
b11011111110001011110100110111 H
b100101010001001001000001001001 E
b11101101010100110001010111011011 =
b10001001000000000000000000000000 B
b10010 ?
b10010 @
b1001010010111101001100010010 G
0"
b111010110 0
b111010110 1
1&
#9560000
b111010111 /
0-
0&
#9565000
1"
b10001001000000000000000000000000 #
b10001001000000000000000000000000 M
0N
1&
#9570000
1-
b111011000 2
b11100000111000011110101101000001 '
b11010001000110001101010110100010 T
b110110010011011101101011101100100 P
b11110000101010110000000011100001 Q
b11000001110000111101011010000011 O
b1000 R
b1000 )
b1000 5
b11110000101010110000000011100001 +
b11110000101010110000000011100001 7
b11000001110000111101011010000011 *
b11000001110000111101011010000011 6
0&
#9575000
03
1F
b1 C
b10110010011011101101011101100100 D
b11010001000110001101010110100010 <
0>
b11100000111000011110101101000001 L
b110001011010001101011001100010 ;
b11110001111010111101011011100011 8
b11000000100000110000000010000001 4
1N
b1000 J
b11110000101010110000000011100001 H
b110110010011011101101011101100100 E
b11010001000110001101010110100010 =
b10000011100001111010110100000110 B
b1100000111000011110101101000001 ?
b11100000111000011110101101000001 @
b11000001110000111101011010000011 G
0"
b111010111 0
b111010111 1
1&
#9580000
b111011000 /
0-
0&
#9585000
1"
b11100000111000011110101101000001 #
b11100000111000011110101101000001 M
0N
1&
#9590000
1-
b111011001 2
b111111011111110011100000000000 '
b11000010000110011000001110000100 T
b100001100100001100011110000011000 P
b10100101001101100101110001001010 Q
b1100111010011111101111111001110 O
b110 R
b110 )
b110 5
b10100101001101100101110001001010 +
b10100101001101100101110001001010 7
b1100111010011111101111111001110 *
b1100111010011111101111111001110 6
0&
#9595000
b0 A
09
03
1:
b1010 C
b1100100001100011110000011000 D
b11000010000110011000001110000100 <
b111111011111110011100000000000 L
b11000010011110011000001110000100 ;
b11100111011111111101111111001110 8
b100101000001100101110001001010 4
1N
b110 J
b10100101001101100101110001001010 H
b100001100100001100011110000011000 E
b11000010000110011000001110000100 =
b111111011111110011100000000000 B
b110011101001111110111 ?
b110011101001111110111 @
b1100111010011111101111111001110 G
0"
b111011000 0
b111011000 1
1&
#9600000
b111011001 /
0-
0&
#9605000
1"
b111111011111110011100000000000 #
b111111011111110011100000000000 M
0N
1&
#9610000
1-
b111011010 2
b1101110110111010111011111011101 '
b100000100001101000110110000001000 T
b11010001011001100111101110100010 P
b1100110100110010000011111001101 Q
b1101010110011010111001111010101 O
b100 R
b100 )
b100 5
b1100110100110010000011111001101 +
b1100110100110010000011111001101 7
b1101010110011010111001111010101 *
b1101010110011010111001111010101 6
0&
#9615000
13
0:
1>
0F
b1101 C
b11010001011001100111101110100010 D
b100001101000110110000001000 <
b1101110110111010111011111011101 L
b1100010101000111010000011000 ;
b1101110110111010111011111011101 8
b1100010100010010000001111000101 4
1N
b100 J
b1100110100110010000011111001101 H
b11010001011001100111101110100010 E
b100000100001101000110110000001000 =
b10101110011110101010000000000000 B
b110101011001101011 ?
b110101011001101011 @
b1101010110011010111001111010101 G
0"
b111011001 0
b111011001 1
1&
#9620000
b111011010 /
0-
0&
#9625000
1"
b1101110110111010111011111011101 #
b1101110110111010111011111011101 M
0N
1&
#9630000
1-
b111011011 2
b11111111111111111111111100100000 '
b11110111110100100110000111110000 T
b111101100001101110111101111011000 P
b11111010001100101000110011110100 Q
b11110010000001001110111011100100 O
b1000 R
b1000 )
b1000 5
b11111010001100101000110011110100 +
b11111010001100101000110011110100 7
b11110010000001001110111011100100 *
b11110010000001001110111011100100 6
0&
#9635000
b1 A
19
03
0>
b10100 C
b11101100001101110111101111011000 D
1F
b11110111110100100110000111110000 <
b11111111111111111111111100100000 L
b1000001101100110001000010000 ;
b11111010001101101110111011110100 8
b11110010000000001000110011100100 4
1N
b1000 J
b11111010001100101000110011110100 H
b111101100001101110111101111011000 E
b11110111110100100110000111110000 =
b11101110010000000000000000000000 B
b111100100000 ?
b11111111111111111111111100100000 @
b11110010000001001110111011100100 G
0"
b111011010 0
b111011010 1
1&
#9640000
b111011011 /
0-
0&
#9645000
1"
b11111111111111111111111100100000 #
b11111111111111111111111100100000 M
0N
1&
#9650000
1-
b111011100 2
1(
b0 '
b101101000111111110001010011010010 T
b10000011110000111001001100000110 P
b1101011000100011111100011010 Q
b1110110011000010101001111101100 O
b10 R
b10 )
b10 5
b1101011000100011111100011010 +
b1101011000100011111100011010 7
b1110110011000010101001111101100 *
b1110110011000010101001111101100 6
0&
#9655000
b0 A
09
13
1>
0F
b11010 C
b10000011110000111001001100000110 D
b1101000111111110001010011010010 <
b0 L
b1111011000000110110110011110110 ;
b1111111011000110111111111111110 8
b100011000000001001100001000 4
1N
b10 J
b1101011000100011111100011010 H
b10000011110000111001001100000110 E
b101101000111111110001010011010010 =
b10110000000000000000000000000000 B
b11101 ?
b11101 @
b1110110011000010101001111101100 G
0"
b111011011 0
b111011011 1
1&
#9660000
b111011100 /
0-
0&
#9665000
1!
1"
b0 #
b0 M
0N
1&
#9670000
1-
b111011101 2
0(
b11110001101000110010 '
b11111011011111101010100111110111 T
b111100111110001111011001111001111 P
b11110110001001001000010011101100 Q
b11110001101000110010111011100011 O
b111 R
b111 )
b111 5
b11110110001001001000010011101100 +
b11110110001001001000010011101100 7
b11110001101000110010111011100011 *
b11110001101000110010111011100011 6
0&
#9675000
b1 A
19
03
0>
1F
b1100 C
b11100111110001111011001111001111 D
b11111011011111101010100111110111 <
b11110001101000110010 L
b111100001111010101000001111 ;
b11110111101001111010111011101111 8
b11110000001000000000010011100000 4
1N
b111 J
b11110110001001001000010011101100 H
b111100111110001111011001111001111 E
b11111011011111101010100111110111 =
b110010111011100011000000000000 B
b11110001101000110010 ?
b11111111111111110001101000110010 @
b11110001101000110010111011100011 G
0"
b111011100 0
b111011100 1
1&
#9680000
b111011101 /
0-
0&
#9685000
0!
1"
b11110001101000110010 #
b11110001101000110010 M
0N
1&
#9690000
1-
b111011110 2
b10000100001100000000100100001 '
b101100011001111110011101011000110 T
b10010000010011011100100100100000 P
b10110100001110100011100101101 Q
b1111001110001101000000111110011 O
b11 R
b11 )
b11 5
b10110100001110100011100101101 +
b10110100001110100011100101101 7
b1111001110001101000000111110011 *
b1111001110001101000000111110011 6
0&
#9695000
b0 A
09
13
1>
0F
b1101 C
b10010000010011011100100100100000 D
b1100011001111110011101011000110 <
b10000100001100000000100100001 L
b1101111010000011100011011011110 ;
b1111111110001111100011111111111 8
b10000100001100000000100100001 4
1N
b11 J
b10110100001110100011100101101 H
b10010000010011011100100100100000 E
b101100011001111110011101011000110 =
b11010000001111100110000000000000 B
b111100111000110100 ?
b111100111000110100 @
b1111001110001101000000111110011 G
0"
b111011101 0
b111011101 1
1&
#9700000
b111011110 /
0-
0&
#9705000
1"
b10000100001100000000100100001 #
b10000100001100000000100100001 M
0N
1&
#9710000
1-
b111011111 2
b10011100101000001101001100111001 '
b10111111100001100100011101111111 T
b10011100101000001101001100111001 P
b1101110100011010100010111011101 Q
b101110000100111000110101011100 O
b0 R
b0 )
b0 5
b1101110100011010100010111011101 +
b1101110100011010100010111011101 7
b101110000100111000110101011100 *
b101110000100111000110101011100 6
0&
#9715000
b1 A
19
0>
b11101 C
b10011100101000001101001100111001 D
b10111111100001100100011101111111 <
1K
b10011100101000001101001100111001 L
b1000000100111101100100010000001 ;
b1101110100111111100110111011101 8
b101110000000010000010101011100 4
1N
b0 J
b1101110100011010100010111011101 H
b10011100101000001101001100111001 E
b10111111100001100100011101111111 =
b10000000000000000000000000000000 B
b1 ?
b1 @
b101110000100111000110101011100 G
0"
b111011110 0
b111011110 1
1&
#9720000
b111011111 /
0-
0&
#9725000
1$
1"
b10011100101000001101001100111001 #
b10011100101000001101001100111001 M
0N
1&
#9730000
1-
b111100000 2
b11000110000100000100100010001100 '
b100101110001110100100111001011101 T
b110111101111010110100001101111011 P
b11000111110110000111101010001111 Q
b11110110000100101100100011101100 O
b11 R
b11 )
b11 5
b11000111110110000111101010001111 +
b11000111110110000111101010001111 7
b11110110000100101100100011101100 *
b11110110000100101100100011101100 6
0&
#9735000
b0 A
09
03
b1100100011101100000000000000000 B
b1111 C
b10111101111010110100001101111011 D
1F
b101110001110100100111001011101 <
1>
0K
b11000110000100000100100010001100 L
b110001110010101011001001100011 ;
b11110111110110101111101011101111 8
b11000110000100000100100010001100 4
1N
b11 J
b11000111110110000111101010001111 H
b110111101111010110100001101111011 E
b100101110001110100100111001011101 =
b11110110000100101 ?
b11111111111111111110110000100101 @
b11110110000100101100100011101100 G
0"
b111011111 0
b111011111 1
1&
#9740000
b111100000 /
0-
0&
#9745000
0$
1"
b11000110000100000100100010001100 #
b11000110000100000100100010001100 M
0N
1&
#9750000
1-
b111100001 2
b1000011101010000010111010000111 '
b101000011101010000010111010000111 T
b10111100000011110011100101110111 P
b111100001100111000010101111000 Q
b1111111110110111011001111111111 O
b1 R
b1 )
b1 5
b111100001100111000010101111000 +
b111100001100111000010101111000 7
b1111111110110111011001111111111 *
b1111111110110111011001111111111 6
0&
#9755000
b0 A
09
13
0F
b11000 C
b10111100000011110011100101110111 D
b1000011101010000010111010000111 <
1>
1I
b1000011101010000010111010000111 L
b1000011111010000011011010000111 ;
b1111111111110111011011111111111 8
b111100000100111000000101111000 4
1N
b1 J
b111100001100111000010101111000 H
b10111100000011110011100101110111 E
b101000011101010000010111010000111 =
b11111111000000000000000000000000 B
b1111111 ?
b1111111 @
b1111111110110111011001111111111 G
0"
b111100000 0
b111100000 1
1&
#9760000
b111100001 /
0-
0&
#9765000
1%
1"
b1000011101010000010111010000111 #
b1000011101010000010111010000111 M
0N
1&
#9770000
1-
b111100010 2
b101010111110110101110011 '
b101000010001001001100001010000100 T
b1101001110010001011000011010010 P
b10011110100011111011100100111 Q
b1010101111101101011100110101011 O
b111 R
b111 )
b111 5
b10011110100011111011100100111 +
b10011110100011111011100100111 7
b1010101111101101011100110101011 *
b1010101111101101011100110101011 6
0&
#9775000
03
b111 C
b1101001110010001011000011010010 D
b1000010001001001100001010000100 <
0I
b101010111110110101110011 L
b1000110001001110100111010001100 ;
b1010111111101111111111110101111 8
b10001110100001011000100100011 4
1N
b111 J
b10011110100011111011100100111 H
b1101001110010001011000011010010 E
b101000010001001001100001010000100 =
b11111011010111001101010110000000 B
b101010111110110101110011 ?
b101010111110110101110011 @
b1010101111101101011100110101011 G
0"
b111100001 0
b111100001 1
1&
#9780000
b111100010 /
0-
0&
#9785000
0%
1"
b101010111110110101110011 #
b101010111110110101110011 M
0N
1&
#9790000
1-
b111100011 2
b1111101110111111100111111111011 '
b101110011111010100100110011101000 T
b10000111101010011101001100001110 P
b1001110111111100001100010011 Q
b1111101110010100000111111111011 O
b100 R
b100 )
b100 5
b1001110111111100001100010011 +
b1001110111111100001100010011 7
b1111101110010100000111111111011 *
b1111101110010100000111111111011 6
0&
#9795000
13
b10011 C
b10000111101010011101001100001110 D
b1110011111010100100110011101000 <
b1111101110111111100111111111011 L
b1110100000101011100110011101000 ;
b1111101110111111100111111111011 8
b1001110010100000001100010011 4
1N
b100 J
b1001110111111100001100010011 H
b10000111101010011101001100001110 E
b101110011111010100100110011101000 =
b1111111110110000000000000000000 B
b111110111001 ?
b111110111001 @
b1111101110010100000111111111011 G
0"
b111100010 0
b111100010 1
1&
#9800000
b111100011 /
0-
0&
#9805000
1"
b1111101110111111100111111111011 #
b1111101110111111100111111111011 M
0N
1&
#9810000
1-
b111100100 2
1(
b0 '
b10101000100100100000001101010001 T
b1100100000000010011001011000111 P
b1011101101101111001011110111011 Q
b110010010011001101100001100 O
b1000 R
b1000 )
b1000 5
b1011101101101111001011110111011 +
b1011101101101111001011110111011 7
b110010010011001101100001100 *
b110010010011001101100001100 6
0&
#9815000
03
b1 A
19
b11011 C
b1100100000000010011001011000111 D
b10101000100100100000001101010001 <
0>
b0 L
b1011011111111100000110010110111 ;
b1011111111111111001111110111111 8
b100000000011001001100001000 4
1N
b1000 J
b1011101101101111001011110111011 H
b1100100000000010011001011000111 E
b10101000100100100000001101010001 =
b1100000000000000000000000000000 B
b0 ?
b0 @
b110010010011001101100001100 G
0"
b111100011 0
b111100011 1
1&
#9820000
b111100100 /
0-
0&
#9825000
1!
1"
b0 #
b0 M
0N
1&
#9830000
1-
b111100101 2
0(
b10011000001110100000010100101111 '
b101001110100010011001000010011101 T
b110011000001110100000010100101111 P
b10100100110110000011101001001001 Q
b11110011011000011100101011100110 O
b0 R
b0 )
b0 5
b10100100110110000011101001001001 +
b10100100110110000011101001001001 7
b11110011011000011100101011100110 *
b11110011011000011100101011100110 6
0&
#9835000
b0 A
09
0K
03
1I
b1001 C
b10011000001110100000010100101111 D
1F
b1001110100010011001000010011101 <
1>
b10011000001110100000010100101111 L
b1010111101110011111000010101111 ;
b11110111111110011111101011101111 8
b10100000010000000000101001000000 4
1N
b0 J
b10100100110110000011101001001001 H
b110011000001110100000010100101111 E
b101001110100010011001000010011101 =
b11000011100101011100110000000000 B
b11110011011000011100101 ?
b11111111111110011011000011100101 @
b11110011011000011100101011100110 G
0"
b111100100 0
b111100100 1
1&
#9840000
b111100101 /
0-
0&
#9845000
0!
1%
1"
b10011000001110100000010100101111 #
b10011000001110100000010100101111 M
0N
1&
#9850000
1-
b111100110 2
b10110101011101011111111101101010 '
b10101111111001001000010101100000 T
b10111010110001100111000101110100 P
b10000101011100001111011000001010 Q
b110101010101010111101101101010 O
b100 R
b100 )
b100 5
b10000101011100001111011000001010 +
b10000101011100001111011000001010 7
b110101010101010111101101101010 *
b110101010101010111101101101010 6
0&
#9855000
1:
b0 A
09
03
b1010 C
b10111010110001100111000101110100 D
0F
b10101111111001001000010101100000 <
0>
0I
b10110101011101011111111101101010 L
b10110000001001011000110101100000 ;
b10110101011101011111111101101010 8
b101010100000111001000001010 4
1N
b100 J
b10000101011100001111011000001010 H
b10111010110001100111000101110100 E
b10101111111001001000010101100000 =
b1010101111011011010100000000000 B
b11010101010101011110 ?
b11010101010101011110 @
b110101010101010111101101101010 G
0"
b111100101 0
b111100101 1
1&
#9860000
b111100110 /
0-
0&
#9865000
0%
1"
b10110101011101011111111101101010 #
b10110101011101011111111101101010 M
0N
1&
#9870000
1-
b111100111 2
b11111111111111111111111000110000 '
b101000000111010011110100010000010 T
b11010111001000111011101110101110 P
b1001011000111001110100110010110 Q
b10001100000001101101001000011000 O
b1000 R
b1000 )
b1000 5
b1001011000111001110100110010110 +
b1001011000111001110100110010110 7
b10001100000001101101001000011000 *
b10001100000001101101001000011000 6
0&
#9875000
b1 A
19
1:
b10110 C
b11010111001000111011101110101110 D
b1000000111010011110100010000010 <
1>
b11111111111111111111111000110000 L
b11000111000110100011101110001110 ;
b11001111000111101111101110011110 8
b1000000001001100000000010000 4
1N
b1000 J
b1001011000111001110100110010110 H
b11010111001000111011101110101110 E
b101000000111010011110100010000010 =
b10000110000000000000000000000000 B
b1000110000 ?
b11111111111111111111111000110000 @
b10001100000001101101001000011000 G
0"
b111100110 0
b111100110 1
1&
#9880000
b111100111 /
0-
0&
#9885000
1"
b11111111111111111111111000110000 #
b11111111111111111111111000110000 M
0N
1&
#9890000
1-
b111101000 2
b1 '
1S
b101101101101111011011010011011011 T
b10011100000010001001011100110111 P
b10111001001010111000100101110 Q
b10000100111000110010011000001001 O
b10 R
b10 )
b10 5
b10111001001010111000100101110 +
b10111001001010111000100101110 7
b10000100111000110010011000001001 *
b10000100111000110010011000001001 6
0&
#9895000
b1110 C
b10011100000010001001011100110111 D
b1101101101111011011010011011011 <
b1 L
b10010011110001100101011100100111 ;
b10010111111001110111011100101111 8
b100001000010010000000001000 4
1N
b10 J
b10111001001010111000100101110 H
b10011100000010001001011100110111 E
b101101101101111011011010011011011 =
b11001001100000100100000000000000 B
b100001001110001100 ?
b11111111111111100001001110001100 @
b10000100111000110010011000001001 G
0"
b111100111 0
b111100111 1
1&
#9900000
b111101000 /
0-
0&
#9905000
1"
b1 #
b1 M
0N
1&
#9910000
1-
b111101001 2
b11111111111010111101110111111111 '
b110101011100001100100101101010111 T
b100010010010011010101111000100011 P
b110011011000111000100101100110 Q
b11011110111010011101010010111101 O
b100 R
b100 )
b100 5
b110011011000111000100101100110 +
b110011011000111000100101100110 7
b11011110111010011101010010111101 *
b11011110111010011101010010111101 6
0&
#9915000
0:
b1 A
19
1F
b110 C
b10010010011010101111000100011 D
b10101011100001100100101101010111 <
b11111111111010111101110111111111 L
b11101101100010100101110111011011 ;
b11111111111010111101110111111111 8
b10010011000011000000000100100 4
1N
b100 J
b110011011000111000100101100110 H
b100010010010011010101111000100011 E
b110101011100001100100101101010111 =
b10111010011101010010111101000000 B
b11011110111010011101010010 ?
b11111111011110111010011101010010 @
b11011110111010011101010010111101 G
0"
b111101000 0
b111101000 1
1&
#9920000
b111101001 /
0-
0&
#9925000
1"
b11111111111010111101110111111111 #
b11111111111010111101110111111111 M
0N
1&
#9930000
1-
b111101010 2
b1110110000000000000000000000 '
b110000000011011100000001100000001 T
b11110101100111100100110111101011 P
b111010100110000010010101110101 Q
b10111011000001100010100001110110 O
b110 R
b110 )
b110 5
b111010100110000010010101110101 +
b111010100110000010010101110101 7
b10111011000001100010100001110110 *
b10111011000001100010100001110110 6
0&
#9935000
b10101 C
b11110101100111100100110111101011 D
0F
b10000000011011100000001100000001 <
b1110110000000000000000000000 L
b10000001100111100000110100000011 ;
b10111011100111100010110101110111 8
b111010000000000010000001110100 4
1N
b110 J
b111010100110000010010101110101 H
b11110101100111100100110111101011 E
b110000000011011100000001100000001 =
b1110110000000000000000000000 B
b10111011000 ?
b11111111111111111111110111011000 @
b10111011000001100010100001110110 G
0"
b111101001 0
b111101001 1
1&
#9940000
b111101010 /
0-
0&
#9945000
1"
b1110110000000000000000000000 #
b1110110000000000000000000000 M
0N
1&
#9950000
1-
b111101011 2
b11001111111101111011111110011111 '
b101111100111000001010010011111010 T
b100010010100001111101000000100100 P
b1001010110100111001010110010101 Q
b11000111101101000011101010001111 O
b100 R
b100 )
b100 5
b1001010110100111001010110010101 +
b1001010110100111001010110010101 7
b11000111101101000011101010001111 *
b11000111101101000011101010001111 6
0&
#9955000
1:
b1 A
19
b10010100001111101000000100100 D
1F
b1111100111000001010010011111010 <
b11001111111101111011111110011111 L
b10001101011001111010111100011010 ;
b11001111111101111011111110011111 8
b1000010100100000001000010000101 4
1N
b100 J
b1001010110100111001010110010101 H
b100010010100001111101000000100100 E
b101111100111000001010010011111010 =
b1010001111000000000000000000000 B
b11000111101 ?
b11111111111111111111111000111101 @
b11000111101101000011101010001111 G
0"
b111101010 0
b111101010 1
1&
#9960000
b111101011 /
0-
0&
#9965000
1"
b11001111111101111011111110011111 #
b11001111111101111011111110011111 M
0N
1&
#9970000
1-
b111101100 2
b11111011111011001011011111110111 '
b1111111011001001110001011111111 T
b11111011111011001011011111110111 P
b10111110010000111110101001111100 Q
b111101101010001100110101111011 O
b0 R
b0 )
b0 5
b10111110010000111110101001111100 +
b10111110010000111110101001111100 7
b111101101010001100110101111011 *
b111101101010001100110101111011 6
0&
#9975000
b0 A
09
0:
b11100 C
b11111011111011001011011111110111 D
0F
b1111111011001001110001011111111 <
0>
0I
b11111011111011001011011111110111 L
b10000011111010110010011100000111 ;
b10111111111010111110111101111111 8
b111100000000001100100001111000 4
1N
b0 J
b10111110010000111110101001111100 H
b11111011111011001011011111110111 E
b1111111011001001110001011111111 =
b10110000000000000000000000000000 B
b11 ?
b11 @
b111101101010001100110101111011 G
0"
b111101011 0
b111101011 1
1&
#9980000
b111101100 /
0-
0&
#9985000
1"
b11111011111011001011011111110111 #
b11111011111011001011011111110111 M
0N
1&
#9990000
1-
b111101101 2
b11101000011000001101111000000000 '
b11010011011100011110001110100110 T
b110011100011101100111110100111000 P
b11100100100000100100110011001001 Q
b10110111111101000011000001101111 O
b110 R
b110 )
b110 5
b11100100100000100100110011001001 +
b11100100100000100100110011001001 7
b10110111111101000011000001101111 *
b10110111111101000011000001101111 6
0&
#9995000
b1 A
19
b1001 C
b10011100011101100111110100111000 D
1F
b11010011011100011110001110100110 <
b11101000011000001101111000000000 L
b1010011011101100111110010100110 ;
b11110111111101100111110011101111 8
b10100100100000000000000001001001 4
1N
b110 J
b11100100100000100100110011001001 H
b110011100011101100111110100111000 E
b11010011011100011110001110100110 =
b11101000011000001101111000000000 B
b10110111111101000011000 ?
b11111111110110111111101000011000 @
b10110111111101000011000001101111 G
0"
b111101100 0
b111101100 1
1&
#10000000
b111101101 /
0-
0&
#10005000
1"
b11101000011000001101111000000000 #
b11101000011000001101111000000000 M
0N
1&
#10010000
1-
b111101110 2
b10111110111011110100000101111101 '
b110001010101000001011111100010101 T
b100111111000011111000001001111101 P
b1011010001101110110000110110100 Q
b11100100110110000010000011001001 O
b101 R
b101 )
b101 5
b1011010001101110110000110110100 +
b1011010001101110110000110110100 7
b11100100110110000010000011001001 *
b11100100110110000010000011001001 6
0&
#10015000
0:
b1 A
19
b10100 C
b111111000011111000001001111101 D
b10001010101000001011111100010101 <
1>
b10111110111011110100000101111101 L
b10111110111011110100000101111101 ;
b11111110111111110110000111111101 8
b1000000000100000010000010000000 4
1N
b101 J
b1011010001101110110000110110100 H
b100111111000011111000001001111101 E
b110001010101000001011111100010101 =
b1100100100000000000000000000 B
b111001001101 ?
b11111111111111111111111001001101 @
b11100100110110000010000011001001 G
0"
b111101101 0
b111101101 1
1&
#10020000
b111101110 /
0-
0&
#10025000
1"
b10111110111011110100000101111101 #
b10111110111011110100000101111101 M
0N
1&
#10030000
1-
b111101111 2
b1000100000010001010000010001000 '
b10010110100110011111110100101101 T
b101000011111101110100111010000111 P
b11010110101011101010100010101101 Q
b1101101010010001010010111011010 O
b11 R
b11 )
b11 5
b11010110101011101010100010101101 +
b11010110101011101010100010101101 7
b1101101010010001010010111011010 *
b1101101010010001010010111011010 6
0&
#10035000
b0 A
09
1:
0>
b1101 C
b1000011111101110100111010000111 D
b10010110100110011111110100101101 <
b1000100000010001010000010001000 L
b10111011111001100000110101110111 ;
b11111111111011101010110111111111 8
b1000100000010001010000010001000 4
1N
b11 J
b11010110101011101010100010101101 H
b101000011111101110100111010000111 E
b10010110100110011111110100101101 =
b10100101110110100000000000000 B
b110110101001000101 ?
b110110101001000101 @
b1101101010010001010010111011010 G
0"
b111101110 0
b111101110 1
1&
#10040000
b111101111 /
0-
0&
#10045000
1"
b1000100000010001010000010001000 #
b1000100000010001010000010001000 M
0N
1&
#10050000
1-
b111110000 2
1(
b0 '
0S
b101101001000111110000111011010010 T
b1110110100000001101010011101100 P
b110101100001110001100001101 Q
b1101111110011111111000111011111 O
b10 R
b10 )
b10 5
b110101100001110001100001101 +
b110101100001110001100001101 7
b1101111110011111111000111011111 *
b1101111110011111111000111011111 6
0&
#10055000
0:
1>
0F
b1110110100000001101010011101100 D
b1101001000111110000111011010010 <
b0 L
b1101001011111110001001011010010 ;
b1101111111111111111001111011111 8
b110100000001110000100001101 4
1N
b10 J
b110101100001110001100001101 H
b1110110100000001101010011101100 E
b101101001000111110000111011010010 =
b11111110001110111110000000000000 B
b110111111001111111 ?
b110111111001111111 @
b1101111110011111111000111011111 G
0"
b111101111 0
b111101111 1
1&
#10060000
b111110000 /
0-
0&
#10065000
1!
1"
b0 #
b0 M
0N
1&
#10070000
1-
b111110001 2
0(
b11000010011010100000101110000000 '
b11110110100011111101100111101101 T
b1111010000010101010100011110011 P
b1000001101111010110011110000011 Q
b111000010011010100000101110000 O
b110 R
b110 )
b110 5
b1000001101111010110011110000011 +
b1000001101111010110011110000011 7
b111000010011010100000101110000 *
b111000010011010100000101110000 6
0&
#10075000
b1 A
19
0>
b11 C
b1111010000010101010100011110011 D
b11110110100011111101100111101101 <
b11000010011010100000101110000000 L
b1111001111100000010011011110011 ;
b1111001111111010110011111110011 8
b11010100000100000000 4
1N
b110 J
b1000001101111010110011110000011 H
b1111010000010101010100011110011 E
b11110110100011111101100111101101 =
b11000010011010100000101110000000 B
b111000010011010100000101110 ?
b111000010011010100000101110 @
b111000010011010100000101110000 G
0"
b111110000 0
b111110000 1
1&
#10080000
b111110001 /
0-
0&
#10085000
0!
1"
b11000010011010100000101110000000 #
b11000010011010100000101110000000 M
0N
1&
#10090000
1-
b111110010 2
b10001100011011000100010100010000 '
b110100110010011000011011101001101 T
b10101011010000010101000101010101 P
b10011110101000110100000100 Q
b10101000110001101100010001010001 O
b10011110101000110100000100 +
b10011110101000110100000100 7
b10101000110001101100010001010001 *
b10101000110001101100010001010001 6
0&
#10095000
0:
b1 A
19
03
b100 C
b10101011010000010101000101010101 D
b10100110010011000011011101001101 <
1>
b10001100011011000100010100010000 L
b10101010101111000100100101010101 ;
b10101010111111101100110101010101 8
b10000101000010000000000 4
1N
b10011110101000110100000100 H
b10101011010000010101000101010101 E
b110100110010011000011011101001101 =
b10001100011011000100010100010000 B
b1010100011000110110001000101 ?
b11111010100011000110110001000101 @
b10101000110001101100010001010001 G
0"
b111110001 0
b111110001 1
1&
#10100000
b111110010 /
0-
0&
#10105000
1"
b10001100011011000100010100010000 #
b10001100011011000100010100010000 M
0N
1&
#10110000
1-
b111110011 2
b11111111111111111111111111100000 '
b11000011010100010110110110000111 T
b110111101001110110111011101111001 P
b11111100111101010000010011111001 Q
b11000000010001100111001010000000 O
b1000 R
b1000 )
b1000 5
b11111100111101010000010011111001 +
b11111100111101010000010011111001 7
b11000000010001100111001010000000 *
b11000000010001100111001010000000 6
0&
#10115000
0>
1F
b11001 C
b10111101001110110111011101111001 D
b11000011010100010110110110000111 <
b11111111111111111111111111100000 L
b111100101100110111011001111001 ;
b11111100111101110111011011111001 8
b11000000010001000000000010000000 4
1N
b1000 J
b11111100111101010000010011111001 H
b110111101001110110111011101111001 E
b11000011010100010110110110000111 =
b0 B
b1100000 ?
b11111111111111111111111111100000 @
b11000000010001100111001010000000 G
0"
b111110010 0
b111110010 1
1&
#10120000
b111110011 /
0-
0&
#10125000
1"
b11111111111111111111111111100000 #
b11111111111111111111111111100000 M
0N
1&
#10130000
1-
b111110100 2
b11100111101101000001100000000000 '
b11110011100111011001000111100 T
b11101000100000000010011111010000 P
b11100101000001100011101011001010 Q
b11011110011110110100000110 O
b110 R
b110 )
b110 5
b11100101000001100011101011001010 +
b11100101000001100011101011001010 7
b11011110011110110100000110 *
b11011110011110110100000110 6
0&
#10135000
b0 A
09
03
0:
0F
b1010 C
b11101000100000000010011111010000 D
b11110011100111011001000111100 <
b11100111101101000001100000000000 L
b11100110011111111101011111001100 ;
b11100111011111111111111111001110 8
b1000000000010100000000010 4
1N
b110 J
b11100101000001100011101011001010 H
b11101000100000000010011111010000 E
b11110011100111011001000111100 =
b11100111101101000001100000000000 B
b1101111001111011 ?
b1101111001111011 @
b11011110011110110100000110 G
0"
b111110011 0
b111110011 1
1&
#10140000
b111110100 /
0-
0&
#10145000
1"
b11100111101101000001100000000000 #
b11100111101101000001100000000000 M
0N
1&
#10150000
1-
b111110101 2
b11111111111101111100011010110010 '
b110001010100100111010100100010110 T
b101010100100001110010000010101000 P
b1100100111110011011101111001001 Q
b11101111100011010110010011011111 O
b1000 R
b1000 )
b1000 5
b1100100111110011011101111001001 +
b1100100111110011011101111001001 7
b11101111100011010110010011011111 *
b11101111100011010110010011011111 6
0&
#10155000
b1 A
19
0:
b1001 C
b1010100100001110010000010101000 D
1F
b10001010100100111010100100010110 <
1>
b11111111111101111100011010110010 L
b10001011011101001101111100010110 ;
b11101111111111011111111111011111 8
b1100100100010010010000011001001 4
1N
b1000 J
b1100100111110011011101111001001 H
b101010100100001110010000010101000 E
b110001010100100111010100100010110 =
b11010110010011011111000000000 B
b11101111100011010110010 ?
b11111111111101111100011010110010 @
b11101111100011010110010011011111 G
0"
b111110100 0
b111110100 1
1&
#10160000
b111110101 /
0-
0&
#10165000
1"
b11111111111101111100011010110010 #
b11111111111101111100011010110010 M
0N
1&
#10170000
1-
b111110110 2
b1000000010010010000000010000000 '
b1101010001011111110110011010100 T
b100011010110000101111111000110100 P
b11011000010010011000100010110000 Q
b1000010011110010111010110000100 O
b11 R
b11 )
b11 5
b11011000010010011000100010110000 +
b11011000010010011000100010110000 7
b1000010011110010111010110000100 *
b1000010011110010111010110000100 6
0&
#10175000
b0 A
09
0:
b10000 C
b11010110000101111111000110100 D
b1101010001011111110110011010100 <
0>
b1000000010010010000000010000000 L
b10011010001100001111110100110100 ;
b11011010011110011111110110110100 8
b1000000010010010000000010000000 4
1N
b11 J
b11011000010010011000100010110000 H
b100011010110000101111111000110100 E
b1101010001011111110110011010100 =
b1110101100001000000000000000000 B
b100001001111001 ?
b100001001111001 @
b1000010011110010111010110000100 G
0"
b111110101 0
b111110101 1
1&
#10180000
b111110110 /
0-
0&
#10185000
1"
b1000000010010010000000010000000 #
b1000000010010010000000010000000 M
0N
1&
#10190000
1-
b111110111 2
b1111100101111011000011111111001 '
b101101100101100100111111011011001 T
b1111100110001011000100011111001 P
b1000000010011000010100010000 Q
b1110100101111000000001111101001 O
b100 R
b100 )
b100 5
b1000000010011000010100010000 +
b1000000010011000010100010000 7
b1110100101111000000001111101001 *
b1110100101111000000001111101001 6
0&
#10195000
b0 A
09
1>
0F
b1111100110001011000100011111001 D
b1101100101100100111111011011001 <
b1111100101111011000011111111001 L
b1111100101101011000011011111001 ;
b1111100101111011000011111111001 8
b10000000000100000000 4
1N
b100 J
b1000000010011000010100010000 H
b1111100110001011000100011111001 E
b101101100101100100111111011011001 =
b11111010010000000000000000 B
b111010010111100 ?
b111010010111100 @
b1110100101111000000001111101001 G
0"
b111110110 0
b111110110 1
1&
#10200000
b111110111 /
0-
0&
#10205000
1"
b1111100101111011000011111111001 #
b1111100101111011000011111111001 M
0N
1&
#10210000
1-
b111111000 2
b11111111011111011111010111111110 '
b10011000110110100101010100110010 T
b101000101100011011111011010001010 P
b11010110010110011101000010101100 Q
b1101111001101000010010111011110 O
b11010110010110011101000010101100 +
b11010110010110011101000010101100 7
b1101111001101000010010111011110 *
b1101111001101000010010111011110 6
0&
#10215000
1:
b0 A
09
0>
1F
b1100 C
b1000101100011011111011010001010 D
b10011000110110100101010100110010 <
b11111111011111011111010111111110 L
b10111001011011011111010101110010 ;
b11111111011111011111010111111110 8
b1000110000100000000000010001100 4
1N
b11010110010110011101000010101100 H
b101000101100011011111011010001010 E
b10011000110110100101010100110010 =
b1000010010111011110000000000000 B
b1101111001101000010 ?
b1101111001101000010 @
b1101111001101000010010111011110 G
0"
b111110111 0
b111110111 1
1&
#10220000
b111111000 /
0-
0&
#10225000
1"
b11111111011111011111010111111110 #
b11111111011111011111010111111110 M
0N
1&
#10230000
1-
b111111001 2
b1 '
1S
b10011000101000001101011100110010 T
b1110000100100010001111011100000 P
b1101011111110000010001111010111 Q
b100100110001111101100001001 O
b10 R
b10 )
b10 5
b1101011111110000010001111010111 +
b1101011111110000010001111010111 7
b100100110001111101100001001 *
b100100110001111101100001001 6
0&
#10235000
0:
b1 A
19
b10111 C
b1110000100100010001111011100000 D
0F
b10011000101000001101011100110010 <
b1 L
b1101111011000001101100011011110 ;
b1101111111110001111101111011111 8
b100110000010001100000001 4
1N
b10 J
b1101011111110000010001111010111 H
b1110000100100010001111011100000 E
b10011000101000001101011100110010 =
b10000100100000000000000000000000 B
b1001 ?
b1001 @
b100100110001111101100001001 G
0"
b111111000 0
b111111000 1
1&
#10240000
b111111001 /
0-
0&
#10245000
1"
b1 #
b1 M
0N
1&
#10250000
1-
b111111010 2
b11000011000011100 '
b10101001111110110101110101010100 T
b10110111100010111100000101101110 P
b10000110110010000011001000001101 Q
b110000110000111000111101100001 O
b111 R
b111 )
b111 5
b10000110110010000011001000001101 +
b10000110110010000011001000001101 7
b110000110000111000111101100001 *
b110000110000111000111101100001 6
0&
#10255000
b0 A
09
1:
b1101 C
b10110111100010111100000101101110 D
b10101001111110110101110101010100 <
b11000011000011100 L
b10110110000010111011110101101100 ;
b10110110110010111011111101101101 8
b110000000000001000000001 4
1N
b111 J
b10000110110010000011001000001101 H
b10110111100010111100000101101110 E
b10101001111110110101110101010100 =
b1110001111011000010000000000000 B
b11000011000011100 ?
b11000011000011100 @
b110000110000111000111101100001 G
0"
b111111001 0
b111111001 1
1&
#10260000
b111111010 /
0-
0&
#10265000
1"
b11000011000011100 #
b11000011000011100 M
0N
1&
#10270000
1-
b111111011 2
b1001000110000110000011010010001 '
b1011110110110001010100010111110 T
b100110010101011101100011001100100 P
b11101001111010110000111011010011 Q
b1001000110000111011011110010001 O
b11 R
b11 )
b11 5
b11101001111010110000111011010011 +
b11101001111010110000111011010011 7
b1001000110000111011011110010001 *
b1001000110000111011011110010001 6
0&
#10275000
0:
b0 A
09
1F
b10011 C
b110010101011101100011001100100 D
b1011110110110001010100010111110 <
b1001000110000110000011010010001 L
b10100001001010001011100101000010 ;
b11101001111010111011111111010011 8
b1001000110000110000011010010001 4
1N
b11 J
b11101001111010110000111011010011 H
b100110010101011101100011001100100 E
b1011110110110001010100010111110 =
b10111100100010000000000000000000 B
b100100011000 ?
b100100011000 @
b1001000110000111011011110010001 G
0"
b111111010 0
b111111010 1
1&
#10280000
b111111011 /
0-
0&
#10285000
1"
b1001000110000110000011010010001 #
b1001000110000110000011010010001 M
0N
1&
#10290000
1-
b111111100 2
b1011010110010100111111010110101 '
b100110101101110100111001001101011 T
b1100101001101011000000011001001 P
b10111101111011000011100101111 Q
b1001101011101111111100110011010 O
b101 R
b101 )
b101 5
b10111101111011000011100101111 +
b10111101111011000011100101111 7
b1001101011101111111100110011010 *
b1001101011101111111100110011010 6
0&
#10295000
1>
0F
b1111 C
b1100101001101011000000011001001 D
b110101101110100111001001101011 <
b1011010110010100111111010110101 L
b1011010110010100111111010110101 ;
b1011111111111111111111110111111 8
b101001101011000000100001010 4
1N
b101 J
b10111101111011000011100101111 H
b1100101001101011000000011001001 E
b100110101101110100111001001101011 =
b11111100110011010000000000000000 B
b1001101011101111 ?
b1001101011101111 @
b1001101011101111111100110011010 G
0"
b111111011 0
b111111011 1
1&
#10300000
b111111100 /
0-
0&
#10305000
1"
b1011010110010100111111010110101 #
b1011010110010100111111010110101 M
0N
1&
#10310000
1-
b111111101 2
b1 '
b11001011010010101101111110010111 T
b10000010111101011110011100000101 P
b1011011110101011000001110110111 Q
b100111001000000110001101001110 O
b10 R
b10 )
b10 5
b1011011110101011000001110110111 +
b1011011110101011000001110110111 7
b100111001000000110001101001110 *
b100111001000000110001101001110 6
0&
#10315000
b1 A
19
13
0>
b10111 C
b10000010111101011110011100000101 D
b11001011010010101101111110010111 <
b1 L
b1111100111101011110000011111001 ;
b1111111111101011110001111111111 8
b11000000000000001100000110 4
1N
b10 J
b1011011110101011000001110110111 H
b10000010111101011110011100000101 E
b11001011010010101101111110010111 =
b10100111000000000000000000000000 B
b1001110 ?
b1001110 @
b100111001000000110001101001110 G
0"
b111111100 0
b111111100 1
1&
#10320000
b111111101 /
0-
0&
#10325000
1"
b1 #
b1 M
0N
1&
#10330000
1-
b111111110 2
b11111111111111111111111111111111 '
b110110100010011100000011101101001 T
b100010001111110101101111000100011 P
b101110110101100110101101011101 Q
b11100011001001000111001011000110 O
b1000 R
b1000 )
b1000 5
b101110110101100110101101011101 +
b101110110101100110101101011101 7
b11100011001001000111001011000110 *
b11100011001001000111001011000110 6
0&
#10335000
03
b11101 C
b10001111110101101111000100011 D
1F
b10110100010011100000011101101001 <
1>
b11111111111111111111111111111111 L
b11001101111100100001100110011011 ;
b11101111111101100111101111011111 8
b100010000001000110001001000100 4
1N
b1000 J
b101110110101100110101101011101 H
b100010001111110101101111000100011 E
b110110100010011100000011101101001 =
b11000000000000000000000000000000 B
b111 ?
b11111111111111111111111111111111 @
b11100011001001000111001011000110 G
0"
b111111101 0
b111111101 1
1&
#10340000
b111111110 /
0-
0&
#10345000
1"
b11111111111111111111111111111111 #
b11111111111111111111111111111111 M
0N
1&
#10350000
1-
b111111111 2
b10110110010011110110110101101101 '
b110110110010011110110110101101101 T
b11100101101110000110101111001011 P
b10111101101000111111100101111 Q
b11001110000000111110110010011100 O
b1 R
b1 )
b1 5
b10111101101000111111100101111 +
b10111101101000111111100101111 7
b11001110000000111110110010011100 *
b11001110000000111110110010011100 6
0&
#10355000
b1111 C
b11100101101110000110101111001011 D
0F
b10110110010011110110110101101101 <
1I
b10110110010011110110110101101101 L
b11011001101101111001001110110011 ;
b11011111101101111111111110111111 8
b110000000000110110000001100 4
1N
b1 J
b10111101101000111111100101111 H
b11100101101110000110101111001011 E
b110110110010011110110110101101101 =
b11110110010011100000000000000000 B
b11001110000000111 ?
b11111111111111111001110000000111 @
b11001110000000111110110010011100 G
0"
b111111110 0
b111111110 1
1&
#10360000
b111111111 /
0-
0&
#10365000
1%
1"
b10110110010011110110110101101101 #
b10110110010011110110110101101101 M
0N
1&
#10370000
1-
b1000000000 2
b10000000001010100000001000000000 '
b11010100011010111000101110101001 T
b101101111111010100000000011011111 P
b11001101101111110011101010011011 Q
b10100010001010101100011001000100 O
b11 R
b11 )
b11 5
b11001101101111110011101010011011 +
b11001101101111110011101010011011 7
b10100010001010101100011001000100 *
b10100010001010101100011001000100 6
0&
#10375000
13
0>
1F
b11011 C
b1101111111010100000000011011111 D
b11010100011010111000101110101001 <
0I
b10000000001010100000001000000000 L
b1101111100101011111110011011111 ;
b11101111101111111111111011011111 8
b10000000001010100000001000000000 4
1N
b11 J
b11001101101111110011101010011011 H
b101101111111010100000000011011111 E
b11010100011010111000101110101001 =
b100000000000000000000000000000 B
b10100 ?
b11111111111111111111111111110100 @
b10100010001010101100011001000100 G
0"
b111111111 0
b111111111 1
1&
#10380000
b1000000000 /
0-
0&
#10385000
0%
1"
b10000000001010100000001000000000 #
b10000000001010100000001000000000 M
0N
1&
#10390000
1-
b1000000001 2
b11000101101010101011101110001011 '
b100111100100101010100010001111001 T
b100100101101010101011110001001011 P
b1110100100010101011101111101001 Q
b10110001001000000000000001100010 O
b101 R
b101 )
b101 5
b1110100100010101011101111101001 +
b1110100100010101011101111101001 7
b10110001001000000000000001100010 *
b10110001001000000000000001100010 6
0&
#10395000
1:
03
b1 A
19
1>
b1001 C
b100101101010101011110001001011 D
b111100100101010100010001111001 <
b11000101101010101011101110001011 L
b11000101101010101011101110001011 ;
b11110101101010101011101111101011 8
b110000000000000000000001100000 4
1N
b101 J
b1110100100010101011101111101001 H
b100100101101010101011110001001011 E
b100111100100101010100010001111001 =
b1000000000000001100010000000000 B
b10110001001000000000000 ?
b11111111110110001001000000000000 @
b10110001001000000000000001100010 G
0"
b1000000000 0
b1000000000 1
1&
#10400000
b1000000001 /
0-
0&
#10405000
1"
b11000101101010101011101110001011 #
b11000101101010101011101110001011 M
0N
1&
#10410000
1-
b1000000010 2
b1011101000111100 '
b1010000101101110111000010100001 T
b11011101110101111001010110111011 P
b11000110100100000001001010001101 Q
b10111010001111000001100101110 O
b111 R
b111 )
b111 5
b11000110100100000001001010001101 +
b11000110100100000001001010001101 7
b10111010001111000001100101110 *
b10111010001111000001100101110 6
0&
#10415000
b0 A
09
0:
b1101 C
b11011101110101111001010110111011 D
0F
b1010000101101110111000010100001 <
0>
b1011101000111100 L
b11010001110101111001000110100011 ;
b11010111110101111001001110101111 8
b110000000000000001000001100 4
1N
b111 J
b11000110100100000001001010001101 H
b11011101110101111001010110111011 E
b1010000101101110111000010100001 =
b11110000011001011100000000000000 B
b1011101000111100 ?
b1011101000111100 @
b10111010001111000001100101110 G
0"
b1000000001 0
b1000000001 1
1&
#10420000
b1000000010 /
0-
0&
#10425000
1"
b1011101000111100 #
b1011101000111100 M
0N
1&
#10430000
1-
b1000000011 2
b11110111001111111011011111101110 '
b10001110000100100101001100011100 T
b100111000010010111011110001110000 P
b11010101000111001011010010101010 Q
b1100011001011110000011111000110 O
b100 R
b100 )
b100 5
b11010101000111001011010010101010 +
b11010101000111001011010010101010 7
b1100011001011110000011111000110 *
b1100011001011110000011111000110 6
0&
#10435000
1:
b0 A
09
b1010 C
b111000010010111011110001110000 D
1F
b10001110000100100101001100011100 <
b11110111001111111011011111101110 L
b10110110001100111011001101101100 ;
b11110111001111111011011111101110 8
b1000001000011000000010010000010 4
1N
b100 J
b11010101000111001011010010101010 H
b100111000010010111011110001110000 E
b10001110000100100101001100011100 =
b10111100000111110001100000000000 B
b110001100101111000001 ?
b110001100101111000001 @
b1100011001011110000011111000110 G
0"
b1000000010 0
b1000000010 1
1&
#10440000
b1000000011 /
0-
0&
#10445000
1"
b11110111001111111011011111101110 #
b11110111001111111011011111101110 M
0N
1&
#10450000
1-
b1000000100 2
b11011011111111011111111110110111 '
b110110100001101010010000101101001 T
b11101100000001101011111111010111 P
b11011111010001100111100110111 Q
b11010000000111011111000010100000 O
b11011111010001100111100110111 +
b11011111010001100111100110111 7
b11010000000111011111000010100000 *
b11010000000111011111000010100000 6
0&
#10455000
b1 A
19
0:
1>
0F
b10111 C
b11101100000001101011111111010111 D
b10110100001101010010000101101001 <
b11011011111111011111111110110111 L
b11001011111101010011111110010111 ;
b11011011111111011111111110110111 8
b10000000010001100000000100000 4
1N
b11011111010001100111100110111 H
b11101100000001101011111111010111 E
b110110100001101010010000101101001 =
b1010000000000000000000000000000 B
b110100000 ?
b11111111111111111111111110100000 @
b11010000000111011111000010100000 G
0"
b1000000011 0
b1000000011 1
1&
#10460000
b1000000100 /
0-
0&
#10465000
1"
b11011011111111011111111110110111 #
b11011011111111011111111110110111 M
0N
1&
#10470000
1-
b1000000101 2
b1100000001011101111000000000000 '
b100000011111100111000011000001000 T
b111101100110011001101011111011000 P
b11110100011011001010100011101000 Q
b11111000011000000010111011110000 O
b110 R
b110 )
b110 5
b11110100011011001010100011101000 +
b11110100011011001010100011101000 7
b11111000011000000010111011110000 *
b11111000011000000010111011110000 6
0&
#10475000
b0 A
09
b1000 C
b11101100110011001101011111011000 D
1F
b11111100111000011000001000 <
b1100000001011101111000000000000 L
b1100000011001000011000011000 ;
b11111100011011001010111011111000 8
b11110000011000000010100011100000 4
1N
b110 J
b11110100011011001010100011101000 H
b111101100110011001101011111011000 E
b100000011111100111000011000001000 =
b1100000001011101111000000000000 B
b111110000110000000101110 ?
b11111111111110000110000000101110 @
b11111000011000000010111011110000 G
0"
b1000000100 0
b1000000100 1
1&
#10480000
b1000000101 /
0-
0&
#10485000
1"
b1100000001011101111000000000000 #
b1100000001011101111000000000000 M
0N
1&
#10490000
1-
b1000000110 2
b10001110010010010001010100011100 '
b101111101101101110001001011111100 T
b101001111010100010010011010011110 P
b1101000110011010000100111010001 Q
b11100110100001000001110011001101 O
b101 R
b101 )
b101 5
b1101000110011010000100111010001 +
b1101000110011010000100111010001 7
b11100110100001000001110011001101 *
b11100110100001000001110011001101 6
0&
#10495000
1:
b1 A
19
b10001 C
b1001111010100010010011010011110 D
b1111101101101110001001011111100 <
1>
b10001110010010010001010100011100 L
b10001110010010010001010100011100 ;
b11101110110011010001110111011101 8
b1100000100001000000100011000001 4
1N
b101 J
b1101000110011010000100111010001 H
b101001111010100010010011010011110 E
b101111101101101110001001011111100 =
b111001100110100000000000000000 B
b111001101000010 ?
b11111111111111111111001101000010 @
b11100110100001000001110011001101 G
0"
b1000000101 0
b1000000101 1
1&
#10500000
b1000000110 /
0-
0&
#10505000
1"
b10001110010010010001010100011100 #
b10001110010010010001010100011100 M
0N
1&
#10510000
1-
b1000000111 2
b1001101100000100000001010011011 '
b1101101100011001101000011011100 T
b101001101011110011111011010011010 P
b11101111111101101001001011011111 Q
b1011101100000110110001110111011 O
b11 R
b11 )
b11 5
b11101111111101101001001011011111 +
b11101111111101101001001011011111 7
b1011101100000110110001110111011 *
b1011101100000110110001110111011 6
0&
#10515000
b0 A
09
0:
b11111 C
b1001101011110011111011010011010 D
b1101101100011001101000011011100 <
0>
b1001101100000100000001010011011 L
b10110010011101011111000101100100 ;
b11111111111101111111001111111111 8
b1001101100000100000001010011011 4
1N
b11 J
b11101111111101101001001011011111 H
b101001101011110011111011010011010 E
b1101101100011001101000011011100 =
b10000000000000000000000000000000 B
b0 ?
b0 @
b1011101100000110110001110111011 G
0"
b1000000110 0
b1000000110 1
1&
#10520000
b1000000111 /
0-
0&
#10525000
1"
b1001101100000100000001010011011 #
b1001101100000100000001010011011 M
0N
1&
#10530000
1-
b1000001000 2
1(
b0 '
0S
b100010010010011101011010000100101 T
b1101010110011101111011011010101 P
b101100010000000010000101011000 Q
b111110100011101101010101111101 O
b10 R
b10 )
b10 5
b101100010000000010000101011000 +
b101100010000000010000101011000 7
b111110100011101101010101111101 *
b111110100011101101010101111101 6
0&
#10535000
1>
b0 L
0F
b1111101000000000000000000000000 B
b111110 ?
b111110 @
b11000 C
b1101010110011101111011011010101 D
b10010010011101011010000100101 <
b10010110011101111010000100101 ;
b111110110011101111010101111101 8
b101100000000000000000101011000 4
1N
b10 J
b101100010000000010000101011000 H
b1101010110011101111011011010101 E
b100010010010011101011010000100101 =
b111110100011101101010101111101 G
0"
b1000000111 0
b1000000111 1
1&
#10540000
b1000001000 /
0-
0&
#10545000
1!
1"
b0 #
b0 M
0N
1&
#10550000
1-
b1000001001 2
0(
b10000100010010010010000100001000 '
b110000100010010010010000100001000 T
b100011011101000011000000000110110 P
b1001011101011000010111110010111 Q
b11001111111101010101000010011111 O
b1 R
b1 )
b1 5
b1001011101011000010111110010111 +
b1001011101011000010111110010111 7
b11001111111101010101000010011111 *
b11001111111101010101000010011111 6
0&
#10555000
b1 A
19
0K
03
0:
1F
b10111 C
b11011101000011000000000110110 D
b10000100010010010010000100001000 <
1I
b10000100010010010010000100001000 L
b10000100010110010111111100001000 ;
b11001111111111010111111110011111 8
b1001011101001000000000010010111 4
1N
b1 J
b1001011101011000010111110010111 H
b100011011101000011000000000110110 E
b110000100010010010010000100001000 =
b1001111100000000000000000000000 B
b110011111 ?
b11111111111111111111111110011111 @
b11001111111101010101000010011111 G
0"
b1000001000 0
b1000001000 1
1&
#10560000
b1000001001 /
0-
0&
#10565000
0!
1%
1"
b10000100010010010010000100001000 #
b10000100010010010010000100001000 M
0N
1&
#10570000
1-
b1000001010 2
b1 '
1S
b11101110101111000111001111011101 T
b100010111111111101101000000101111 P
b10010100101000010010111000101001 Q
b10000011010111011010001000000110 O
b10 R
b10 )
b10 5
b10010100101000010010111000101001 +
b10010100101000010010111000101001 7
b10000011010111011010001000000110 *
b10000011010111011010001000000110 6
0&
#10575000
13
b1 A
19
0>
b1001 C
b10111111111101101000000101111 D
b11101110101111000111001111011101 <
0I
b1 L
b10111111111001000110000101111 ;
b10010111111111011010111000101111 8
b10000000000000010010001000000000 4
1N
b10 J
b10010100101000010010111000101001 H
b100010111111111101101000000101111 E
b11101110101111000111001111011101 =
b10111011010001000000110000000000 B
b10000011010111011010001 ?
b11111111110000011010111011010001 @
b10000011010111011010001000000110 G
0"
b1000001001 0
b1000001001 1
1&
#10580000
b1000001010 /
0-
0&
#10585000
0%
1"
b1 #
b1 M
0N
1&
#10590000
1-
b1000001011 2
b11100010000000000000000000000000 '
b1110110100110100110110011101101 T
b101001101111111000101101010011011 P
b11101011101100001111011011010111 Q
b1100010010010110110001111000100 O
b110 R
b110 )
b110 5
b11101011101100001111011011010111 +
b11101011101100001111011011010111 7
b1100010010010110110001111000100 *
b1100010010010110110001111000100 6
0&
#10595000
b0 A
09
03
0:
b10111 C
b1001101111111000101101010011011 D
b1110110100110100110110011101101 <
b11100010000000000000000000000000 L
b10001001111110111001010100010011 ;
b11101011111110111111011111010111 8
b1100010000000000110001011000100 4
1N
b110 J
b11101011101100001111011011010111 H
b101001101111111000101101010011011 E
b1110110100110100110110011101101 =
b11100010000000000000000000000000 B
b11000100 ?
b11000100 @
b1100010010010110110001111000100 G
0"
b1000001010 0
b1000001010 1
1&
#10600000
b1000001011 /
0-
0&
#10605000
1"
b11100010000000000000000000000000 #
b11100010000000000000000000000000 M
0N
1&
#10610000
1-
b1000001100 2
b10101110111001111101011101011101 '
b110000111110111111100000100010000 T
b11010101011011011110011110101010 P
b100110110001110001001101001101 Q
b10101110101001101101010001011101 O
b100 R
b100 )
b100 5
b100110110001110001001101001101 +
b100110110001110001001101001101 7
b10101110101001101101010001011101 *
b10101110101001101101010001011101 6
0&
#10615000
b1 A
19
0:
1>
0F
b1101 C
b11010101011011011110011110101010 D
b10000111110111111100000100010000 <
b10101110111001111101011101011101 L
b10001000011000011100011100010000 ;
b10101110111001111101011101011101 8
b100110100001100001000001001101 4
1N
b100 J
b100110110001110001001101001101 H
b11010101011011011110011110101010 E
b110000111110111111100000100010000 =
b11011010100010111010000000000000 B
b1010111010100110110 ?
b11111111111111010111010100110110 @
b10101110101001101101010001011101 G
0"
b1000001011 0
b1000001011 1
1&
#10620000
b1000001100 /
0-
0&
#10625000
1"
b10101110111001111101011101011101 #
b10101110111001111101011101011101 M
0N
1&
#10630000
1-
b1000001101 2
b10000110011010011110110100001100 '
b1111001111010011001110011110100 T
b11111001100101011111000111110010 P
b10111111110101100010101001111111 Q
b111001101111111100011101110011 O
b101 R
b101 )
b101 5
b10111111110101100010101001111111 +
b10111111110101100010101001111111 7
b111001101111111100011101110011 *
b111001101111111100011101110011 6
0&
#10635000
b0 A
09
0:
0>
b11111 C
b11111001100101011111000111110010 D
b1111001111010011001110011110100 <
b10000110011010011110110100001100 L
b10000110011010011110110100001100 ;
b10111111111111111110111101111111 8
b111001100101100000001001110011 4
1N
b101 J
b10111111110101100010101001111111 H
b11111001100101011111000111110010 E
b1111001111010011001110011110100 =
b10000000000000000000000000000000 B
b0 ?
b0 @
b111001101111111100011101110011 G
0"
b1000001100 0
b1000001100 1
1&
#10640000
b1000001101 /
0-
0&
#10645000
1"
b10000110011010011110110100001100 #
b10000110011010011110110100001100 M
0N
1&
#10650000
1-
b1000001110 2
b1 '
b101001010001001110000111010010101 T
b100000011110111111101101000000111 P
b1011100110111000110010110111001 Q
b10100111000000110111010001001110 O
b10 R
b10 )
b10 5
b1011100110111000110010110111001 +
b1011100110111000110010110111001 7
b10100111000000110111010001001110 *
b10100111000000110111010001001110 6
0&
#10655000
b1 A
19
1:
1>
b11001 C
b11110111111101101000000111 D
1F
b1001010001001110000111010010101 <
b1 L
b11111011110111110001000111110111 ;
b11111111110111110111010111111111 8
b100000000000110010000001000 4
1N
b10 J
b1011100110111000110010110111001 H
b100000011110111111101101000000111 E
b101001010001001110000111010010101 =
b10011100000000000000000000000000 B
b1010011 ?
b11111111111111111111111111010011 @
b10100111000000110111010001001110 G
0"
b1000001101 0
b1000001101 1
1&
#10660000
b1000001110 /
0-
0&
#10665000
1"
b1 #
b1 M
0N
1&
#10670000
1-
b1000001111 2
b11000000000000000000000000000000 '
b101010011100001101010001010100111 T
b110001101001101000010011100011001 P
b10011100110101101100001000111001 Q
b11110000010111010110010011100000 O
b110 R
b110 )
b110 5
b10011100110101101100001000111001 +
b10011100110101101100001000111001 7
b11110000010111010110010011100000 *
b11110000010111010110010011100000 6
0&
#10675000
0:
b0 A
09
b10001101001101000010011100011001 D
b1010011100001101010001010100111 <
b11000000000000000000000000000000 L
b1101100100010111010011011011001 ;
b11111100110111111110011011111001 8
b10010000010101000100000000100000 4
1N
b110 J
b10011100110101101100001000111001 H
b110001101001101000010011100011001 E
b101010011100001101010001010100111 =
b11000000000000000000000000000000 B
b1111000 ?
b11111111111111111111111111111000 @
b11110000010111010110010011100000 G
0"
b1000001110 0
b1000001110 1
1&
#10680000
b1000001111 /
0-
0&
#10685000
1"
b11000000000000000000000000000000 #
b11000000000000000000000000000000 M
0N
1&
#10690000
1-
b1000010000 2
b10000001111101 '
b100100111111111111100110001010000 T
b1011001111101101101001010110010 P
b11000111110111000001100110001 Q
b1000000111110110100111110000001 O
b1000 R
b1000 )
b1000 5
b11000111110111000001100110001 +
b11000111110111000001100110001 7
b1000000111110110100111110000001 *
b1000000111110110100111110000001 6
0&
#10695000
b0 A
09
03
b10001 C
b1011001111101101101001010110010 D
0F
b100111111111111100110001010000 <
1>
b10000001111101 L
b1011000000000001100110010110000 ;
b1011000111110111100111110110001 8
b111110110000001100000001 4
1N
b1000 J
b11000111110111000001100110001 H
b1011001111101101101001010110010 E
b100100111111111111100110001010000 =
b10011111000000100000000000000000 B
b10000001111101 ?
b10000001111101 @
b1000000111110110100111110000001 G
0"
b1000001111 0
b1000001111 1
1&
#10700000
b1000010000 /
0-
0&
#10705000
1"
b10000001111101 #
b10000001111101 M
0N
1&
#10710000
1-
b1000010001 2
b1 '
b11001000100110000111000110010001 T
b11000111001111110110110110001101 P
b1111111010100110111110111111110 Q
b1000111111010111110111110001111 O
b1111111010100110111110111111110 +
b1111111010100110111110111111110 7
b1000111111010111110111110001111 *
b1000111111010111110111110001111 6
0&
#10715000
b1 A
19
13
0>
b11110 C
b11000111001111110110110110001101 D
b11001000100110000111000110010001 <
b1 L
b111000101110001001001001110001 ;
b1111111111110111111111111111111 8
b1000111010000110110110110001110 4
1N
b1111111010100110111110111111110 H
b11000111001111110110110110001101 E
b11001000100110000111000110010001 =
b11000000000000000000000000000000 B
b1 ?
b1 @
b1000111111010111110111110001111 G
0"
b1000010000 0
b1000010000 1
1&
#10720000
b1000010001 /
0-
0&
#10725000
1"
b1 #
b1 M
0N
1&
#10730000
1-
b1000010010 2
b10000110100000001000000000001101 '
b100100111010001100110100001001110 T
b100110110010110110111100001101100 P
b10000111100010101000100000001111 Q
b10101110110100001111000001011101 O
b11 R
b11 )
b11 5
b10000111100010101000100000001111 +
b10000111100010101000100000001111 7
b10101110110100001111000001011101 *
b10101110110100001111000001011101 6
0&
#10735000
b0 A
09
13
b1111 C
b110110010110110111100001101100 D
1F
b100111010001100110100001001110 <
1>
b10000110100000001000000000001101 L
b101001010110100111100001010010 ;
b10101111110110101111100001011111 8
b10000110100000001000000000001101 4
1N
b11 J
b10000111100010101000100000001111 H
b100110110010110110111100001101100 E
b100100111010001100110100001001110 =
b1111000001011101000000000000000 B
b10101110110100001 ?
b11111111111111110101110110100001 @
b10101110110100001111000001011101 G
0"
b1000010001 0
b1000010001 1
1&
#10740000
b1000010010 /
0-
0&
#10745000
1"
b10000110100000001000000000001101 #
b10000110100000001000000000001101 M
0N
1&
#10750000
1-
b1000010011 2
b11100101000011001111010111001010 '
b11100101000011001111010111001010 T
b1001110001010101010000010011100 P
b110100100011101101010101101001 Q
b11001100110111100101100110011 O
b1 R
b1 )
b1 5
b110100100011101101010101101001 +
b110100100011101101010101101001 7
b11001100110111100101100110011 *
b11001100110111100101100110011 6
0&
#10755000
b1 A
19
03
b1001 C
b1001110001010101010000010011100 D
0F
b11100101000011001111010111001010 <
0>
0I
b11100101000011001111010111001010 L
b101101000101010001111001011010 ;
b111101100111111101111101111011 8
b10000100010101100000100100001 4
1N
b1 J
b110100100011101101010101101001 H
b1001110001010101010000010011100 E
b11100101000011001111010111001010 =
b110111100101100110011000000000 B
b11001100110111100101 ?
b11001100110111100101 @
b11001100110111100101100110011 G
0"
b1000010010 0
b1000010010 1
1&
#10760000
b1000010011 /
0-
0&
#10765000
1"
b11100101000011001111010111001010 #
b11100101000011001111010111001010 M
0N
1&
#10770000
1-
b1000010100 2
b1010 '
b1011101101101100101001010111100 T
b11111000011001001111011111110000 P
b11001101010101110101001010011010 Q
b101011000011011010010101010110 O
b111 R
b111 )
b111 5
b11001101010101110101001010011010 +
b11001101010101110101001010011010 7
b101011000011011010010101010110 *
b101011000011011010010101010110 6
0&
#10775000
b0 A
09
0:
b11010 C
b11111000011001001111011111110000 D
b1011101101101100101001010111100 <
b1010 L
b11100110010110101111011111001100 ;
b11101111010111111111011111011110 8
b1001000001010000000000010010 4
1N
b111 J
b11001101010101110101001010011010 H
b11111000011001001111011111110000 E
b1011101101101100101001010111100 =
b1011000000000000000000000000000 B
b1010 ?
b1010 @
b101011000011011010010101010110 G
0"
b1000010011 0
b1000010011 1
1&
#10780000
b1000010100 /
0-
0&
#10785000
1"
b1010 #
b1010 M
0N
1&
#10790000
1-
b1000010101 2
b100100011000000000000101001000 '
b100001001100010010010001000010011 T
b1010011010110110011000010100101 P
b100100111010010000011101001001 Q
b101110011100100010100101011100 O
b11 R
b11 )
b11 5
b100100111010010000011101001001 +
b100100111010010000011101001001 7
b101110011100100010100101011100 *
b101110011100100010100101011100 6
0&
#10795000
1>
b1001 C
b1010011010110110011000010100101 D
b1001100010010010001000010011 <
b100100011000000000000101001000 L
b1010100110110010111000010101 ;
b101110111110110010111101011101 8
b100100011000000000000101001000 4
1N
b11 J
b100100111010010000011101001001 H
b1010011010110110011000010100101 E
b100001001100010010010001000010011 =
b11100100010100101011100000000000 B
b101110011100100010100 ?
b101110011100100010100 @
b101110011100100010100101011100 G
0"
b1000010100 0
b1000010100 1
1&
#10800000
b1000010101 /
0-
0&
#10805000
1"
b100100011000000000000101001000 #
b100100011000000000000101001000 M
0N
1&
#10810000
1-
b1000010110 2
b1001010000010111001000010010 '
b11001100010110011111110110011001 T
b100000111010000001111001000001101 P
b10011101011100110111101000111010 Q
b1101001110011010111011111010011 O
b10011101011100110111101000111010 +
b10011101011100110111101000111010 7
b1101001110011010111011111010011 *
b1101001110011010111011111010011 6
0&
#10815000
1:
b0 A
09
0>
1F
b11010 C
b111010000001111001000001101 D
b11001100010110011111110110011001 <
b1001010000010111001000010010 L
b11110100101111100000110111101001 ;
b11111101111111110111111111111011 8
b1001010000010111001000010010 4
1N
b10011101011100110111101000111010 H
b100000111010000001111001000001101 E
b11001100010110011111110110011001 =
b1001100000000000000000000000000 B
b11010 ?
b11010 @
b1101001110011010111011111010011 G
0"
b1000010101 0
b1000010101 1
1&
#10820000
b1000010110 /
0-
0&
#10825000
1"
b1001010000010111001000010010 #
b1001010000010111001000010010 M
0N
1&
#10830000
1-
b1000010111 2
b11011000000000000000000000000000 '
b10110000010110001110011101100000 T
b100101000100100010000010001010000 P
b10111100000111000000111001111000 Q
b1101100011101001111010111011000 O
b110 R
b110 )
b110 5
b10111100000111000000111001111000 +
b10111100000111000000111001111000 7
b1101100011101001111010111011000 *
b1101100011101001111010111011000 6
0&
#10835000
b11000 C
b101000100100010000010001010000 D
b10110000010110001110011101100000 <
b11011000000000000000000000000000 L
b11010000011010001111101110100000 ;
b11111100011111001111111111111000 8
b101100000101000000010001011000 4
1N
b110 J
b10111100000111000000111001111000 H
b100101000100100010000010001010000 E
b10110000010110001110011101100000 =
b11011000000000000000000000000000 B
b1101100 ?
b1101100 @
b1101100011101001111010111011000 G
0"
b1000010110 0
b1000010110 1
1&
#10840000
b1000010111 /
0-
0&
#10845000
1"
b11011000000000000000000000000000 #
b11011000000000000000000000000000 M
0N
1&
#10850000
1-
b1000011000 2
b10101111100110111001010101011110 '
b10001001111110101101010100010100 T
b10101111100110111001010101011110 P
b10010010110100000110000000100101 Q
b11100110010110011010100111001 O
b0 R
b0 )
b0 5
b10010010110100000110000000100101 +
b10010010110100000110000000100101 7
b11100110010110011010100111001 *
b11100110010110011010100111001 6
0&
#10855000
1:
b0 A
09
b101 C
b10101111100110111001010101011110 D
0F
b10001001111110101101010100010100 <
0I
b10101111100110111001010101011110 L
b10001110000110110101010100011100 ;
b10011110110110110111010100111101 8
b10000110000000010000000100001 4
1N
b0 J
b10010010110100000110000000100101 H
b10101111100110111001010101011110 E
b10001001111110101101010100010100 =
b10011001011001101010011100100000 B
b111001100101100110101001 ?
b111001100101100110101001 @
b11100110010110011010100111001 G
0"
b1000010111 0
b1000010111 1
1&
#10860000
b1000011000 /
0-
0&
#10865000
1"
b10101111100110111001010101011110 #
b10101111100110111001010101011110 M
0N
1&
#10870000
1-
b1000011001 2
b1 '
b11011001010111110010110110110011 T
b100101111110011100111111001011111 P
b10101011001101111010100001010110 Q
b10000100100101101101011000001001 O
b10 R
b10 )
b10 5
b10101011001101111010100001010110 +
b10101011001101111010100001010110 7
b10000100100101101101011000001001 *
b10000100100101101101011000001001 6
0&
#10875000
13
b1 A
19
0:
b10110 C
b101111110011100111111001011111 D
1F
b11011001010111110010110110110011 <
b1 L
b101111101000010111111001011111 ;
b10101111101101111111111001011111 8
b10000000000101101000000000000000 4
1N
b10 J
b10101011001101111010100001010110 H
b100101111110011100111111001011111 E
b11011001010111110010110110110011 =
b10000010010000000000000000000000 B
b1000010010 ?
b11111111111111111111111000010010 @
b10000100100101101101011000001001 G
0"
b1000011000 0
b1000011000 1
1&
#10880000
b1000011001 /
0-
0&
#10885000
1"
b1 #
b1 M
0N
1&
#10890000
1-
b1000011010 2
b1001011000101 '
b10101100100100010100101101011001 T
b101111111110001111000010011111111 P
b11101001100110110001110011010011 Q
b10010110001011000110100000101100 O
b111 R
b111 )
b111 5
b11101001100110110001110011010011 +
b11101001100110110001110011010011 7
b10010110001011000110100000101100 *
b10010110001011000110100000101100 6
0&
#10895000
b10011 C
b1111111110001111000010011111111 D
b10101100100100010100101101011001 <
b1001011000101 L
b1111111101101110111010011111111 ;
b11111111101111110111110011111111 8
b10000000000010000000100000000000 4
1N
b111 J
b11101001100110110001110011010011 H
b101111111110001111000010011111111 E
b10101100100100010100101101011001 =
b1000001011000000000000000000000 B
b1001011000101 ?
b11111111111111111111001011000101 @
b10010110001011000110100000101100 G
0"
b1000011001 0
b1000011001 1
1&
#10900000
b1000011010 /
0-
0&
#10905000
1"
b1001011000101 #
b1001011000101 M
0N
1&
#10910000
1-
b1000011011 2
b1101000001011110111000011010 '
b100001101000001011110111000011010 T
b1101110000001001000000011010 P
b10111010101000100000000 Q
b1101011000110011111100011010 O
b1 R
b1 )
b1 5
b10111010101000100000000 +
b10111010101000100000000 7
b1101011000110011111100011010 *
b1101011000110011111100011010 6
0&
#10915000
1I
b0 A
09
03
1>
b0 C
b1101110000001001000000011010 D
0F
b1101000001011110111000011010 <
b1101000001011110111000011010 L
b1101001111100110111000011010 ;
b1101011111110111111100011010 8
b10000010001000100000000 4
1N
b1 J
b10111010101000100000000 H
b1101110000001001000000011010 E
b100001101000001011110111000011010 =
b1101011000110011111100011010 B
b1101011000110011111100011010 ?
b1101011000110011111100011010 @
b1101011000110011111100011010 G
0"
b1000011010 0
b1000011010 1
1&
#10920000
b1000011011 /
0-
0&
#10925000
1%
1"
b1101000001011110111000011010 #
b1101000001011110111000011010 M
0N
1&
#10930000
1-
b1000011100 2
b10101100000110101011111 '
b1100001101101001101000011000100 T
b101001010011001011110111010010100 P
b11110100010110001000111011101000 Q
b1010110000011010101111110101100 O
b1000 R
b1000 )
b1000 5
b11110100010110001000111011101000 +
b11110100010110001000111011101000 7
b1010110000011010101111110101100 *
b1010110000011010101111110101100 6
0&
#10935000
0>
1F
b1000 C
b1001010011001011110111010010100 D
b1100001101101001101000011000100 <
0I
b10101100000110101011111 L
b10100010010101011101000101000100 ;
b11110110010111011101111111101100 8
b1010100000010000000111010101000 4
1N
b1000 J
b11110100010110001000111011101000 H
b101001010011001011110111010010100 E
b1100001101101001101000011000100 =
b1101010111111010110000000000 B
b10101100000110101011111 ?
b10101100000110101011111 @
b1010110000011010101111110101100 G
0"
b1000011011 0
b1000011011 1
1&
#10940000
b1000011100 /
0-
0&
#10945000
0%
1"
b10101100000110101011111 #
b10101100000110101011111 M
0N
1&
#10950000
1-
b1000011101 2
b11100110001011100001011111001100 '
b11100110001011100001011111001100 T
b110000110101001101001100100001100 P
b11010000001111000100000010100000 Q
b10110110011010100101100001101100 O
b1 R
b1 )
b1 5
b11010000001111000100000010100000 +
b11010000001111000100000010100000 7
b10110110011010100101100001101100 *
b10110110011010100101100001101100 6
0&
#10955000
b1 A
19
b0 C
b10000110101001101001100100001100 D
b11100110001011100001011111001100 <
b11100110001011100001011111001100 L
b1100110010101100001100011001100 ;
b11110110011111100101100011101100 8
b10010000001010000100000000100000 4
1N
b1 J
b11010000001111000100000010100000 H
b110000110101001101001100100001100 E
b11100110001011100001011111001100 =
b10110110011010100101100001101100 B
b10110110011010100101100001101100 ?
b10110110011010100101100001101100 @
b10110110011010100101100001101100 G
0"
b1000011100 0
b1000011100 1
1&
#10960000
b1000011101 /
0-
0&
#10965000
1"
b11100110001011100001011111001100 #
b11100110001011100001011111001100 M
0N
1&
#10970000
1-
b1000011110 2
b1 '
b10100110000010111101010101001100 T
b1110111100011100111010011101110 P
b1101000110000010100111111010001 Q
b1110110011010010010100011101 O
b10 R
b10 )
b10 5
b1101000110000010100111111010001 +
b1101000110000010100111111010001 7
b1110110011010010010100011101 *
b1110110011010010010100011101 6
0&
#10975000
b1 A
19
03
b10001 C
b1110111100011100111010011101110 D
0F
b10100110000010111101010101001100 <
b1 L
b1100110000011000110101011001100 ;
b1101110110011010110111111011101 8
b1000110000010000010100010001 4
1N
b10 J
b1101000110000010100111111010001 H
b1110111100011100111010011101110 E
b10100110000010111101010101001100 =
b1001010001110100000000000000000 B
b11101100110 ?
b11101100110 @
b1110110011010010010100011101 G
0"
b1000011101 0
b1000011101 1
1&
#10980000
b1000011110 /
0-
0&
#10985000
1"
b1 #
b1 M
0N
1&
#10990000
1-
b1000011111 2
b11101101101110101000011111011010 '
b10011000111111001011000100110 T
b11101101101110101000011111011010 P
b11101101010011010111100011011010 Q
b11011010000111100000000 O
b0 R
b0 )
b0 5
b11101101010011010111100011011010 +
b11101101010011010111100011011010 7
b11011010000111100000000 *
b11011010000111100000000 6
0&
#10995000
b0 A
09
0:
b11010 C
b11101101101110101000011111011010 D
b10011000111111001011000100110 <
b11101101101110101000011111011010 L
b11101101001000000111011111011010 ;
b11101101011011010111111111011010 8
b10011010000100000000000 4
1N
b0 J
b11101101010011010111100011011010 H
b11101101101110101000011111011010 E
b10011000111111001011000100110 =
b0 B
b0 ?
b0 @
b11011010000111100000000 G
0"
b1000011110 0
b1000011110 1
1&
#11000000
b1000011111 /
0-
0&
#11005000
1"
b11101101101110101000011111011010 #
b11101101101110101000011111011010 M
0N
1&
#11010000
1-
b1000100000 2
1(
b0 '
0S
b100001011101110111100110000011000 T
b11001100011101110100001110011000 P
b1100000010111011011101111000000 Q
b1101100000110011000011111011000 O
b10 R
b10 )
b10 5
b1100000010111011011101111000000 +
b1100000010111011011101111000000 7
b1101100000110011000011111011000 *
b1101100000110011000011111011000 6
0&
#11015000
13
1>
b0 C
b11001100011101110100001110011000 D
b1011101110111100110000011000 <
b0 L
b1100010001000011110000011000 ;
b1101100010111011011111111011000 8
b1100000000110011000001111000000 4
1N
b10 J
b1100000010111011011101111000000 H
b11001100011101110100001110011000 E
b100001011101110111100110000011000 =
b1101100000110011000011111011000 B
b1101100000110011000011111011000 ?
b1101100000110011000011111011000 @
b1101100000110011000011111011000 G
0"
b1000011111 0
b1000011111 1
1&
#11020000
b1000100000 /
0-
0&
#11025000
1!
1"
b0 #
b0 M
0N
1&
#11030000
1-
b1000100001 2
0(
b11111111111111111101001100100100 '
b10111101011110010101101101111011 T
b110001111000110001011110100011101 P
b11101000110011111011000011010001 Q
b10100110010010010000110001001100 O
b1000 R
b1000 )
b1000 5
b11101000110011111011000011010001 +
b11101000110011111011000011010001 7
b10100110010010010000110001001100 *
b10100110010010010000110001001100 6
0&
#11035000
b1 A
19
03
0>
b10001 C
b10001111000110001011110100011101 D
1F
b10111101011110010101101101111011 <
b11111111111111111101001100100100 L
b1001110100001101011110010011101 ;
b11101110110011111011110011011101 8
b10100000010010010000000001000000 4
1N
b1000 J
b11101000110011111011000011010001 H
b110001111000110001011110100011101 E
b10111101011110010101101101111011 =
b11000100110000000000000000000 B
b101001100100100 ?
b11111111111111111101001100100100 @
b10100110010010010000110001001100 G
0"
b1000100000 0
b1000100000 1
1&
#11040000
b1000100001 /
0-
0&
#11045000
0!
1"
b11111111111111111101001100100100 #
b11111111111111111101001100100100 M
0N
1&
#11050000
1-
b1000100010 2
b11111111110110010001111000000000 '
b11111111110110010001111000000000 T
b101010001100111001111101010100010 P
b10101000111000011110111001010001 Q
b10101000101110110000110001010001 O
b1 R
b1 )
b1 5
b10101000111000011110111001010001 +
b10101000111000011110111001010001 7
b10101000101110110000110001010001 *
b10101000101110110000110001010001 6
0&
#11055000
13
b1010001100111001111101010100010 D
b11111111110110010001111000000000 <
b11111111110110010001111000000000 L
b10110101110001000000000 ;
b10101000111110111110111001010001 8
b10101000101000010000110001010001 4
1N
b1 J
b10101000111000011110111001010001 H
b101010001100111001111101010100010 E
b11111111110110010001111000000000 =
b11000101000100000000000000000 B
b101010001011101 ?
b11111111111111111101010001011101 @
b10101000101110110000110001010001 G
0"
b1000100001 0
b1000100001 1
1&
#11060000
b1000100010 /
0-
0&
#11065000
1"
b11111111110110010001111000000000 #
b11111111110110010001111000000000 M
0N
1&
#11070000
1-
b1000100011 2
b11111011001001111101100111110110 '
b101001001001000010101011010010010 T
b11111100001010000010010111111000 P
b1011001100000110110011110110011 Q
b10100010101001001011111001000101 O
b101 R
b101 )
b101 5
b1011001100000110110011110110011 +
b1011001100000110110011110110011 7
b10100010101001001011111001000101 *
b10100010101001001011111001000101 6
0&
#11075000
1:
b1 A
19
03
1>
0F
b10011 C
b11111100001010000010010111111000 D
b1001001001000010101011010010010 <
b11111011001001111101100111110110 L
b11111011001001111101100111110110 ;
b11111011101001111111111111110111 8
b100000000010011000000001 4
1N
b101 J
b1011001100000110110011110110011 H
b11111100001010000010010111111000 E
b101001001001000010101011010010010 =
b11110010001010000000000000000000 B
b1010001010100 ?
b11111111111111111111010001010100 @
b10100010101001001011111001000101 G
0"
b1000100010 0
b1000100010 1
1&
#11080000
b1000100011 /
0-
0&
#11085000
1"
b11111011001001111101100111110110 #
b11111011001001111101100111110110 M
0N
1&
#11090000
1-
b1000100100 2
b10111111001000010000011001111110 '
b11111110110101110011111111111110 T
b101111111011010101100110011111110 P
b11000000010010011100011010000000 Q
b10111111001000010000011001111110 O
b110 R
b110 )
b110 5
b11000000010010011100011010000000 +
b11000000010010011100011010000000 7
b10111111001000010000011001111110 *
b10111111001000010000011001111110 6
0&
#11095000
13
0:
0>
b0 C
b1111111011010101100110011111110 D
1F
b11111110110101110011111111111110 <
b10111111001000010000011001111110 L
b1111111011010001100000011111110 ;
b11111111011010011100011011111110 8
b10000000000000010000011000000000 4
1N
b110 J
b11000000010010011100011010000000 H
b101111111011010101100110011111110 E
b11111110110101110011111111111110 =
b10111111001000010000011001111110 B
b10111111001000010000011001111110 ?
b10111111001000010000011001111110 @
b10111111001000010000011001111110 G
0"
b1000100011 0
b1000100011 1
1&
#11100000
b1000100100 /
0-
0&
#11105000
1"
b10111111001000010000011001111110 #
b10111111001000010000011001111110 M
0N
1&
#11110000
1-
b1000100101 2
b11111100101101101010011 '
b101011010001101000111110010110100 T
b10100010100000100010101101000100 P
b100100001001101101011101001000 Q
b1111110010110110101001111111100 O
b1000 R
b1000 )
b1000 5
b100100001001101101011101001000 +
b100100001001101101011101001000 7
b1111110010110110101001111111100 *
b1111110010110110101001111111100 6
0&
#11115000
b0 A
09
13
1>
0F
b1000 C
b10100010100000100010101101000100 D
b1011010001101000111110010110100 <
b11111100101101101010011 L
b1011010011111011000010010110100 ;
b1111110011111111101011111111100 8
b100100000000100101001101001000 4
1N
b1000 J
b100100001001101101011101001000 H
b10100010100000100010101101000100 E
b101011010001101000111110010110100 =
b1011011010100111111110000000000 B
b11111100101101101010011 ?
b11111100101101101010011 @
b1111110010110110101001111111100 G
0"
b1000100100 0
b1000100100 1
1&
#11120000
b1000100101 /
0-
0&
#11125000
1"
b11111100101101101010011 #
b11111100101101101010011 M
0N
1&
#11130000
1-
b1000100110 2
b10000000101001001000000000000001 '
b100100111111110001010010001010000 T
b101011001011000100101110010110010 P
b10011000101101001101110000110001 Q
b11000000101011011000000010000001 O
b11 R
b11 )
b11 5
b10011000101101001101110000110001 +
b10011000101101001101110000110001 7
b11000000101011011000000010000001 *
b11000000101011011000000010000001 6
0&
#11135000
b0 A
09
13
1F
b10001 C
b1011001011000100101110010110010 D
b100111111110001010010001010000 <
b10000000101001001000000000000001 L
b1011000000110010101110010110000 ;
b11011000101111011101110010110001 8
b10000000101001001000000000000001 4
1N
b11 J
b10011000101101001101110000110001 H
b101011001011000100101110010110010 E
b100100111111110001010010001010000 =
b1000000100000000000000000 B
b110000001010110 ?
b11111111111111111110000001010110 @
b11000000101011011000000010000001 G
0"
b1000100101 0
b1000100101 1
1&
#11140000
b1000100110 /
0-
0&
#11145000
1"
b10000000101001001000000000000001 #
b10000000101001001000000000000001 M
0N
1&
#11150000
1-
b1000100111 2
b10010101010110101011001100101010 '
b100010001111101101011100000100100 T
b10010101010110101011001100101010 P
b1000001101100011111110110000011 Q
b1010011101010001011010110100111 O
b0 R
b0 )
b0 5
b1000001101100011111110110000011 +
b1000001101100011111110110000011 7
b1010011101010001011010110100111 *
b1010011101010001011010110100111 6
0&
#11155000
b0 A
09
13
b11 C
b10010101010110101011001100101010 D
0F
b10001111101101011100000100100 <
1>
1K
0I
b10010101010110101011001100101010 L
b10010000110010100100000100100 ;
b1010011101110011111110110100111 8
b1000001101000001011010110000011 4
1N
b0 J
b1000001101100011111110110000011 H
b10010101010110101011001100101010 E
b100010001111101101011100000100100 =
b10011101010001011010110100111000 B
b1010011101010001011010110100 ?
b1010011101010001011010110100 @
b1010011101010001011010110100111 G
0"
b1000100110 0
b1000100110 1
1&
#11160000
b1000100111 /
0-
0&
#11165000
1$
1"
b10010101010110101011001100101010 #
b10010101010110101011001100101010 M
0N
1&
#11170000
1-
b1000101000 2
b1 '
1S
b110011111101111101011000100111111 T
b10011111110000111101001100111111 P
b101001000100000000 Q
b10011111110000010100001000111111 O
b10 R
b10 )
b10 5
b101001000100000000 +
b101001000100000000 7
b10011111110000010100001000111111 *
b10011111110000010100001000111111 6
0&
#11175000
b1 A
19
03
0:
b0 C
b10011111110000111101001100111111 D
b10011111101111101011000100111111 <
0K
b1 L
b10011111110000111101001100111111 ;
b10011111110000111101001100111111 8
b0 4
1N
b10 J
b101001000100000000 H
b10011111110000111101001100111111 E
b110011111101111101011000100111111 =
b10011111110000010100001000111111 B
b10011111110000010100001000111111 ?
b10011111110000010100001000111111 @
b10011111110000010100001000111111 G
0"
b1000100111 0
b1000100111 1
1&
#11180000
b1000101000 /
0-
0&
#11185000
0$
1"
b1 #
b1 M
0N
1&
#11190000
1-
b1000101001 2
b10111111010101111001111101111110 '
b101110010110000101111100011100110 T
b11110001011010000001111111100010 P
b111111010100101001001101111110 Q
b10110010000101011000110001100100 O
b100 R
b100 )
b100 5
b111111010100101001001101111110 +
b111111010100101001001101111110 7
b10110010000101011000110001100100 *
b10110010000101011000110001100100 6
0&
#11195000
1:
b1 A
19
b11110 C
b11110001011010000001111111100010 D
b1110010110000101111100011100110 <
b10111111010101111001111101111110 L
b10001101010001110001111100011010 ;
b10111111010101111001111101111110 8
b110010000100001000000001100100 4
1N
b100 J
b111111010100101001001101111110 H
b11110001011010000001111111100010 E
b101110010110000101111100011100110 =
b0 B
b10 ?
b11111111111111111111111111111110 @
b10110010000101011000110001100100 G
0"
b1000101000 0
b1000101000 1
1&
#11200000
b1000101001 /
0-
0&
#11205000
1"
b10111111010101111001111101111110 #
b10111111010101111001111101111110 M
0N
1&
#11210000
1-
b1000101010 2
b1000000000001011101101110000000 '
b100110001010110011110010001100011 T
b10111111101101011101101101111111 P
b1000111001011011111101110001110 Q
b1111000100001111101111111110001 O
b11 R
b11 )
b11 5
b1000111001011011111101110001110 +
b1000111001011011111101110001110 7
b1111000100001111101111111110001 *
b1111000100001111101111111110001 6
0&
#11215000
13
b0 A
09
0:
b1110 C
b10111111101101011101101101111111 D
b110001010110011110010001100011 <
b1000000000001011101101110000000 L
b111111101010100010010001111111 ;
b1111111101011111111111111111111 8
b1000000000001011101101110000000 4
1N
b11 J
b1000111001011011111101110001110 H
b10111111101101011101101101111111 E
b100110001010110011110010001100011 =
b11110111111111000100000000000000 B
b11110001000011111 ?
b11110001000011111 @
b1111000100001111101111111110001 G
0"
b1000101001 0
b1000101001 1
1&
#11220000
b1000101010 /
0-
0&
#11225000
1"
b1000000000001011101101110000000 #
b1000000000001011101101110000000 M
0N
1&
#11230000
1-
b1000101011 2
b10011110010001101001101 '
b11011010111110110011001110110110 T
b11000011010010110110011110000110 P
b1110100001010000001100111101000 Q
b1001111001000110100110110011110 O
b1000 R
b1000 )
b1000 5
b1110100001010000001100111101000 +
b1110100001010000001100111101000 7
b1001111001000110100110110011110 *
b1001111001000110100110110011110 6
0&
#11235000
b1 A
19
0>
b1000 C
b11000011010010110110011110000110 D
b11011010111110110011001110110110 <
b10011110010001101001101 L
b111011000010110101010001110110 ;
b1111111001010110101110111111110 8
b1000100001000000000100110001000 4
1N
b1000 J
b1110100001010000001100111101000 H
b11000011010010110110011110000110 E
b11011010111110110011001110110110 =
b100011010011011001111000000000 B
b10011110010001101001101 ?
b10011110010001101001101 @
b1001111001000110100110110011110 G
0"
b1000101010 0
b1000101010 1
1&
#11240000
b1000101011 /
0-
0&
#11245000
1"
b10011110010001101001101 #
b10011110010001101001101 M
0N
1&
#11250000
1-
b1000101100 2
b10011111000110011010000100111111 '
b10011111000110011010000100111111 T
b10101001111011011001010101010011 P
b10000101011010011111101000001010 Q
b100100100000111001101101001001 O
b1 R
b1 )
b1 5
b10000101011010011111101000001010 +
b10000101011010011111101000001010 7
b100100100000111001101101001001 *
b100100100000111001101101001001 6
0&
#11255000
03
b0 A
09
1K
1:
b1010 C
b10101001111011011001010101010011 D
b10011111000110011010000100111111 <
b10011111000110011010000100111111 L
b10100001111010100110000101000011 ;
b10100101111010111111101101001011 8
b100000000011001101000001000 4
1N
b1 J
b10000101011010011111101000001010 H
b10101001111011011001010101010011 E
b10011111000110011010000100111111 =
b1110011011010010010000000000 B
b10010010000011100110 ?
b10010010000011100110 @
b100100100000111001101101001001 G
0"
b1000101011 0
b1000101011 1
1&
#11260000
b1000101100 /
0-
0&
#11265000
1$
1"
b10011111000110011010000100111111 #
b10011111000110011010000100111111 M
0N
1&
#11270000
1-
b1000101101 2
b1011111011100 '
b10000110111110000101001100001110 T
b11011000011101111110001110110000 P
b10101000101111111100100001010001 Q
b101111101110000001101101011111 O
b111 R
b111 )
b111 5
b10101000101111111100100001010001 +
b10101000101111111100100001010001 7
b101111101110000001101101011111 *
b101111101110000001101101011111 6
0&
#11275000
b10001 C
b11011000011101111110001110110000 D
b10000110111110000101001100001110 <
0K
b1011111011100 L
b10000111000001111101001100001110 ;
b10101111101111111101101101011111 8
b101000101110000000100001010001 4
1N
b111 J
b10101000101111111100100001010001 H
b11011000011101111110001110110000 E
b10000110111110000101001100001110 =
b110110101111100000000000000000 B
b1011111011100 ?
b1011111011100 @
b101111101110000001101101011111 G
0"
b1000101100 0
b1000101100 1
1&
#11280000
b1000101101 /
0-
0&
#11285000
0$
1"
b1011111011100 #
b1011111011100 M
0N
1&
#11290000
1-
b1000101110 2
b10000000110110010000000000000001 '
b100010001110111000101111000100100 T
b100110111110101101010111001101110 P
b10010010111111010010100000100101 Q
b10100100110110011000011001001001 O
b11 R
b11 )
b11 5
b10010010111111010010100000100101 +
b10010010111111010010100000100101 7
b10100100110110011000011001001001 *
b10100100110110011000011001001001 6
0&
#11295000
13
0:
1>
b101 C
b110111110101101010111001101110 D
1F
b10001110111000101111000100100 <
b10000000110110010000000000000001 L
b110110001001001010111001101100 ;
b10110110111111011010111001101101 8
b10000000110110010000000000000001 4
1N
b11 J
b10010010111111010010100000100101 H
b100110111110101101010111001101110 E
b100010001110111000101111000100100 =
b10011011001100001100100100100000 B
b101001001101100110000110010 ?
b11111101001001101100110000110010 @
b10100100110110011000011001001001 G
0"
b1000101101 0
b1000101101 1
1&
#11300000
b1000101110 /
0-
0&
#11305000
1"
b10000000110110010000000000000001 #
b10000000110110010000000000000001 M
0N
1&
#11310000
1-
b1000101111 2
b11111111111111111111111110110110 '
b100001001111110100100101000010100 T
b101100010100110111000001011000100 P
b10101100010100001001110001011000 Q
b10110110010010101110011001101100 O
b1000 R
b1000 )
b1000 5
b10101100010100001001110001011000 +
b10101100010100001001110001011000 7
b10110110010010101110011001101100 *
b10110110010010101110011001101100 6
0&
#11315000
b11000 C
b1100010100110111000001011000100 D
b1001111110100100101000010100 <
b11111111111111111111111110110110 L
b11010000110100111101000110100 ;
b10111110010110101111111001111100 8
b10100100010000001000010001001000 4
1N
b1000 J
b10101100010100001001110001011000 H
b101100010100110111000001011000100 E
b100001001111110100100101000010100 =
b1101100000000000000000000000000 B
b10110110 ?
b11111111111111111111111110110110 @
b10110110010010101110011001101100 G
0"
b1000101110 0
b1000101110 1
1&
#11320000
b1000101111 /
0-
0&
#11325000
1"
b11111111111111111111111110110110 #
b11111111111111111111111110110110 M
0N
1&
#11330000
1-
b1000110000 2
1(
b0 '
0S
b100010111011111111000101000101111 T
b101000111001110110100111010001101 P
b10010111110111011110001000101111 Q
b10101111010111010110110001011110 O
b10 R
b10 )
b10 5
b10010111110111011110001000101111 +
b10010111110111011110001000101111 7
b10101111010111010110110001011110 *
b10101111010111010110110001011110 6
0&
#11335000
b1111 C
b1000111001110110100111010001101 D
b10111011111111000101000101111 <
b0 L
b111000100000001000111001110001 ;
b10111111110111011110111001111111 8
b10000111010111010110000000001110 4
1N
b10 J
b10010111110111011110001000101111 H
b101000111001110110100111010001101 E
b100010111011111111000101000101111 =
b10110110001011110000000000000000 B
b10101111010111010 ?
b11111111111111110101111010111010 @
b10101111010111010110110001011110 G
0"
b1000101111 0
b1000101111 1
1&
#11340000
b1000110000 /
0-
0&
#11345000
1!
1"
b0 #
b0 M
0N
1&
#11350000
1-
b1000110001 2
0(
b11010011111111110101101110100111 '
b110101110000110000000011101011100 T
b11010101100001101010110110101010 P
b10011101101110101001100100111 Q
b11000001110011110101101010000011 O
b100 R
b100 )
b100 5
b10011101101110101001100100111 +
b10011101101110101001100100111 7
b11000001110011110101101010000011 *
b11000001110011110101101010000011 6
0&
#11355000
b1 A
19
03
0:
0F
b111 C
b11010101100001101010110110101010 D
b10101110000110000000011101011100 <
b11010011111111110101101110100111 L
b11010010011110000000100110100100 ;
b11010011111111110101101110100111 8
b1100001110101001000000011 4
1N
b100 J
b10011101101110101001100100111 H
b11010101100001101010110110101010 E
b110101110000110000000011101011100 =
b11100111101011010100000110000000 B
b1100000111001111010110101 ?
b11111111100000111001111010110101 @
b11000001110011110101101010000011 G
0"
b1000110000 0
b1000110000 1
1&
#11360000
b1000110001 /
0-
0&
#11365000
0!
1"
b11010011111111110101101110100111 #
b11010011111111110101101110100111 M
0N
1&
#11370000
1-
b1000110010 2
b10100000010011111001011101000000 '
b10100000010011111001011101000000 T
b100110100011011000010000001101000 P
b11001010000011100100010010010100 Q
b1101010010111011101101111010100 O
b1 R
b1 )
b1 5
b11001010000011100100010010010100 +
b11001010000011100100010010010100 7
b1101010010111011101101111010100 *
b1101010010111011101101111010100 6
0&
#11375000
b0 A
09
1K
1:
0>
1F
b10100 C
b110100011011000010000001101000 D
b10100000010011111001011101000000 <
0I
b10100000010011111001011101000000 L
b10100000010100111001111101000000 ;
b11101010010111111101111111010100 8
b1001010000011000100000010010100 4
1N
b1 J
b11001010000011100100010010010100 H
b100110100011011000010000001101000 E
b10100000010011111001011101000000 =
b10111101010000000000000000000000 B
b11010100101 ?
b11010100101 @
b1101010010111011101101111010100 G
0"
b1000110001 0
b1000110001 1
1&
#11380000
b1000110010 /
0-
0&
#11385000
1$
1"
b10100000010011111001011101000000 #
b10100000010011111001011101000000 M
0N
1&
#11390000
1-
b1000110011 2
b11011111011100111110011110111110 '
b110101011001011110111110101010110 T
b11100111100101000100101111001110 P
b11110001100100110011100111100 Q
b11001001011000011110010010010010 O
b100 R
b100 )
b100 5
b11110001100100110011100111100 +
b11110001100100110011100111100 7
b11001001011000011110010010010010 *
b11001001011000011110010010010010 6
0&
#11395000
b1 A
19
0:
1>
0F
b11100 C
b11100111100101000100101111001110 D
b10101011001011110111110101010110 <
0K
b11011111011100111110011110111110 L
b11010111010100111000001110101110 ;
b11011111011100111110011110111110 8
b1000001000000110010000010000 4
1N
b100 J
b11110001100100110011100111100 H
b11100111100101000100101111001110 E
b110101011001011110111110101010110 =
b100000000000000000000000000000 B
b1100 ?
b11111111111111111111111111111100 @
b11001001011000011110010010010010 G
0"
b1000110010 0
b1000110010 1
1&
#11400000
b1000110011 /
0-
0&
#11405000
0$
1"
b11011111011100111110011110111110 #
b11011111011100111110011110111110 M
0N
1&
#11410000
1-
b1000110100 2
b11011010111010000100010110110101 '
b1101011011101111111000011010111 T
b11011010111010000100010110110101 P
b10110111101110000010101001101111 Q
b100011001100000001101101000110 O
b0 R
b0 )
b0 5
b10110111101110000010101001101111 +
b10110111101110000010101001101111 7
b100011001100000001101101000110 *
b100011001100000001101101000110 6
0&
#11415000
b0 A
09
0:
0>
b1111 C
b11011010111010000100010110110101 D
b1101011011101111111000011010111 <
b11011010111010000100010110110101 L
b10010100100010000011000100101001 ;
b10110111101110000011101101101111 8
b100011001100000000101001000110 4
1N
b0 J
b10110111101110000010101001101111 H
b11011010111010000100010110110101 E
b1101011011101111111000011010111 =
b1101101000110000000000000000 B
b100011001100000 ?
b100011001100000 @
b100011001100000001101101000110 G
0"
b1000110011 0
b1000110011 1
1&
#11420000
b1000110100 /
0-
0&
#11425000
1"
b11011010111010000100010110110101 #
b11011010111010000100010110110101 M
0N
1&
#11430000
1-
b1000110101 2
b11111011111111111011111111110111 '
b100100100110101011001100001001010 T
b100011100100100011100010000111000 P
b1111011110111100001010111110111 Q
b10100000101100111010111001000001 O
b100 R
b100 )
b100 5
b1111011110111100001010111110111 +
b1111011110111100001010111110111 7
b10100000101100111010111001000001 *
b10100000101100111010111001000001 6
0&
#11435000
b1 A
19
1:
1>
b10111 C
b11100100100011100010000111000 D
1F
b100100110101011001100001001010 <
b11111011111111111011111111110111 L
b11011011011011011011101110110110 ;
b11111011111111111011111111110111 8
b100000100100100000010001000001 4
1N
b100 J
b1111011110111100001010111110111 H
b100011100100100011100010000111000 E
b100100100110101011001100001001010 =
b100000100000000000000000000000 B
b101000001 ?
b11111111111111111111111101000001 @
b10100000101100111010111001000001 G
0"
b1000110100 0
b1000110100 1
1&
#11440000
b1000110101 /
0-
0&
#11445000
1"
b11111011111111111011111111110111 #
b11111011111111111011111111110111 M
0N
1&
#11450000
1-
b1000110110 2
b10110010011101010001011101100100 '
b101010010011100110000100010100100 T
b11000100100001010110011110001000 P
b111001000010010010111101110010 Q
b10001011011111000011100000010110 O
b101 R
b101 )
b101 5
b111001000010010010111101110010 +
b111001000010010010111101110010 7
b10001011011111000011100000010110 *
b10001011011111000011100000010110 6
0&
#11455000
0F
b10010 C
b11000100100001010110011110001000 D
b1010010011100110000100010100100 <
b10110010011101010001011101100100 L
b10110010011101010001011101100100 ;
b10111011011111010011111101110110 8
b1001000010000010100000010010 4
1N
b101 J
b111001000010010010111101110010 H
b11000100100001010110011110001000 E
b101010010011100110000100010100100 =
b11100000010110000000000000000000 B
b10001011011111 ?
b11111111111111111110001011011111 @
b10001011011111000011100000010110 G
0"
b1000110101 0
b1000110101 1
1&
#11460000
b1000110110 /
0-
0&
#11465000
1"
b10110010011101010001011101100100 #
b10110010011101010001011101100100 M
0N
1&
#11470000
1-
b1000110111 2
b1110001111101101111110111100011 '
b11011111010001100100101110111111 T
b11000011001001101111111110000101 P
b1110001111100000101100111100011 Q
b1010001001101101010010110100010 O
b100 R
b100 )
b100 5
b1110001111100000101100111100011 +
b1110001111100000101100111100011 7
b1010001001101101010010110100010 *
b1010001001101101010010110100010 6
0&
#11475000
13
0:
0>
b11 C
b11000011001001101111111110000101 D
b11011111010001100100101110111111 <
b1110001111101101111110111100011 L
b100000110001101111110001000001 ;
b1110001111101101111110111100011 8
b1010001001100000000000110100010 4
1N
b100 J
b1110001111100000101100111100011 H
b11000011001001101111111110000101 E
b11011111010001100100101110111111 =
b10001001101101010010110100010000 B
b1010001001101101010010110100 ?
b1010001001101101010010110100 @
b1010001001101101010010110100010 G
0"
b1000110110 0
b1000110110 1
1&
#11480000
b1000110111 /
0-
0&
#11485000
1"
b1110001111101101111110111100011 #
b1110001111101101111110111100011 M
0N
1&
#11490000
1-
b1000111000 2
b110010010100100100000 '
b11100011011110100101000111000111 T
b110101111000101111011001101011101 P
b11100101110011101011000011001011 Q
b11001001010010010000001010010010 O
b111 R
b111 )
b111 5
b11100101110011101011000011001011 +
b11100101110011101011000011001011 7
b11001001010010010000001010010010 *
b11001001010010010000001010010010 6
0&
#11495000
b1 A
19
03
b1011 C
b10101111000101111011001101011101 D
1F
b11100011011110100101000111000111 <
0>
b110010010100100100000 L
b101100100001111011001001011001 ;
b11101101110011111011001011011011 8
b11000001010010000000000010000010 4
1N
b111 J
b11100101110011101011000011001011 H
b110101111000101111011001101011101 E
b11100011011110100101000111000111 =
b1001000000101001001000000000000 B
b110010010100100100000 ?
b11111111111110010010100100100000 @
b11001001010010010000001010010010 G
0"
b1000110111 0
b1000110111 1
1&
#11500000
b1000111000 /
0-
0&
#11505000
1"
b110010010100100100000 #
b110010010100100100000 M
0N
1&
#11510000
1-
b1000111001 2
b11001100101111100110001110011001 '
b10011011010101001000011100110111 T
b11001100101111100110001110011001 P
b10011000101101001110111000110001 Q
b110100000010010111010101101000 O
b0 R
b0 )
b0 5
b10011000101101001110111000110001 +
b10011000101101001110111000110001 7
b110100000010010111010101101000 *
b110100000010010111010101101000 6
0&
#11515000
b0 A
09
0K
03
1:
0F
b10001 C
b11001100101111100110001110011001 D
b10011011010101001000011100110111 <
0I
b11001100101111100110001110011001 L
b10101100101111011001101101011001 ;
b10111100101111011111111101111001 8
b10000000000000110010000100000 4
1N
b0 J
b10011000101101001110111000110001 H
b11001100101111100110001110011001 E
b10011011010101001000011100110111 =
b11101010110100000000000000000000 B
b1101000000100 ?
b1101000000100 @
b110100000010010111010101101000 G
0"
b1000111000 0
b1000111000 1
1&
#11520000
b1000111001 /
0-
0&
#11525000
1"
b11001100101111100110001110011001 #
b11001100101111100110001110011001 M
0N
1&
#11530000
1-
b1000111010 2
b1111001011000000000000000000000 '
b10111010111101100011101101110110 T
b100010000100110011100110000100000 P
b10101010110100011100100001010101 Q
b1100101110010000000001111001011 O
b110 R
b110 )
b110 5
b10101010110100011100100001010101 +
b10101010110100011100100001010101 7
b1100101110010000000001111001011 *
b1100101110010000000001111001011 6
0&
#11535000
1F
b10101 C
b10000100110011100110000100000 D
b10111010111101100011101101110110 <
b1111001011000000000000000000000 L
b11001111000110011100101110011110 ;
b11101111110110011100101111011111 8
b100000110000000000000001000001 4
1N
b110 J
b10101010110100011100100001010101 H
b100010000100110011100110000100000 E
b10111010111101100011101101110110 =
b1111001011000000000000000000000 B
b1100101110 ?
b1100101110 @
b1100101110010000000001111001011 G
0"
b1000111001 0
b1000111001 1
1&
#11540000
b1000111010 /
0-
0&
#11545000
1"
b1111001011000000000000000000000 #
b1111001011000000000000000000000 M
0N
1&
#11550000
1-
b1000111011 2
b101000000000010000000101010000 '
b100001001010110100011011000010011 T
b1100111111011001101110011001111 P
b101111010010010101001101011110 Q
b111000101000111000100101110001 O
b11 R
b11 )
b11 5
b101111010010010101001101011110 +
b101111010010010101001101011110 7
b111000101000111000100101110001 *
b111000101000111000100101110001 6
0&
#11555000
0:
1>
b11110 C
b1100111111011001101110011001111 D
0F
b1001010110100011011000010011 <
b101000000000010000000101010000 L
b10111111010101101101000101111 ;
b111111111010111101101101111111 8
b101000000000010000000101010000 4
1N
b11 J
b101111010010010101001101011110 H
b1100111111011001101110011001111 E
b100001001010110100011011000010011 =
b1000000000000000000000000000000 B
b0 ?
b0 @
b111000101000111000100101110001 G
0"
b1000111010 0
b1000111010 1
1&
#11560000
b1000111011 /
0-
0&
#11565000
1"
b101000000000010000000101010000 #
b101000000000010000000101010000 M
0N
1&
#11570000
1-
b1000111100 2
b11111111111111111111111100110111 '
b100001011111011100011000000011000 T
b111000001110101001101110110000010 P
b11011010111100110101011010110101 Q
b11100110111000011000011011001101 O
b1000 R
b1000 )
b1000 5
b11011010111100110101011010110101 +
b11011010111100110101011010110101 7
b11100110111000011000011011001101 *
b11100110111000011000011011001101 6
0&
#11575000
b0 A
09
03
b11011001101000000000000000000000 B
b10101 C
b11000001110101001101110110000010 D
1F
b1011111011100011000000011000 <
b11111111111111111111111100110111 L
b111100000100101101000001111000 ;
b11111110111100111101011011111101 8
b11000010111000010000011010000101 4
1N
b1000 J
b11011010111100110101011010110101 H
b111000001110101001101110110000010 E
b100001011111011100011000000011000 =
b11100110111 ?
b11111111111111111111111100110111 @
b11100110111000011000011011001101 G
0"
b1000111011 0
b1000111011 1
1&
#11580000
b1000111100 /
0-
0&
#11585000
1"
b11111111111111111111111100110111 #
b11111111111111111111111100110111 M
0N
1&
#11590000
1-
b1000111101 2
b1000100000100001101000010 '
b1000011001010000100111010000110 T
b11000101010110011100101110001010 P
b11000001000110001011111010000010 Q
b100010000010000110100001000 O
b111 R
b111 )
b111 5
b11000001000110001011111010000010 +
b11000001000110001011111010000010 7
b100010000010000110100001000 *
b100010000010000110100001000 6
0&
#11595000
03
b10 C
b11000101010110011100101110001010 D
0F
b1000011001010000100111010000110 <
0>
b1000100000100001101000010 L
b11000101010110011011001110001010 ;
b11000101010110011011111110001010 8
b110000000000 4
1N
b111 J
b11000001000110001011111010000010 H
b11000101010110011100101110001010 E
b1000011001010000100111010000110 =
b10001000001000011010000100000 B
b1000100000100001101000010 ?
b1000100000100001101000010 @
b100010000010000110100001000 G
0"
b1000111100 0
b1000111100 1
1&
#11600000
b1000111101 /
0-
0&
#11605000
1"
b1000100000100001101000010 #
b1000100000100001101000010 M
0N
1&
#11610000
1-
b1000111110 2
b11111111111111111001111110000000 '
b11000111011110001010010110001111 T
b101110111100010001000101011101111 P
b11011000000001111111001010110000 Q
b10011111100000001001100000111111 O
b1000 R
b1000 )
b1000 5
b11011000000001111111001010110000 +
b11011000000001111111001010110000 7
b10011111100000001001100000111111 *
b10011111100000001001100000111111 6
0&
#11615000
13
b1 A
19
b10000 C
b1110111100010001000101011101111 D
1F
b11000111011110001010010110001111 <
b11111111111111111001111110000000 L
b1000111100001110110101010001111 ;
b11011111100001111111101010111111 8
b10011000000000001001000000110000 4
1N
b1000 J
b11011000000001111111001010110000 H
b101110111100010001000101011101111 E
b11000111011110001010010110001111 =
b10011000001111110000000000000000 B
b1001111110000000 ?
b11111111111111111001111110000000 @
b10011111100000001001100000111111 G
0"
b1000111101 0
b1000111101 1
1&
#11620000
b1000111110 /
0-
0&
#11625000
1"
b11111111111111111001111110000000 #
b11111111111111111001111110000000 M
0N
1&
#11630000
1-
b1000111111 2
b10111100111101101011111101111010 '
b10111100111101101011111101111010 T
b11101111001001110001111111011110 P
b10011001000110000011000000110010 Q
b1010110000011101110111110101100 O
b1 R
b1 )
b1 5
b10011001000110000011000000110010 +
b10011001000110000011000000110010 7
b1010110000011101110111110101100 *
b1010110000011101110111110101100 6
0&
#11635000
b0 A
09
1K
03
1:
0F
b10010 C
b11101111001001110001111111011110 D
b10111100111101101011111101111010 <
b10111100111101101011111101111010 L
b11001111000101101101111110011110 ;
b11011111000111101111111110111110 8
b10000000010000010000000100000 4
1N
b1 J
b10011001000110000011000000110010 H
b11101111001001110001111111011110 E
b10111100111101101011111101111010 =
b10111110101100000000000000000000 B
b1010110000011 ?
b1010110000011 @
b1010110000011101110111110101100 G
0"
b1000111110 0
b1000111110 1
1&
#11640000
b1000111111 /
0-
0&
#11645000
1$
1"
b10111100111101101011111101111010 #
b10111100111101101011111101111010 M
0N
1&
#11650000
1-
b1001000000 2
b1000000000000000000000000000000 '
b11010011001010110000100110100111 T
b110010000100110000000001100011 P
b101111011100111111101101011110 Q
b10100111110000010100000101 O
b110 R
b110 )
b110 5
b101111011100111111101101011110 +
b101111011100111111101101011110 7
b10100111110000010100000101 *
b10100111110000010100000101 6
0&
#11655000
0:
b1 A
19
b11110 C
b110010000100110000000001100011 D
b11010011001010110000100110100111 <
0K
b1000000000000000000000000000000 L
b101101111011001111111001011011 ;
b101111111111111111111101011111 8
b10000100110000000100000100 4
1N
b110 J
b101111011100111111101101011110 H
b110010000100110000000001100011 E
b11010011001010110000100110100111 =
b1000000000000000000000000000000 B
b0 ?
b0 @
b10100111110000010100000101 G
0"
b1000111111 0
b1000111111 1
1&
#11660000
b1001000000 /
0-
0&
#11665000
0$
1"
b1000000000000000000000000000000 #
b1000000000000000000000000000000 M
0N
1&
#11670000
1-
b1001000001 2
b10011101010101000111000100111011 '
b110011101010101000111000100111011 T
b100011010110110010100000000110101 P
b111110110000100110011101111101 Q
b11011100000101101101100010111000 O
b1 R
b1 )
b1 5
b111110110000100110011101111101 +
b111110110000100110011101111101 7
b11011100000101101101100010111000 *
b11011100000101101101100010111000 6
0&
#11675000
03
1I
b11101 C
b11010110110010100000000110101 D
1F
b10011101010101000111000100111011 <
1>
b10011101010101000111000100111011 L
b11100010110101001011111111000101 ;
b11111110110101101111111111111101 8
b11100000000100100000000111000 4
1N
b1 J
b111110110000100110011101111101 H
b100011010110110010100000000110101 E
b110011101010101000111000100111011 =
b0 B
b110 ?
b11111111111111111111111111111110 @
b11011100000101101101100010111000 G
0"
b1001000000 0
b1001000000 1
1&
#11680000
b1001000001 /
0-
0&
#11685000
1%
1"
b10011101010101000111000100111011 #
b10011101010101000111000100111011 M
0N
1&
#11690000
1-
b1001000010 2
b1000011100101101101001010000111 '
b10111110100010011100110101111101 T
b101001011100110001110001010010111 P
b11000110100001111000101010001101 Q
b10000101000100010101100000001010 O
b101 R
b101 )
b101 5
b11000110100001111000101010001101 +
b11000110100001111000101010001101 7
b10000101000100010101100000001010 *
b10000101000100010101100000001010 6
0&
#11695000
13
b1 A
19
0>
b1101 C
b1001011100110001110001010010111 D
b10111110100010011100110101111101 <
0I
b1000011100101101101001010000111 L
b1000011100101101101001010000111 ;
b11000111100101111101101010001111 8
b10000100000000010000100000001000 4
1N
b101 J
b11000110100001111000101010001101 H
b101001011100110001110001010010111 E
b10111110100010011100110101111101 =
b101011000000010100000000000000 B
b1000010100010001010 ?
b11111111111111000010100010001010 @
b10000101000100010101100000001010 G
0"
b1001000001 0
b1001000001 1
1&
#11700000
b1001000010 /
0-
0&
#11705000
0%
1"
b1000011100101101101001010000111 #
b1000011100101101101001010000111 M
0N
1&
#11710000
1-
b1001000011 2
b1011101101111110001001010111010 '
b1101100000101110110000011011000 T
b101011101101111110001001010111010 P
b11111000110100111101100011110001 Q
b1100100111010110011100111001001 O
b0 R
b0 )
b0 5
b11111000110100111101100011110001 +
b11111000110100111101100011110001 7
b1100100111010110011100111001001 *
b1100100111010110011100111001001 6
0&
#11715000
b0 A
09
03
0:
b10001 C
b1011101101111110001001010111010 D
b1101100000101110110000011011000 <
0K
1I
b1011101101111110001001010111010 L
b10011100001110001110000100111000 ;
b11111100111110111111100111111001 8
b1100000110000110001100011000001 4
1N
b0 J
b11111000110100111101100011110001 H
b101011101101111110001001010111010 E
b1101100000101110110000011011000 =
b1110011100100100000000000000000 B
b11001001110101 ?
b11001001110101 @
b1100100111010110011100111001001 G
0"
b1001000010 0
b1001000010 1
1&
#11720000
b1001000011 /
0-
0&
#11725000
1%
1"
b1011101101111110001001010111010 #
b1011101101111110001001010111010 M
0N
1&
#11730000
1-
b1001000100 2
b1100111011110000101111011001111 '
b101100111011110000101111011001111 T
b101001100101011010101111010011001 P
b1110010100110100111111111100101 Q
b11011010000100101101111010110100 O
b1 R
b1 )
b1 5
b1110010100110100111111111100101 +
b1110010100110100111111111100101 7
b11011010000100101101111010110100 *
b11011010000100101101111010110100 6
0&
#11735000
b1 A
19
1K
1:
1>
b101 C
b1001100101011010101111010011001 D
b1100111011110000101111011001111 <
1I
b1100111011110000101111011001111 L
b10101000100010001010000101010001 ;
b11111010100110101111111111110101 8
b1010010000100100101111010100100 4
1N
b1 J
b1110010100110100111111111100101 H
b101001100101011010101111010011001 E
b101100111011110000101111011001111 =
b1000010010110111101011010000000 B
b110110100001001011011110101 ?
b11111110110100001001011011110101 @
b11011010000100101101111010110100 G
0"
b1001000011 0
b1001000011 1
1&
#11740000
b1001000100 /
0-
0&
#11745000
1$
1"
b1100111011110000101111011001111 #
b1100111011110000101111011001111 M
0N
1&
#11750000
1-
b1001000101 2
b1011110101011111110000010111 '
b100001000010011000111010000010001 T
b101011110110011111111001010111 P
b10001110001101100010100100011 Q
b11010000100110011100100110100 O
b101 R
b101 )
b101 5
b10001110001101100010100100011 +
b10001110001101100010100100011 7
b11010000100110011100100110100 *
b11010000100110011100100110100 6
0&
#11755000
b0 A
09
0:
b11 C
b101011110110011111111001010111 D
0F
b1000010011000111010000010001 <
1>
0K
0I
b1011110101011111110000010111 L
b1011110101011111110000010111 ;
b11011110101111111110100110111 8
b10000000000100000000100100000 4
1N
b101 J
b10001110001101100010100100011 H
b101011110110011111111001010111 E
b100001000010011000111010000010001 =
b11010000100110011100100110100000 B
b11010000100110011100100110 ?
b11010000100110011100100110 @
b11010000100110011100100110100 G
0"
b1001000100 0
b1001000100 1
1&
#11760000
b1001000101 /
0-
0&
#11765000
0$
0%
1"
b1011110101011111110000010111 #
b1011110101011111110000010111 M
0N
1&
#11770000
1-
b1001000110 2
b101111011110100001010001011110 '
b11111101101010010011000111111100 T
b101111011110100001010001011110 P
b11000111010000111000100110001 Q
b10110100100011010001100101101 O
b0 R
b0 )
b0 5
b11000111010000111000100110001 +
b11000111010000111000100110001 7
b10110100100011010001100101101 *
b10110100100011010001100101101 6
0&
#11775000
b1 A
19
0>
b10001 C
b101111011110100001010001011110 D
b11111101101010010011000111111100 <
b101111011110100001010001011110 L
b1110011110011101001000011100 ;
b11110111110011111001100111101 8
b10000100000000010000100100001 4
1N
b0 J
b11000111010000111000100110001 H
b101111011110100001010001011110 E
b11111101101010010011000111111100 =
b1000110010110100000000000000000 B
b101101001000 ?
b101101001000 @
b10110100100011010001100101101 G
0"
b1001000101 0
b1001000101 1
1&
#11780000
b1001000110 /
0-
0&
#11785000
1"
b101111011110100001010001011110 #
b101111011110100001010001011110 M
0N
1&
#11790000
1-
b1001000111 2
b1011110011 '
b11010101001001111001110110101010 T
b10001001010001011110110100010010 P
b1011010000011110010011110110100 Q
b101111001101101100010101011110 O
b111 R
b111 )
b111 5
b1011010000011110010011110110100 +
b1011010000011110010011110110100 7
b101111001101101100010101011110 *
b101111001101101100010101011110 6
0&
#11795000
13
b1 A
19
b10100 C
b10001001010001011110110100010010 D
b11010101001001111001110110101010 <
0>
b1011110011 L
b1110101001110011110001011101010 ;
b1111111001111111110011111111110 8
b1010000001100000010100010100 4
1N
b111 J
b1011010000011110010011110110100 H
b10001001010001011110110100010010 E
b11010101001001111001110110101010 =
b1010101111000000000000000000000 B
b1011110011 ?
b1011110011 @
b101111001101101100010101011110 G
0"
b1001000110 0
b1001000110 1
1&
#11800000
b1001000111 /
0-
0&
#11805000
1"
b1011110011 #
b1011110011 M
0N
1&
#11810000
1-
b1001001000 2
b111001011001110011010001110010 '
b11010101000011011011000110101010 T
b111001011001110011010001110010 P
b110010001011001100000101100100 Q
b111001110100111001100001110 O
b0 R
b0 )
b0 5
b110010001011001100000101100100 +
b110010001011001100000101100100 7
b111001110100111001100001110 *
b111001110100111001100001110 6
0&
#11815000
03
b100 C
b111001011001110011010001110010 D
b11010101000011011011000110101010 <
0K
b111001011001110011010001110010 L
b110101000101101011001001101010 ;
b110111001111101111001101101110 8
b10001010000100000100000100 4
1N
b0 J
b110010001011001100000101100100 H
b111001011001110011010001110010 E
b11010101000011011011000110101010 =
b1110011101001110011000011100000 B
b11100111010011100110000 ?
b11100111010011100110000 @
b111001110100111001100001110 G
0"
b1001000111 0
b1001000111 1
1&
#11820000
b1001001000 /
0-
0&
#11825000
1"
b111001011001110011010001110010 #
b111001011001110011010001110010 M
0N
1&
#11830000
1-
b1001001001 2
b1100100000101010001011 '
b100001101111100111101001000011100 T
b1010110001000010100010010101100 P
b100100000101101011100101001000 Q
b110010000010101000101101100100 O
b111 R
b111 )
b111 5
b100100000101101011100101001000 +
b100100000101101011100101001000 7
b110010000010101000101101100100 *
b110010000010101000101101100100 6
0&
#11835000
b0 A
09
1>
b1000 C
b1010110001000010100010010101100 D
b1101111100111101001000011100 <
b1100100000101010001011 L
b10110000111000011001000101100 ;
b110110000111101011101101101100 8
b100000000000101000100101000000 4
1N
b111 J
b100100000101101011100101001000 H
b1010110001000010100010010101100 E
b100001101111100111101001000011100 =
b1010100010110110010000000000 B
b1100100000101010001011 ?
b1100100000101010001011 @
b110010000010101000101101100100 G
0"
b1001001000 0
b1001001000 1
1&
#11840000
b1001001001 /
0-
0&
#11845000
1"
b1100100000101010001011 #
b1100100000101010001011 M
0N
1&
#11850000
1-
b1001001010 2
b10001000101110100101111100010001 '
b101110111010001100101000011101111 T
b100010011010000110110000000100101 P
b1001101111111101000011110011011 Q
b11000101010001001101100010001010 O
b101 R
b101 )
b101 5
b1001101111111101000011110011011 +
b1001101111111101000011110011011 7
b11000101010001001101100010001010 *
b11000101010001001101100010001010 6
0&
#11855000
b1 A
19
03
1:
1F
b11011 C
b10011010000110110000000100101 D
b1110111010001100101000011101111 <
b10001000101110100101111100010001 L
b10001000101110100101111100010001 ;
b11001101111111101101111110011011 8
b1000101010001001000000010001010 4
1N
b101 J
b1001101111111101000011110011011 H
b100010011010000110110000000100101 E
b101110111010001100101000011101111 =
b1010000000000000000000000000000 B
b11000 ?
b11111111111111111111111111111000 @
b11000101010001001101100010001010 G
0"
b1001001001 0
b1001001001 1
1&
#11860000
b1001001010 /
0-
0&
#11865000
1"
b10001000101110100101111100010001 #
b10001000101110100101111100010001 M
0N
1&
#11870000
1-
b1001001011 2
1(
b0 '
b100110001000000101111101001100010 T
b110011100111101001110111100111000 P
b10110101111110001111101001101011 Q
b11100110111110111111010011001101 O
b10 R
b10 )
b10 5
b10110101111110001111101001101011 +
b10110101111110001111101001101011 7
b11100110111110111111010011001101 *
b11100110111110111111010011001101 6
0&
#11875000
0:
b0 A
09
b1011 C
b10011100111101001110111100111000 D
b110001000000101111101001100010 <
b0 L
b1010011000000110000111010100110 ;
b11110111111110111111111011101111 8
b10100100111110001111000001001001 4
1N
b10 J
b10110101111110001111101001101011 H
b110011100111101001110111100111000 E
b100110001000000101111101001100010 =
b11011111101001100110100000000000 B
b111001101111101111110 ?
b11111111111111001101111101111110 @
b11100110111110111111010011001101 G
0"
b1001001010 0
b1001001010 1
1&
#11880000
b1001001011 /
0-
0&
#11885000
1!
1"
b0 #
b0 M
0N
1&
#11890000
1-
b1001001100 2
0(
b10100100000100111000000101001000 '
b1100100000100101000000011001000 T
b101000111111010111100011010001110 P
b11110001111011001010001011100011 Q
b1010101111111110010001110101011 O
b101 R
b101 )
b101 5
b11110001111011001010001011100011 +
b11110001111011001010001011100011 7
b1010101111111110010001110101011 *
b1010101111111110010001110101011 6
0&
#11895000
0:
b0 A
09
03
b11 C
b1000111111010111100011010001110 D
b1100100000100101000000011001000 <
0>
b10100100000100111000000101001000 L
b10100100000100111000000101001000 ;
b11110101111111111010001111101011 8
b1010001111011000010001010100011 4
1N
b101 J
b11110001111011001010001011100011 H
b101000111111010111100011010001110 E
b1100100000100101000000011001000 =
b10101111111110010001110101011000 B
b1010101111111110010001110101 ?
b1010101111111110010001110101 @
b1010101111111110010001110101011 G
0"
b1001001011 0
b1001001011 1
1&
#11900000
b1001001100 /
0-
0&
#11905000
0!
1"
b10100100000100111000000101001000 #
b10100100000100111000000101001000 M
0N
1&
#11910000
1-
b1001001101 2
b11111110111111110010111111111101 '
b1110001100111100000101011100100 T
b101001011100111000101010010010110 P
b11101100111111110010010011011001 Q
b1011110100111010010111110111101 O
b100 R
b100 )
b100 5
b11101100111111110010010011011001 +
b11101100111111110010010011011001 7
b1011110100111010010111110111101 *
b1011110100111010010111110111101 6
0&
#11915000
b11001 C
b1001011100111000101010010010110 D
b1110001100111100000101011100100 <
b11111110111111110010111111111101 L
b10110010011000100000101101100100 ;
b11111110111111110010111111111101 8
b1001100100111010010010010011001 4
1N
b100 J
b11101100111111110010010011011001 H
b101001011100111000101010010010110 E
b1110001100111100000101011100100 =
b1111010000000000000000000000000 B
b101111 ?
b101111 @
b1011110100111010010111110111101 G
0"
b1001001100 0
b1001001100 1
1&
#11920000
b1001001101 /
0-
0&
#11925000
1"
b11111110111111110010111111111101 #
b11111110111111110010111111111101 M
0N
1&
#11930000
1-
b1001001110 2
b11100001000110100101100011000010 '
b11110000110000001010101111100010 T
b111010001011101000000010110100010 P
b11110000010110011010110011100000 Q
b11100001000110100101100011000010 O
b1000 R
b1000 )
b1000 5
b11110000010110011010110011100000 +
b11110000010110011010110011100000 7
b11100001000110100101100011000010 *
b11100001000110100101100011000010 6
0&
#11935000
b1 A
19
b0 C
b11010001011101000000010110100010 D
b11110000110000001010101111100010 <
b11100001000110100101100011000010 L
b10001010000111111010000100010 ;
b11110001010110111111110011100010 8
b11100000000110000000100011000000 4
1N
b1000 J
b11110000010110011010110011100000 H
b111010001011101000000010110100010 E
b11110000110000001010101111100010 =
b11100001000110100101100011000010 B
b11100001000110100101100011000010 ?
b11100001000110100101100011000010 @
b11100001000110100101100011000010 G
0"
b1001001101 0
b1001001101 1
1&
#11940000
b1001001110 /
0-
0&
#11945000
1"
b11100001000110100101100011000010 #
b11100001000110100101100011000010 M
0N
1&
#11950000
1-
b1001001111 2
b100000111101001111000001000010 '
b100100000111101001111000001000010 T
b100111110101011010101110001111100 P
b10001110110111000011011000011101 Q
b10101111110100010010011001011111 O
b1 R
b1 )
b1 5
b10001110110111000011011000011101 +
b10001110110111000011011000011101 7
b10101111110100010010011001011111 *
b10101111110100010010011001011111 6
0&
#11955000
b0 A
09
13
1I
1>
b11101 C
b111110101011010101110001111100 D
b100000111101001111000001000010 <
b100000111101001111000001000010 L
b100001000011010001000001000010 ;
b10101111110111010011011001011111 8
b10001110110100000010011000011101 4
1N
b1 J
b10001110110111000011011000011101 H
b100111110101011010101110001111100 E
b100100000111101001111000001000010 =
b11100000000000000000000000000000 B
b101 ?
b11111111111111111111111111111101 @
b10101111110100010010011001011111 G
0"
b1001001110 0
b1001001110 1
1&
#11960000
b1001001111 /
0-
0&
#11965000
1%
1"
b100000111101001111000001000010 #
b100000111101001111000001000010 M
0N
1&
#11970000
1-
b1001010000 2
b1 '
1S
b110110110100111100100100101101101 T
b11011100110011100100111110111001 P
b10011000110000000001100100110 Q
b11001001101101100100110010010011 O
b10 R
b10 )
b10 5
b10011000110000000001100100110 +
b10011000110000000001100100110 7
b11001001101101100100110010010011 *
b11001001101101100100110010010011 6
0&
#11975000
b1 A
19
03
0:
0F
b110 C
b11011100110011100100111110111001 D
b10110110100111100100100101101101 <
0I
b1 L
b11011010101011100100111110110101 ;
b11011011101111100100111110110111 8
b1000100000000000000000010 4
1N
b10 J
b10011000110000000001100100110 H
b11011100110011100100111110111001 E
b110110110100111100100100101101101 =
b1101101100100110010010011000000 B
b11001001101101100100110010 ?
b11111111001001101101100100110010 @
b11001001101101100100110010010011 G
0"
b1001001111 0
b1001001111 1
1&
#11980000
b1001010000 /
0-
0&
#11985000
0%
1"
b1 #
b1 M
0N
1&
#11990000
1-
b1001010001 2
b11111110000011101001110111111100 '
b11111110000011101001110111111100 T
b100000111011000000110111000001110 P
b10000100101010001110100000001001 Q
b10000010101101111000011000000101 O
b1 R
b1 )
b1 5
b10000100101010001110100000001001 +
b10000100101010001110100000001001 7
b10000010101101111000011000000101 *
b10000010101101111000011000000101 6
0&
#11995000
13
b1 A
19
0>
1F
b1001 C
b111011000000110111000001110 D
b11111110000011101001110111111100 <
0I
b11111110000011101001110111111100 L
b110000111110110111000001100 ;
b10000110101111111110111000001101 8
b10000000101000001000000000000001 4
1N
b1 J
b10000100101010001110100000001001 H
b100000111011000000110111000001110 E
b11111110000011101001110111111100 =
b1101111000011000000101000000000 B
b10000010101101111000011 ?
b11111111110000010101101111000011 @
b10000010101101111000011000000101 G
0"
b1001010000 0
b1001010000 1
1&
#12000000
b1001010001 /
0-
0&
#12005000
1"
b11111110000011101001110111111100 #
b11111110000011101001110111111100 M
0N
1&
#12010000
1-
b1001010010 2
b101101100010110110000 '
b100000000011001111100010000000001 T
b101101011111100110100010011010111 P
b10110101110001011100000001101011 Q
b10110110001011011000010001101100 O
b111 R
b111 )
b111 5
b10110101110001011100000001101011 +
b10110101110001011100000001101011 7
b10110110001011011000010001101100 *
b10110110001011011000010001101100 6
0&
#12015000
b0 A
09
b1011 C
b1101011111100110100010011010111 D
b11001111100010000000001 <
1>
b101101100010110110000 L
b11111010000100010000000111 ;
b10110111111011011100010001101111 8
b10110100000001011000000001101000 4
1N
b111 J
b10110101110001011100000001101011 H
b101101011111100110100010011010111 E
b100000000011001111100010000000001 =
b1101100001000110110000000000000 B
b101101100010110110000 ?
b11111111111101101100010110110000 @
b10110110001011011000010001101100 G
0"
b1001010001 0
b1001010001 1
1&
#12020000
b1001010010 /
0-
0&
#12025000
1"
b101101100010110110000 #
b101101100010110110000 M
0N
1&
#12030000
1-
b1001010011 2
b1011000000110001011100010110000 '
b1011100101110010000010010111001 T
b101010011111110000111011010100111 P
b11111011100111111011100011110111 Q
b1011000010110001011110110110000 O
b11 R
b11 )
b11 5
b11111011100111111011100011110111 +
b11111011100111111011100011110111 7
b1011000010110001011110110110000 *
b1011000010110001011110110110000 6
0&
#12035000
0:
b0 A
09
03
b10111 C
b1010011111110000111011010100111 D
b1011100101110010000010010111001 <
0>
b1011000000110001011100010110000 L
b10100011110001110000010101000111 ;
b11111011110111111011110111110111 8
b1011000000110001011100010110000 4
1N
b11 J
b11111011100111111011100011110111 H
b101010011111110000111011010100111 E
b1011100101110010000010010111001 =
b11011000000000000000000000000000 B
b10110000 ?
b10110000 @
b1011000010110001011110110110000 G
0"
b1001010010 0
b1001010010 1
1&
#12040000
b1001010011 /
0-
0&
#12045000
1"
b1011000000110001011100010110000 #
b1011000000110001011100010110000 M
0N
1&
#12050000
1-
b1001010100 2
1(
b0 '
0S
b10100110101110001001000101001110 T
b11111110100010100001000111111100 P
b10101011111010001100000001010111 Q
b1010010101000010101000110100101 O
b10 R
b10 )
b10 5
b10101011111010001100000001010111 +
b10101011111010001100000001010111 7
b1010010101000010101000110100101 *
b1010010101000010101000110100101 6
0&
#12055000
1:
b0 A
09
0F
b11111110100010100001000111111100 D
b10100110101110001001000101001110 <
b0 L
b11111001010010011001000111110010 ;
b11111011111010011101000111110111 8
b10101000000100000000000101 4
1N
b10 J
b10101011111010001100000001010111 H
b11111110100010100001000111111100 E
b10100110101110001001000101001110 =
b11010010100000000000000000000000 B
b10100101 ?
b10100101 @
b1010010101000010101000110100101 G
0"
b1001010011 0
b1001010011 1
1&
#12060000
b1001010100 /
0-
0&
#12065000
1!
1"
b0 #
b0 M
0N
1&
#12070000
1-
b1001010101 2
0(
b111111100110011111001101111111 '
b100010011011110010001000000100111 T
b1100010101010101101011011000101 P
b100111100110001110001101001111 Q
b111011000100011111001101110110 O
b100 R
b100 )
b100 5
b100111100110001110001101001111 +
b100111100110001110001101001111 7
b111011000100011111001101110110 *
b111011000100011111001101110110 6
0&
#12075000
0:
1>
b1111 C
b1100010101010101101011011000101 D
b10011011110010001000000100111 <
b111111100110011111001101111111 L
b11100100010010001000000111001 ;
b111111100110011111001101111111 8
b100011000100001110001101000110 4
1N
b100 J
b100111100110001110001101001111 H
b1100010101010101101011011000101 E
b100010011011110010001000000100111 =
b11111001101110110000000000000000 B
b111011000100011 ?
b111011000100011 @
b111011000100011111001101110110 G
0"
b1001010100 0
b1001010100 1
1&
#12080000
b1001010101 /
0-
0&
#12085000
0!
1"
b111111100110011111001101111111 #
b111111100110011111001101111111 M
0N
1&
#12090000
1-
b1001010110 2
b11010100100011110001111110101001 '
b11001011011110110001101110010111 T
b11101001000100000101111111010001 P
b10001110110010101010001000011101 Q
b1011010010001011011110110110100 O
b101 R
b101 )
b101 5
b10001110110010101010001000011101 +
b10001110110010101010001000011101 7
b1011010010001011011110110110100 *
b1011010010001011011110110110100 6
0&
#12095000
1:
b0 A
09
0>
b11101 C
b11101001000100000101111111010001 D
b11001011011110110001101110010111 <
b11010100100011110001111110101001 L
b11010100100011110001111110101001 ;
b11011110110011111011111110111101 8
b1010010000001010000000010100 4
1N
b101 J
b10001110110010101010001000011101 H
b11101001000100000101111111010001 E
b11001011011110110001101110010111 =
b10000000000000000000000000000000 B
b10 ?
b10 @
b1011010010001011011110110110100 G
0"
b1001010101 0
b1001010101 1
1&
#12100000
b1001010110 /
0-
0&
#12105000
1"
b11010100100011110001111110101001 #
b11010100100011110001111110101001 M
0N
1&
#12110000
1-
b1001010111 2
b1100111000001110111100011001101 '
b100100000011110101011001001000001 T
b1100111000001110111100011001101 P
b100011010001100110001101000110 Q
b1000011110000010001010110000111 O
b0 R
b0 )
b0 5
b100011010001100110001101000110 +
b100011010001100110001101000110 7
b1000011110000010001010110000111 *
b1000011110000010001010110000111 6
0&
#12115000
0:
1>
b1000011110000010001010110 ?
b1000011110000010001010110 @
b110 C
b1100111000001110111100011001101 D
b100000011110101011001001000001 <
b1100111000001110111100011001101 L
b1100000100001110111011011000001 ;
b1100011110001110111011111000111 8
b11010000000000000100000110 4
1N
b0 J
b100011010001100110001101000110 H
b1100111000001110111100011001101 E
b100100000011110101011001001000001 =
b11110000010001010110000111000000 B
b1000011110000010001010110000111 G
0"
b1001010110 0
b1001010110 1
1&
#12120000
b1001010111 /
0-
0&
#12125000
1"
b1100111000001110111100011001101 #
b1100111000001110111100011001101 M
0N
1&
#12130000
1-
b1001011000 2
b1 '
1S
b11100100010110001101000111001000 T
b10000010100000100101010100000100 P
b1001111000101001100000110011110 Q
b110011011011011001001101100110 O
b10 R
b10 )
b10 5
b1001111000101001100000110011110 +
b1001111000101001100000110011110 7
b110011011011011001001101100110 *
b110011011011011001001101100110 6
0&
#12135000
b1 A
19
13
0>
b11110 C
b10000010100000100101010100000100 D
b11100100010110001101000111001000 <
b1 L
b1111100011110010101001011111000 ;
b1111111011111011101001111111110 8
b11000001001000000100000110 4
1N
b10 J
b1001111000101001100000110011110 H
b10000010100000100101010100000100 E
b11100100010110001101000111001000 =
b10000000000000000000000000000000 B
b0 ?
b0 @
b110011011011011001001101100110 G
0"
b1001010111 0
b1001010111 1
1&
#12140000
b1001011000 /
0-
0&
#12145000
1"
b1 #
b1 M
0N
1&
#12150000
1-
b1001011001 2
b11110101100000001101101111101011 '
b11110101100000001101101111101011 T
b1001001111000001100011010010011 P
b101010001011111111010101010100 Q
b11111101100001101000100111111 O
b1 R
b1 )
b1 5
b101010001011111111010101010100 +
b101010001011111111010101010100 7
b11111101100001101000100111111 *
b11111101100001101000100111111 6
0&
#12155000
03
b111111011 ?
b111111011 @
b10100 C
b1001001111000001100011010010011 D
b11110101100000001101101111101011 <
b11110101100000001101101111101011 L
b110101100111110010010001101011 ;
b111111101111111111010101111111 8
b1010001000001101000100010100 4
1N
b1 J
b101010001011111111010101010100 H
b1001001111000001100011010010011 E
b11110101100000001101101111101011 =
b10011111100000000000000000000 B
b11111101100001101000100111111 G
0"
b1001011000 0
b1001011000 1
1&
#12160000
b1001011001 /
0-
0&
#12165000
1"
b11110101100000001101101111101011 #
b11110101100000001101101111101011 M
0N
1&
#12170000
1-
b1001011010 2
b101010010101100101 '
b10000100001010100010101100001000 T
b11010000100000101001001110100000 P
b10100110001011000011010001001100 Q
b101010010101100101111101010100 O
b111 R
b111 )
b111 5
b10100110001011000011010001001100 +
b10100110001011000011010001001100 7
b101010010101100101111101010100 *
b101010010101100101111101010100 6
0&
#12175000
1:
b0 A
09
b1100 C
b11010000100000101001001110100000 D
b10000100001010100010101100001000 <
0>
b101010010101100101 L
b10001100011110100110101100011000 ;
b10101110011111100111111101011100 8
b100010000001000001010001000100 4
1N
b111 J
b10100110001011000011010001001100 H
b11010000100000101001001110100000 E
b10000100001010100010101100001000 =
b1100101111101010100000000000000 B
b101010010101100101 ?
b101010010101100101 @
b101010010101100101111101010100 G
0"
b1001011001 0
b1001011001 1
1&
#12180000
b1001011010 /
0-
0&
#12185000
1"
b101010010101100101 #
b101010010101100101 M
0N
1&
#12190000
1-
b1001011011 2
b10101011001010111000001101010110 '
b101011010110101010111110010110110 T
b10101011101100111010001101010110 P
b101000011011110001001101010000 Q
b10000011010001001001000000000110 O
b101 R
b101 )
b101 5
b101000011011110001001101010000 +
b101000011011110001001101010000 7
b10000011010001001001000000000110 *
b10000011010001001001000000000110 6
0&
#12195000
b1 A
19
1:
1>
b10000 C
b10101011101100111010001101010110 D
b1011010110101010111110010110110 <
b10101011001010111000001101010110 L
b10101011001010111000001101010110 ;
b10101011011011111001001101010110 8
b10001000001000000000000 4
1N
b101 J
b101000011011110001001101010000 H
b10101011101100111010001101010110 E
b101011010110101010111110010110110 =
b10010000000001100000000000000000 B
b1000001101000100 ?
b11111111111111111000001101000100 @
b10000011010001001001000000000110 G
0"
b1001011010 0
b1001011010 1
1&
#12200000
b1001011011 /
0-
0&
#12205000
1"
b10101011001010111000001101010110 #
b10101011001010111000001101010110 M
0N
1&
#12210000
1-
b1001011100 2
b1010011011001101001000010100111 '
b1010011011001101001000010100111 T
b11011010000000100100100110110011 P
b11000011010011011101110010000110 Q
b10110101101000110110100101101 O
b1 R
b1 )
b1 5
b11000011010011011101110010000110 +
b11000011010011011101110010000110 7
b10110101101000110110100101101 *
b10110101101000110110100101101 6
0&
#12215000
b0 A
09
0:
b110 C
b11011010000000100100100110110011 D
b1010011011001101001000010100111 <
0>
0K
0I
b1010011011001101001000010100111 L
b11010101111110011011000110101011 ;
b11010111111111011111110110101111 8
b10000001000100110000000100 4
1N
b1 J
b11000011010011011101110010000110 H
b11011010000000100100100110110011 E
b1010011011001101001000010100111 =
b10101101000110110100101101000000 B
b10110101101000110110100 ?
b10110101101000110110100 @
b10110101101000110110100101101 G
0"
b1001011011 0
b1001011011 1
1&
#12220000
b1001011100 /
0-
0&
#12225000
1"
b1010011011001101001000010100111 #
b1010011011001101001000010100111 M
0N
1&
#12230000
1-
b1001011101 2
b11011001001110011000010110110010 '
b11011001001110011000010110110010 T
b10010001100011111000000100100010 P
b1011100001010101111110110111000 Q
b110101011001001000001101101010 O
b1011100001010101111110110111000 +
b1011100001010101111110110111000 7
b110101011001001000001101101010 *
b110101011001001000001101101010 6
0&
#12235000
13
b1 A
19
b11000 C
b10010001100011111000000100100010 D
b11011001001110011000010110110010 <
b11011001001110011000010110110010 L
b1101001010011100111111011010010 ;
b1111101011011101111111111111010 8
b10100001000001000000100101000 4
1N
b1011100001010101111110110111000 H
b10010001100011111000000100100010 E
b11011001001110011000010110110010 =
b1101010000000000000000000000000 B
b110101 ?
b110101 @
b110101011001001000001101101010 G
0"
b1001011100 0
b1001011100 1
1&
#12240000
b1001011101 /
0-
0&
#12245000
1"
b11011001001110011000010110110010 #
b11011001001110011000010110110010 M
0N
1&
#12250000
1-
b1001011110 2
b1001000011010010010001010001111 '
b110100111100101000111001101001111 T
b101001000011010010010001010001111 P
b1010000011010100101011110100000 Q
b11110111111111101100101011101111 O
b0 R
b0 )
b0 5
b1010000011010100101011110100000 +
b1010000011010100101011110100000 7
b11110111111111101100101011101111 *
b11110111111111101100101011101111 6
0&
#12255000
03
1I
b0 C
b1001000011010010010001010001111 D
1F
b10100111100101000111001101001111 <
1>
0K
b1001000011010010010001010001111 L
b10100111100101001001110101001111 ;
b11110111111111101101111111101111 8
b1010000011010100100001010100000 4
1N
b0 J
b1010000011010100101011110100000 H
b101001000011010010010001010001111 E
b110100111100101000111001101001111 =
b11110111111111101100101011101111 B
b11110111111111101100101011101111 ?
b11110111111111101100101011101111 @
b11110111111111101100101011101111 G
0"
b1001011101 0
b1001011101 1
1&
#12260000
b1001011110 /
0-
0&
#12265000
1%
1"
b1001000011010010010001010001111 #
b1001000011010010010001010001111 M
0N
1&
#12270000
1-
b1001011111 2
b10011010110101001110010100110110 '
b10011010110101001110010100110110 T
b10100100011111100011100101001000 P
b10000100110101001010101000001001 Q
b11111101010011000111100111111 O
b1 R
b1 )
b1 5
b10000100110101001010101000001001 +
b10000100110101001010101000001001 7
b11111101010011000111100111111 *
b11111101010011000111100111111 6
0&
#12275000
b0 A
09
1K
1:
b1001 C
b10100100011111100011100101001000 D
0F
b10011010110101001110010100110110 <
0>
0I
b10011010110101001110010100110110 L
b10011011011111010010010100110110 ;
b10011111111111011010111100111111 8
b100100000001000101000001001 4
1N
b1 J
b10000100110101001010101000001001 H
b10100100011111100011100101001000 E
b10011010110101001110010100110110 =
b1010011000111100111111000000000 B
b11111101010011000111 ?
b11111101010011000111 @
b11111101010011000111100111111 G
0"
b1001011110 0
b1001011110 1
1&
#12280000
b1001011111 /
0-
0&
#12285000
1$
0%
1"
b10011010110101001110010100110110 #
b10011010110101001110010100110110 M
0N
1&
#12290000
1-
b1001100000 2
b1111111001111010011110011111101 '
b100101001101110010100100001010011 T
b101111111001111010011110011111101 P
b10101010110000011111101001010101 Q
b11010100011110110100001010101000 O
b0 R
b0 )
b0 5
b10101010110000011111101001010101 +
b10101010110000011111101001010101 7
b11010100011110110100001010101000 *
b11010100011110110100001010101000 6
0&
#12295000
13
0:
1I
b10101 C
b1111111001111010011110011111101 D
1F
b101001101110010100100001010011 <
1>
1K
b1111111001111010011110011111101 L
b1111110101110101011100011111101 ;
b11111110111110111111101011111101 8
b10000000010000010100001000000000 4
1N
b0 J
b10101010110000011111101001010101 H
b101111111001111010011110011111101 E
b100101001101110010100100001010011 =
b1010101000000000000000000000000 B
b11010100011 ?
b11111111111111111111111010100011 @
b11010100011110110100001010101000 G
0"
b1001011111 0
b1001011111 1
1&
#12300000
b1001100000 /
0-
0&
#12305000
1%
1"
b1111111001111010011110011111101 #
b1111111001111010011110011111101 M
0N
1&
#12310000
1-
b1001100001 2
b1 '
b10110011001001101000100101100110 T
b101101011011011000100001011010110 P
b11011100001000101101110010111000 Q
b10001111010010010110011000011110 O
b10 R
b10 )
b10 5
b11011100001000101101110010111000 +
b11011100001000101101110010111000 7
b10001111010010010110011000011110 *
b10001111010010010110011000011110 6
0&
#12315000
b1 A
19
b11000 C
b1101011011011000100001011010110 D
b10110011001001101000100101100110 <
0>
0K
0I
b1 L
b1010011011010111011101010100110 ;
b11011111011010111111111010111110 8
b10001100000000000100010000011000 4
1N
b10 J
b11011100001000101101110010111000 H
b101101011011011000100001011010110 E
b10110011001001101000100101100110 =
b11110000000000000000000000000 B
b10001111 ?
b11111111111111111111111110001111 @
b10001111010010010110011000011110 G
0"
b1001100000 0
b1001100000 1
1&
#12320000
b1001100001 /
0-
0&
#12325000
0$
0%
1"
b1 #
b1 M
0N
1&
#12330000
1-
b1001100010 2
b10110011100000000000000000000000 '
b11111011110010010111101111111000 T
b111010010010010110100100110100100 P
b11101011010000001110011011010110 Q
b11100111000010100110001011001110 O
b110 R
b110 )
b110 5
b11101011010000001110011011010110 +
b11101011010000001110011011010110 7
b11100111000010100110001011001110 *
b11100111000010100110001011001110 6
0&
#12335000
03
b1 A
19
b10110 C
b11010010010010110100100110100100 D
b11111011110010010111101111111000 <
0>
b10110011100000000000000000000000 L
b1100010010101000010000011000 ;
b11101111010010101110011011011110 8
b11100011000000000110001011000110 4
1N
b110 J
b11101011010000001110011011010110 H
b111010010010010110100100110100100 E
b11111011110010010111101111111000 =
b10110011100000000000000000000000 B
b1110011100 ?
b11111111111111111111111110011100 @
b11100111000010100110001011001110 G
0"
b1001100001 0
b1001100001 1
1&
#12340000
b1001100010 /
0-
0&
#12345000
1"
b10110011100000000000000000000000 #
b10110011100000000000000000000000 M
0N
1&
#12350000
1-
b1001100011 2
b1000110000011000111101010001100 '
b10111101111101000110010101111100 T
b101100111100100000111101011001110 P
b11010100110011100000101010101001 Q
b10010010110000100111000000100101 O
b101 R
b101 )
b101 5
b11010100110011100000101010101001 +
b11010100110011100000101010101001 7
b10010010110000100111000000100101 *
b10010010110000100111000000100101 6
0&
#12355000
13
b1001 C
b1100111100100000111101011001110 D
b10111101111101000110010101111100 <
b1000110000011000111101010001100 L
b1000110000011000111101010001100 ;
b11010110110011100111101010101101 8
b10010000110000100000000000100001 4
1N
b101 J
b11010100110011100000101010101001 H
b101100111100100000111101011001110 E
b10111101111101000110010101111100 =
b10000100111000000100101000000000 B
b10010010110000100111000 ?
b11111111110010010110000100111000 @
b10010010110000100111000000100101 G
0"
b1001100010 0
b1001100010 1
1&
#12360000
b1001100011 /
0-
0&
#12365000
1"
b1000110000011000111101010001100 #
b1000110000011000111101010001100 M
0N
1&
#12370000
1-
b1001100100 2
b11100111101 '
b111001101000110000111111110011010 T
b100000010010011100110101000000100 P
b11010100110101111010100110101 Q
b11100111101100110111010011001111 O
b111 R
b111 )
b111 5
b11010100110101111010100110101 +
b11010100110101111010100110101 7
b11100111101100110111010011001111 *
b11100111101100110111010011001111 6
0&
#12375000
03
0:
b1 A
19
b10101 C
b10010011100110101000000100 D
b11001101000110000111111110011010 <
1>
b11100111101 L
b11111101001010011000000111111010 ;
b11111111101110111111010111111111 8
b10100100100111010000000101 4
1N
b111 J
b11010100110101111010100110101 H
b100000010010011100110101000000100 E
b111001101000110000111111110011010 =
b10011001111000000000000000000000 B
b11100111101 ?
b11111111111111111111111100111101 @
b11100111101100110111010011001111 G
0"
b1001100011 0
b1001100011 1
1&
#12380000
b1001100100 /
0-
0&
#12385000
1"
b11100111101 #
b11100111101 M
0N
1&
#12390000
1-
b1001100101 2
b10000001 '
b11000101001110110110100110001010 T
b1111011010101000101000011110110 P
b1011011000011000111001110110110 Q
b100000010001111101110101000000 O
b1011011000011000111001110110110 +
b1011011000011000111001110110110 7
b100000010001111101110101000000 *
b100000010001111101110101000000 6
0&
#12395000
b1 A
19
0>
b10110 C
b1111011010101000101000011110110 D
0F
b11000101001110110110100110001010 <
b10000001 L
b1111011010010111010111011110110 ;
b1111011010011111111111111110110 8
b1000101000100000000 4
1N
b1011011000011000111001110110110 H
b1111011010101000101000011110110 E
b11000101001110110110100110001010 =
b1010000000000000000000000000000 B
b10000001 ?
b10000001 @
b100000010001111101110101000000 G
0"
b1001100100 0
b1001100100 1
1&
#12400000
b1001100101 /
0-
0&
#12405000
1"
b10000001 #
b10000001 M
0N
1&
#12410000
1-
b1001100110 2
b11111111111111111111111111111110 '
b101001101110010001100000010011011 T
b110101000000110000100100101001111 P
b10101101001001111100010001011010 Q
b11111010111100001000010011110101 O
b1000 R
b1000 )
b1000 5
b10101101001001111100010001011010 +
b10101101001001111100010001011010 7
b11111010111100001000010011110101 *
b11111010111100001000010011110101 6
0&
#12415000
b0 A
09
03
b11010 C
b10101000000110000100100101001111 D
1F
b1001101110010001100000010011011 <
1>
b11111111111111111111111111111110 L
b1010111110101110100000010101111 ;
b11111111111101111100010011111111 8
b10101000001000001000010001010000 4
1N
b1000 J
b10101101001001111100010001011010 H
b110101000000110000100100101001111 E
b101001101110010001100000010011011 =
b11010100000000000000000000000000 B
b111110 ?
b11111111111111111111111111111110 @
b11111010111100001000010011110101 G
0"
b1001100101 0
b1001100101 1
1&
#12420000
b1001100110 /
0-
0&
#12425000
1"
b11111111111111111111111111111110 #
b11111111111111111111111111111110 M
0N
1&
#12430000
1-
b1001100111 2
b11101101100101111110000100000 '
b101011110000111111000011010111100 T
b10000011101110111010100100000110 P
b10010110011100001000100100101 Q
b1110000111011011001011111100001 O
b110 R
b110 )
b110 5
b10010110011100001000100100101 +
b10010110011100001000100100101 7
b1110000111011011001011111100001 *
b1110000111011011001011111100001 6
0&
#12435000
b0 A
09
13
0F
b101 C
b10000011101110111010100100000110 D
b1011110000111111000011010111100 <
1>
b11101101100101111110000100000 L
b1100010001000111000011011000100 ;
b1110010111011111001011111100101 8
b10000110011000001000100100001 4
1N
b110 J
b10010110011100001000100100101 H
b10000011101110111010100100000110 E
b101011110000111111000011010111100 =
b11101101100101111110000100000 B
b11100001110110110010111111 ?
b11100001110110110010111111 @
b1110000111011011001011111100001 G
0"
b1001100110 0
b1001100110 1
1&
#12440000
b1001100111 /
0-
0&
#12445000
1"
b11101101100101111110000100000 #
b11101101100101111110000100000 M
0N
1&
#12450000
1-
b1001101000 2
b11111001001110111010011000000010 '
b101110001001110111010111011100011 T
b10110110001110010001000101101011 P
b100010011111101011000101000100 Q
b10010011101110100110000000100111 O
b1000 R
b1000 )
b1000 5
b100010011111101011000101000100 +
b100010011111101011000101000100 7
b10010011101110100110000000100111 *
b10010011101110100110000000100111 6
0&
#12455000
b1 A
19
03
1:
b100 C
b10110110001110010001000101101011 D
b1110001001110111010111011100011 <
b11111001001110111010011000000010 L
b10110001110001001101000101100011 ;
b10110011111111101111000101100111 8
b10001110100010000000000100 4
1N
b1000 J
b100010011111101011000101000100 H
b10110110001110010001000101101011 E
b101110001001110111010111011100011 =
b111011101001100000001001110000 B
b1001001110111010011000000010 ?
b11111001001110111010011000000010 @
b10010011101110100110000000100111 G
0"
b1001100111 0
b1001100111 1
1&
#12460000
b1001101000 /
0-
0&
#12465000
1"
b11111001001110111010011000000010 #
b11111001001110111010011000000010 M
0N
1&
#12470000
1-
b1001101001 2
b11101100110110111010011111011010 '
b11101100110110111010011111011010 T
b110001100010011001110010100011000 P
b11001111101110001001111010011111 Q
b10111100100101000100011001111001 O
b1 R
b1 )
b1 5
b11001111101110001001111010011111 +
b11001111101110001001111010011111 7
b10111100100101000100011001111001 *
b10111100100101000100011001111001 6
0&
#12475000
0:
b1 A
19
0>
1F
b11111 C
b10001100010011001110010100011000 D
b11101100110110111010011111011010 <
0K
0I
b11101100110110111010011111011010 L
b1110011001011001101100011100110 ;
b11111111101111001101111011111111 8
b10001100100100000000011000011001 4
1N
b1 J
b11001111101110001001111010011111 H
b110001100010011001110010100011000 E
b11101100110110111010011111011010 =
b10000000000000000000000000000000 B
b1 ?
b11111111111111111111111111111111 @
b10111100100101000100011001111001 G
0"
b1001101000 0
b1001101000 1
1&
#12480000
b1001101001 /
0-
0&
#12485000
1"
b11101100110110111010011111011010 #
b11101100110110111010011111011010 M
0N
1&
#12490000
1-
b1001101010 2
b10101001001001110101000000000000 '
b11101111100000011011111111011111 T
b10111001001001110110011101110001 P
b1100100110100101101001111001001 Q
b1010100010101001001001110101000 O
b110 R
b110 )
b110 5
b1100100110100101101001111001001 +
b1100100110100101101001111001001 7
b1010100010101001001001110101000 *
b1010100010101001001001110101000 6
0&
#12495000
13
0F
b1001 C
b10111001001001110110011101110001 D
b11101111100000011011111111011111 <
b10101001001001110101000000000000 L
b110000100001100100000001100001 ;
b1110100110101101101001111101001 8
b1000100010100001001001110001000 4
1N
b110 J
b1100100110100101101001111001001 H
b10111001001001110110011101110001 E
b11101111100000011011111111011111 =
b10101001001001110101000000000000 B
b1010100010101001001001 ?
b1010100010101001001001 @
b1010100010101001001001110101000 G
0"
b1001101001 0
b1001101001 1
1&
#12500000
b1001101010 /
0-
0&
#12505000
1"
b10101001001001110101000000000000 #
b10101001001001110101000000000000 M
0N
1&
#12510000
1-
b1001101011 2
b1010010101010111011000010100000 '
b11111111101100011100000000000000 T
b10000101011110001111101100001010 P
b1000010111000111001110110000101 Q
b1000010100101010101110110000101 O
b1000010111000111001110110000101 +
b1000010111000111001110110000101 7
b1000010100101010101110110000101 *
b1000010100101010101110110000101 6
0&
#12515000
b101 C
b10000101011110001111101100001010 D
b11111111101100011100000000000000 <
b1010010101010111011000010100000 L
b11101101100000000000000 ;
b1000010111101111101110110000101 8
b1000010100000010001110110000101 4
1N
b1000010111000111001110110000101 H
b10000101011110001111101100001010 E
b11111111101100011100000000000000 =
b1010010101010111011000010100000 B
b10000101001010101011101100 ?
b10000101001010101011101100 @
b1000010100101010101110110000101 G
0"
b1001101010 0
b1001101010 1
1&
#12520000
b1001101011 /
0-
0&
#12525000
1"
b1010010101010111011000010100000 #
b1010010101010111011000010100000 M
0N
1&
#12530000
1-
b1001101100 2
b11111111101110011101100101101000 '
b101110101110010100101111011101011 T
b11111101111010000111000111111011 P
b1000100000011110000100110001000 Q
b10111001110110010110100001110011 O
b1000 R
b1000 )
b1000 5
b1000100000011110000100110001000 +
b1000100000011110000100110001000 7
b10111001110110010110100001110011 *
b10111001110110010110100001110011 6
0&
#12535000
1:
b1 A
19
03
b1000 C
b11111101111010000111000111111011 D
b1110101110010100101111011101011 <
1>
b11111111101110011101100101101000 L
b11111101110101100110000111111011 ;
b11111101110111110110100111111011 8
b10010000100000000000 4
1N
b1000 J
b1000100000011110000100110001000 H
b11111101111010000111000111111011 E
b101110101110010100101111011101011 =
b11011001011010000111001100000000 B
b101110011101100101101000 ?
b11111111101110011101100101101000 @
b10111001110110010110100001110011 G
0"
b1001101011 0
b1001101011 1
1&
#12540000
b1001101100 /
0-
0&
#12545000
1"
b11111111101110011101100101101000 #
b11111111101110011101100101101000 M
0N
1&
#12550000
1-
b1001101101 2
b10010110010 '
b10110000110110101100001101100010 T
b11100101100000110100011111001010 P
b10011010010101000100001000110100 Q
b1001011001011110000010110010110 O
b10011010010101000100001000110100 +
b10011010010101000100001000110100 7
b1001011001011110000010110010110 *
b1001011001011110000010110010110 6
0&
#12555000
b0 A
09
1:
0>
b10100 C
b11100101100000110100011111001010 D
b10110000110110101100001101100010 <
b10010110010 L
b11010001011110110100011110100010 ;
b11011011011111110100011110110110 8
b1010000001000000000000010100 4
1N
b10011010010101000100001000110100 H
b11100101100000110100011111001010 E
b10110000110110101100001101100010 =
b1011001011000000000000000000000 B
b10010110010 ?
b10010110010 @
b1001011001011110000010110010110 G
0"
b1001101100 0
b1001101100 1
1&
#12560000
b1001101101 /
0-
0&
#12565000
1"
b10010110010 #
b10010110010 M
0N
1&
#12570000
1-
b1001101110 2
b1 '
b11110101110100111111101111101100 T
b1000111001101111101111010001110 P
b101000101100011111000101010001 Q
b11110100001011110110100111101 O
b10 R
b10 )
b10 5
b101000101100011111000101010001 +
b101000101100011111000101010001 7
b11110100001011110110100111101 *
b11110100001011110110100111101 6
0&
#12575000
b1 A
19
0:
b10001 C
b1000111001101111101111010001110 D
b11110101110100111111101111101100 <
b1 L
b110110001101000001110001101100 ;
b111110101101011111110101111101 8
b1000100000011110000100010001 4
1N
b10 J
b101000101100011111000101010001 H
b1000111001101111101111010001110 E
b11110101110100111111101111101100 =
b11011010011110100000000000000000 B
b111101000010 ?
b111101000010 @
b11110100001011110110100111101 G
0"
b1001101101 0
b1001101101 1
1&
#12580000
b1001101110 /
0-
0&
#12585000
1"
b1 #
b1 M
0N
1&
#12590000
1-
b1001101111 2
b10001111101110011011100000011111 '
b11111111011101101001011111111111 T
b100011011111010011011100000110111 P
b10001110001110011001000000011100 Q
b10001101101100000010100000011011 O
b100 R
b100 )
b100 5
b10001110001110011001000000011100 +
b10001110001110011001000000011100 7
b10001101101100000010100000011011 *
b10001101101100000010100000011011 6
0&
#12595000
b1 A
19
13
1F
b11100 C
b11011111010011011100000110111 D
b11111111011101101001011111111111 <
0>
b10001111101110011011100000011111 L
b11100010011011100000000111 ;
b10001111101110011011100000011111 8
b10001100001100000000000000011000 4
1N
b100 J
b10001110001110011001000000011100 H
b100011011111010011011100000110111 E
b11111111011101101001011111111111 =
b10110000000000000000000000000000 B
b1000 ?
b11111111111111111111111111111000 @
b10001101101100000010100000011011 G
0"
b1001101110 0
b1001101110 1
1&
#12600000
b1001101111 /
0-
0&
#12605000
1"
b10001111101110011011100000011111 #
b10001111101110011011100000011111 M
0N
1&
#12610000
1-
b1001110000 2
b10111101100 '
b10000100010111000000100100001001 T
b100111001001011111100111001110001 P
b11011010011010011110001010110100 Q
b1011110110001011110101110111101 O
b111 R
b111 )
b111 5
b11011010011010011110001010110100 +
b11011010011010011110001010110100 7
b1011110110001011110101110111101 *
b1011110110001011110101110111101 6
0&
#12615000
b0 A
09
03
1:
b10100 C
b111001001011111100111001110001 D
b10000100010111000000100100001001 <
b10111101100 L
b10000100101011000000100100001001 ;
b11011110111011011110101110111101 8
b1011010010000011110001010110100 4
1N
b111 J
b11011010011010011110001010110100 H
b100111001001011111100111001110001 E
b10000100010111000000100100001001 =
b10111011110100000000000000000000 B
b10111101100 ?
b10111101100 @
b1011110110001011110101110111101 G
0"
b1001101111 0
b1001101111 1
1&
#12620000
b1001110000 /
0-
0&
#12625000
1"
b10111101100 #
b10111101100 M
0N
1&
#12630000
1-
b1001110001 2
b1111011111000011011000011111 '
b100001111011111000011011000011111 T
b111111010011001011010001111101 P
b10111111010000011111100101111 Q
b100111011001000111010101001110 O
b1 R
b1 )
b1 5
b10111111010000011111100101111 +
b10111111010000011111100101111 7
b100111011001000111010101001110 *
b100111011001000111010101001110 6
0&
#12635000
0:
1I
b0 A
09
1>
0F
b1111 C
b111111010011001011010001111101 D
b1111011111000011011000011111 <
0K
b1111011111000011011000011111 L
b110000100011000100101001100001 ;
b110111111011000111111101101111 8
b111011000000011010100001110 4
1N
b1 J
b10111111010000011111100101111 H
b111111010011001011010001111101 E
b100001111011111000011011000011111 =
b111010101001110000000000000000 B
b100111011001000 ?
b100111011001000 @
b100111011001000111010101001110 G
0"
b1001110000 0
b1001110000 1
1&
#12640000
b1001110001 /
0-
0&
#12645000
1%
1"
b1111011111000011011000011111 #
b1111011111000011011000011111 M
0N
1&
#12650000
1-
b1001110010 2
b11111110111111111111110111111101 '
b110110100011101111010001101101 T
b100100011011100001110111001000101 P
b11110110011100001111110011101100 Q
b101100111111111111000101011001 O
b100 R
b100 )
b100 5
b11110110011100001111110011101100 +
b11110110011100001111110011101100 7
b101100111111111111000101011001 *
b101100111111111111000101011001 6
0&
#12655000
0>
1F
b1100 C
b100011011100001110111001000101 D
b110110100011101111010001101101 <
0I
b11111110111111111111110111111101 L
b11011010100011110000110110110101 ;
b11111110111111111111110111111101 8
b100100011100001111000001001000 4
1N
b100 J
b11110110011100001111110011101100 H
b100100011011100001110111001000101 E
b110110100011101111010001101101 =
b11111111000101011001000000000000 B
b101100111111111111 ?
b101100111111111111 @
b101100111111111111000101011001 G
0"
b1001110001 0
b1001110001 1
1&
#12660000
b1001110010 /
0-
0&
#12665000
0%
1"
b11111110111111111111110111111101 #
b11111110111111111111110111111101 M
0N
1&
#12670000
1-
b1001110011 2
b1000000101010011000101010000001 '
b1000000101010011000101010000001 T
b11011101110101110001111110111011 P
b11001110100101101100101010011101 Q
b1111010000000101010100011110 O
b1 R
b1 )
b1 5
b11001110100101101100101010011101 +
b11001110100101101100101010011101 7
b1111010000000101010100011110 *
b1111010000000101010100011110 6
0&
#12675000
0F
b11101 C
b11011101110101110001111110111011 D
b1000000101010011000101010000001 <
b1000000101010011000101010000001 L
b11000001110101101001111110000011 ;
b11001111110101101101111110011111 8
b1110000000000100000000011100 4
1N
b1 J
b11001110100101101100101010011101 H
b11011101110101110001111110111011 E
b1000000101010011000101010000001 =
b11000000000000000000000000000000 B
b0 ?
b0 @
b1111010000000101010100011110 G
0"
b1001110010 0
b1001110010 1
1&
#12680000
b1001110011 /
0-
0&
#12685000
1"
b1000000101010011000101010000001 #
b1000000101010011000101010000001 M
0N
1&
#12690000
1-
b1001110100 2
b11100000001000010100100011000 '
b101101110011110000010111011011101 T
b101010001110010100110001010100011 P
b1110001101010010001100111100011 Q
b11100000001000010100100011000000 O
b111 R
b111 )
b111 5
b1110001101010010001100111100011 +
b1110001101010010001100111100011 7
b11100000001000010100100011000000 *
b11100000001000010100100011000000 6
0&
#12695000
b1 A
19
1:
b11 C
b1010001110010100110001010100011 D
1F
b1101110011110000010111011011101 <
1>
b11100000001000010100100011000 L
b10010001100010000101000100100011 ;
b11110001101010010101100111100011 8
b1100000001000010000100011000000 4
1N
b111 J
b1110001101010010001100111100011 H
b101010001110010100110001010100011 E
b101101110011110000010111011011101 =
b1000010100100011000000000 B
b11100000001000010100100011000 ?
b11111100000001000010100100011000 @
b11100000001000010100100011000000 G
0"
b1001110011 0
b1001110011 1
1&
#12700000
b1001110100 /
0-
0&
#12705000
1"
b11100000001000010100100011000 #
b11100000001000010100100011000 M
0N
1&
#12710000
1-
b1001110101 2
b1100111101100110010000000000000 '
b100001100011100111000011000011001 T
b101011000001001100110011010101111 P
b10100101110110010111000001001011 Q
b10110010010011001111011001100100 O
b110 R
b110 )
b110 5
b10100101110110010111000001001011 +
b10100101110110010111000001001011 7
b10110010010011001111011001100100 *
b10110010010011001111011001100100 6
0&
#12715000
13
b0 A
09
0:
b1011 C
b1011000001001100110011010101111 D
b1100011100111000011000011001 <
b1100111101100110010000000000000 L
b10111100101011000011000101111 ;
b10110111110111011111011001101111 8
b10100000010010000111000001000000 4
1N
b110 J
b10100101110110010111000001001011 H
b101011000001001100110011010101111 E
b100001100011100111000011000011001 =
b1100111101100110010000000000000 B
b101100100100110011110 ?
b11111111111101100100100110011110 @
b10110010010011001111011001100100 G
0"
b1001110100 0
b1001110100 1
1&
#12720000
b1001110101 /
0-
0&
#12725000
1"
b1100111101100110010000000000000 #
b1100111101100110010000000000000 M
0N
1&
#12730000
1-
b1001110110 2
b1001010111111111111111110010101 '
b100000110011100100010100000001101 T
b10001011011000011101011100010101 P
b1000010011101111101011110000100 Q
b1001000111010011111111110010001 O
b100 R
b100 )
b100 5
b1000010011101111101011110000100 +
b1000010011101111101011110000100 7
b1001000111010011111111110010001 *
b1001000111010011111111110010001 6
0&
#12735000
b0 A
09
13
b100 C
b10001011011000011101011100010101 D
0F
b110011100100010100000001101 <
1>
b1001010111111111111111110010101 L
b1010100111100010100000010101 ;
b1001010111111111111111110010101 8
b1000000011000011101011110000000 4
1N
b100 J
b1000010011101111101011110000100 H
b10001011011000011101011100010101 E
b100000110011100100010100000001101 =
b10001110100111111111100100010000 B
b100100011101001111111111001 ?
b100100011101001111111111001 @
b1001000111010011111111110010001 G
0"
b1001110101 0
b1001110101 1
1&
#12740000
b1001110110 /
0-
0&
#12745000
1"
b1001010111111111111111110010101 #
b1001010111111111111111110010101 M
0N
1&
#12750000
1-
b1001110111 2
1(
b0 '
0S
b10011010111101100001101100110110 T
b10101110101100100111001101011100 P
b10001001110111100010110000010011 Q
b100100110101000100011101001001 O
b10 R
b10 )
b10 5
b10001001110111100010110000010011 +
b10001001110111100010110000010011 7
b100100110101000100011101001001 *
b100100110101000100011101001001 6
0&
#12755000
03
1:
b0 A
09
b10011 C
b10101110101100100111001101011100 D
b10011010111101100001101100110110 <
0>
b0 L
b10101101000010100110101101011010 ;
b10101101110111100110111101011011 8
b110101000000010000000001 4
1N
b10 J
b10001001110111100010110000010011 H
b10101110101100100111001101011100 E
b10011010111101100001101100110110 =
b111010010010000000000000000000 B
b10010011010 ?
b10010011010 @
b100100110101000100011101001001 G
0"
b1001110110 0
b1001110110 1
1&
#12760000
b1001110111 /
0-
0&
#12765000
1!
1"
b0 #
b0 M
0N
1&
#12770000
1-
b1001111000 2
0(
b11011111111110101111000110111111 '
b111001011100101100100111110010111 T
b11101000010110110111000111001111 P
b1110011000101001000100011100 Q
b11011001111110001110000010110011 O
b100 R
b100 )
b100 5
b1110011000101001000100011100 +
b1110011000101001000100011100 7
b11011001111110001110000010110011 *
b11011001111110001110000010110011 6
0&
#12775000
b1 A
19
0:
b11100 C
b11101000010110110111000111001111 D
b11001011100101100100111110010111 <
1>
b11011111111110101111000110111111 L
b11010111100110100111000110101111 ;
b11011111111110101111000110111111 8
b1000011000001000000000010000 4
1N
b100 J
b1110011000101001000100011100 H
b11101000010110110111000111001111 E
b111001011100101100100111110010111 =
b110000000000000000000000000000 B
b1101 ?
b11111111111111111111111111111101 @
b11011001111110001110000010110011 G
0"
b1001110111 0
b1001110111 1
1&
#12780000
b1001111000 /
0-
0&
#12785000
0!
1"
b11011111111110101111000110111111 #
b11011111111110101111000110111111 M
0N
1&
#12790000
1-
b1001111001 2
b10100010010001010100100101000 '
b11111110111001000011000111111110 T
b101001101101011010100001010010 P
b10101011010001011101100101010 Q
b10100010011001110110100101000 O
b11 R
b11 )
b11 5
b10101011010001011101100101010 +
b10101011010001011101100101010 7
b10100010011001110110100101000 *
b10100010011001110110100101000 6
0&
#12795000
b1 A
19
0>
b1010 C
b101001101101011010100001010010 D
b11111110111001000011000111111110 <
b10100010010001010100100101000 L
b1001001000101011000000010 ;
b10101011011001111111100101010 8
b10100010010001010100100101000 4
1N
b11 J
b10101011010001011101100101010 H
b101001101101011010100001010010 E
b11111110111001000011000111111110 =
b110011101101001010000000000000 B
b1010001001100111011 ?
b1010001001100111011 @
b10100010011001110110100101000 G
0"
b1001111000 0
b1001111000 1
1&
#12800000
b1001111001 /
0-
0&
#12805000
1"
b10100010010001010100100101000 #
b10100010010001010100100101000 M
0N
1&
#12810000
1-
b1001111010 2
b1011101001011101 '
b10110111001011010001011101101111 T
b10100110000000011101101101001011 P
b1110111011010100110000111101110 Q
b101110100101110111100101011101 O
b111 R
b111 )
b111 5
b1110111011010100110000111101110 +
b1110111011010100110000111101110 7
b101110100101110111100101011101 *
b101110100101110111100101011101 6
0&
#12815000
13
b1 A
19
b1110 C
b10100110000000011101101101001011 D
b10110111001011010001011101101111 <
0>
b1011101001011101 L
b1011001111111010001100010110011 ;
b1111111111111110111100111111111 8
b100110000000100110000101001100 4
1N
b111 J
b1110111011010100110000111101110 H
b10100110000000011101101101001011 E
b10110111001011010001011101101111 =
b11011110010101110100000000000000 B
b1011101001011101 ?
b1011101001011101 @
b101110100101110111100101011101 G
0"
b1001111001 0
b1001111001 1
1&
#12820000
b1001111010 /
0-
0&
#12825000
1"
b1011101001011101 #
b1011101001011101 M
0N
1&
#12830000
1-
b1001111011 2
b1111111100011101101111111111111 '
b100001000011101111100011000010001 T
b11000011100101001111000110000111 P
b1011101100011101001010110111011 Q
b1100110000001100101101111001100 O
b100 R
b100 )
b100 5
b1011101100011101001010110111011 +
b1011101100011101001010110111011 7
b1100110000001100101101111001100 *
b1100110000001100101101111001100 6
0&
#12835000
b0 A
09
1>
b11011 C
b11000011100101001111000110000111 D
b1000011101111100011000010001 <
b1111111100011101101111111111111 L
b111011100010001100111001110111 ;
b1111111100011101101111111111111 8
b1000100000001100001000110001000 4
1N
b100 J
b1011101100011101001010110111011 H
b11000011100101001111000110000111 E
b100001000011101111100011000010001 =
b1100000000000000000000000000000 B
b1100 ?
b1100 @
b1100110000001100101101111001100 G
0"
b1001111010 0
b1001111010 1
1&
#12840000
b1001111011 /
0-
0&
#12845000
1"
b1111111100011101101111111111111 #
b1111111100011101101111111111111 M
0N
1&
#12850000
1-
b1001111100 2
b1011110001000110000101 '
b101010111000111011110111010101110 T
b100100001011011100011101001000010 P
b1100101001010000010010111001010 Q
b10111100010001100001010001111000 O
b111 R
b111 )
b111 5
b1100101001010000010010111001010 +
b1100101001010000010010111001010 7
b10111100010001100001010001111000 *
b10111100010001100001010001111000 6
0&
#12855000
b1 A
19
03
1:
b1010 C
b100001011011100011101001000010 D
1F
b1010111000111011110111010101110 <
b1011110001000110000101 L
b11011001011011100011000110110010 ;
b11111101011011100011010111111010 8
b100100000000000000010001001000 4
1N
b111 J
b1100101001010000010010111001010 H
b100100001011011100011101001000010 E
b101010111000111011110111010101110 =
b11000010100011110000000000000 B
b1011110001000110000101 ?
b11111111111011110001000110000101 @
b10111100010001100001010001111000 G
0"
b1001111011 0
b1001111011 1
1&
#12860000
b1001111100 /
0-
0&
#12865000
1"
b1011110001000110000101 #
b1011110001000110000101 M
0N
1&
#12870000
1-
b1001111101 2
1(
b0 '
b10011111011000011011110100111111 T
b10111101110001111011000101111011 P
b10001111001100101111101000011110 Q
b101110100101001011011101011101 O
b10001111001100101111101000011110 +
b10001111001100101111101000011110 7
b101110100101001011011101011101 *
b101110100101001011011101011101 6
0&
#12875000
b0 A
09
1:
b11110 C
b10111101110001111011000101111011 D
0F
b10011111011000011011110100111111 <
0>
b0 L
b10100001101001100100110101000011 ;
b10101111101101101111111101011111 8
b1110000100001011001000011100 4
1N
b10001111001100101111101000011110 H
b10111101110001111011000101111011 E
b10011111011000011011110100111111 =
b1000000000000000000000000000000 B
b0 ?
b0 @
b101110100101001011011101011101 G
0"
b1001111100 0
b1001111100 1
1&
#12880000
b1001111101 /
0-
0&
#12885000
1!
1"
b0 #
b0 M
0N
1&
#12890000
1-
b1001111110 2
0(
b1111111101011111111110111111111 '
b11010101010111110100001110101011 T
b10100000101100000011011101000001 P
b1100101101010000111100111001011 Q
b111011000001111011110101110110 O
b100 R
b100 )
b100 5
b1100101101010000111100111001011 +
b1100101101010000111100111001011 7
b111011000001111011110101110110 *
b111011000001111011110101110110 6
0&
#12895000
13
b1 A
19
0:
b1110110000011110111 ?
b1110110000011110111 @
b1011 C
b10100000101100000011011101000001 D
b11010101010111110100001110101011 <
b1111111101011111111110111111111 L
b1011110101011111100010010111101 ;
b1111111101011111111110111111111 8
b100001000000000011100101000010 4
1N
b100 J
b1100101101010000111100111001011 H
b10100000101100000011011101000001 E
b11010101010111110100001110101011 =
b111101111010111011000000000000 B
b111011000001111011110101110110 G
0"
b1001111101 0
b1001111101 1
1&
#12900000
b1001111110 /
0-
0&
#12905000
0!
1"
b1111111101011111111110111111111 #
b1111111101011111111110111111111 M
0N
1&
#12910000
1-
b1001111111 2
b11111111111111101111010111111111 '
b10010011101110100000110100100111 T
b101001000001111111101011010001111 P
b11011010010000101110010010110100 Q
b1101101111111001111000111011011 O
b11011010010000101110010010110100 +
b11011010010000101110010010110100 7
b1101101111111001111000111011011 *
b1101101111111001111000111011011 6
0&
#12915000
1:
03
b0 A
09
1F
b10100 C
b1001000001111111101011010001111 D
b10010011101110100000110100100111 <
0>
b11111111111111101111010111111111 L
b10110111101111100001010101101111 ;
b11111111111111101111010111111111 8
b1001000010000001110000010010000 4
1N
b11011010010000101110010010110100 H
b101001000001111111101011010001111 E
b10010011101110100000110100100111 =
b11101101100000000000000000000 B
b11011011111 ?
b11011011111 @
b1101101111111001111000111011011 G
0"
b1001111110 0
b1001111110 1
1&
#12920000
b1001111111 /
0-
0&
#12925000
1"
b11111111111111101111010111111111 #
b11111111111111101111010111111111 M
0N
1&
#12930000
1-
b1010000000 2
b1000001101110010000110010 '
b100001110011001101000100000011100 T
b10010011101011111111000100100 P
b10000001111011101100000100 Q
b10000011011100100001100100000 O
b111 R
b111 )
b111 5
b10000001111011101100000100 +
b10000001111011101100000100 7
b10000011011100100001100100000 *
b10000011011100100001100100000 6
0&
#12935000
0:
b0 A
09
1>
b100 C
b10010011101011111111000100100 D
0F
b1110011001101000100000011100 <
b1000001101110010000110010 L
b10010011010011111100000100100 ;
b10010011011111111101100100100 8
b1100000001100000000 4
1N
b111 J
b10000001111011101100000100 H
b10010011101011111111000100100 E
b100001110011001101000100000011100 =
b110111001000011001000000000 B
b1000001101110010000110010 ?
b1000001101110010000110010 @
b10000011011100100001100100000 G
0"
b1001111111 0
b1001111111 1
1&
#12940000
b1010000000 /
0-
0&
#12945000
1"
b1000001101110010000110010 #
b1000001101110010000110010 M
0N
1&
#12950000
1-
b1010000001 2
b11111111111111011110010100000101 '
b11010101111011111010000110101100 T
b110100011010100011100001101000110 P
b11100110101100010001000011001101 Q
b10111100101000001011001001111001 O
b1000 R
b1000 )
b1000 5
b11100110101100010001000011001101 +
b11100110101100010001000011001101 7
b10111100101000001011001001111001 *
b10111100101000001011001001111001 6
0&
#12955000
b1 A
19
03
0>
1F
b1101 C
b10100011010100011100001101000110 D
b11010101111011111010000110101100 <
b11111111111111011110010100000101 L
b1011010000100011010001010110100 ;
b11111110101100011011001011111101 8
b10100100101000000001000001001001 4
1N
b1000 J
b11100110101100010001000011001101 H
b110100011010100011100001101000110 E
b11010101111011111010000110101100 =
b10110010011110010000000000000 B
b1011110010100000101 ?
b11111111111111011110010100000101 @
b10111100101000001011001001111001 G
0"
b1010000000 0
b1010000000 1
1&
#12960000
b1010000001 /
0-
0&
#12965000
1"
b11111111111111011110010100000101 #
b11111111111111011110010100000101 M
0N
1&
#12970000
1-
b1010000010 2
b11111110010010110011000101100100 '
b100100110100110000010110001001101 T
b101101100001101000010110011010111 P
b10100010110011100000000001000101 Q
b11001001011001100010110010010010 O
b10100010110011100000000001000101 +
b10100010110011100000000001000101 7
b11001001011001100010110010010010 *
b11001001011001100010110010010010 6
0&
#12975000
b0 A
09
13
1>
b101 C
b1101100001101000010110011010111 D
b100110100110000010110001001101 <
b11111110010010110011000101100100 L
b1101011101010000010110011010111 ;
b11101011111011100010110011010111 8
b10000000010001100000000000000000 4
1N
b10100010110011100000000001000101 H
b101101100001101000010110011010111 E
b100100110100110000010110001001101 =
b101100110001011001001001000000 B
b110010010110011000101100100 ?
b11111110010010110011000101100100 @
b11001001011001100010110010010010 G
0"
b1010000001 0
b1010000001 1
1&
#12980000
b1010000010 /
0-
0&
#12985000
1"
b11111110010010110011000101100100 #
b11111110010010110011000101100100 M
0N
1&
#12990000
1-
b1010000011 2
b11111111111111111111111111111111 '
b100000101101110000110111000001011 T
b110100100000111000110011101000111 P
b11001111001100011111110010011110 Q
b11010100111010100110101010101001 O
b11001111001100011111110010011110 +
b11001111001100011111110010011110 7
b11010100111010100110101010101001 *
b11010100111010100110101010101001 6
0&
#12995000
03
b11110 C
b10100100000111000110011101000111 D
b101101110000110111000001011 <
b11111111111111111111111111111111 L
b11011110110111001011000110111 ;
b11011111111110111111111010111111 8
b11000100001000000110100010001000 4
1N
b11001111001100011111110010011110 H
b110100100000111000110011101000111 E
b100000101101110000110111000001011 =
b1000000000000000000000000000000 B
b11 ?
b11111111111111111111111111111111 @
b11010100111010100110101010101001 G
0"
b1010000010 0
b1010000010 1
1&
#13000000
b1010000011 /
0-
0&
#13005000
1"
b11111111111111111111111111111111 #
b11111111111111111111111111111111 M
0N
1&
#13010000
1-
b1010000100 2
b1101110110000101100101111011101 '
b100001110101101111001111000011101 T
b11001110110011011111100110011101 P
b1100000000010110010110111000000 Q
b1101110110000101100101111011101 O
b110 R
b110 )
b110 5
b1100000000010110010110111000000 +
b1100000000010110010110111000000 7
b1101110110000101100101111011101 *
b1101110110000101100101111011101 6
0&
#13015000
b0 A
09
13
0F
b1101110110000101100101111011101 B
b0 C
b11001110110011011111100110011101 D
b1110101101111001111000011101 <
1>
b1101110110000101100101111011101 L
b1110110010011110011000011101 ;
b1101110110010111110111111011101 8
b1100000000000100000100111000000 4
1N
b110 J
b1100000000010110010110111000000 H
b11001110110011011111100110011101 E
b100001110101101111001111000011101 =
b1101110110000101100101111011101 ?
b1101110110000101100101111011101 @
b1101110110000101100101111011101 G
0"
b1010000011 0
b1010000011 1
1&
#13020000
b1010000100 /
0-
0&
#13025000
1"
b1101110110000101100101111011101 #
b1101110110000101100101111011101 M
0N
1&
#13030000
1-
b1010000101 2
b1011000000000000000000000000000 '
b101001000000000010110000010010000 T
b100000011011100010010010000000110 P
b1011101101101111110000110111011 Q
b10100101101110010100001001001011 O
b1011101101101111110000110111011 +
b1011101101101111110000110111011 7
b10100101101110010100001001001011 *
b10100101101110010100001001001011 6
0&
#13035000
b1 A
19
03
1:
b11011 C
b11011100010010010000000110 D
1F
b1001000000000010110000010010000 <
b1011000000000000000000000000000 L
b11111000000011101010001111110000 ;
b11111101101111111110001111111011 8
b101101100010100000000001011 4
1N
b1011101101101111110000110111011 H
b100000011011100010010010000000110 E
b101001000000000010110000010010000 =
b1011000000000000000000000000000 B
b10100 ?
b11111111111111111111111111110100 @
b10100101101110010100001001001011 G
0"
b1010000100 0
b1010000100 1
1&
#13040000
b1010000101 /
0-
0&
#13045000
1"
b1011000000000000000000000000000 #
b1011000000000000000000000000000 M
0N
1&
#13050000
1-
b1010000110 2
b11011001101110101111100110110011 '
b1100111010101110101000011001111 T
b100011001101111010000001000110011 P
b11011001001100101101100010110010 Q
b1000000100010100010100110000001 O
b100 R
b100 )
b100 5
b11011001001100101101100010110010 +
b11011001001100101101100010110010 7
b1000000100010100010100110000001 *
b1000000100010100010100110000001 6
0&
#13055000
b0 A
09
0:
b10010 C
b11001101111010000001000110011 D
b1100111010101110101000011001111 <
0>
b11011001101110101111100110110011 L
b10011001101110001111000100110011 ;
b11011001101110101111100110110011 8
b1000000000000100000100010000000 4
1N
b100 J
b11011001001100101101100010110010 H
b100011001101111010000001000110011 E
b1100111010101110101000011001111 =
b10100110000001000000000000000000 B
b1000000100010 ?
b1000000100010 @
b1000000100010100010100110000001 G
0"
b1010000101 0
b1010000101 1
1&
#13060000
b1010000110 /
0-
0&
#13065000
1"
b11011001101110101111100110110011 #
b11011001101110101111100110110011 M
0N
1&
#13070000
1-
b1010000111 2
b1100011000010000100000011 '
b101010011110111100110111010101000 T
b1011111001110111110000010111110 P
b101101011101011100100001011 Q
b1011001100011010010011110110011 O
b11 R
b11 )
b11 5
b101101011101011100100001011 +
b101101011101011100100001011 7
b1011001100011010010011110110011 *
b1011001100011010010011110110011 6
0&
#13075000
b0 A
09
1>
0F
b1011 C
b1011111001110111110000010111110 D
b1010011110111100110111010101000 <
b1100011000010000100000011 L
b1011100001000111001111010111000 ;
b1011101101011111011111110111011 8
b1100011000010000100000011 4
1N
b11 J
b101101011101011100100001011 H
b1011111001110111110000010111110 E
b101010011110111100110111010101000 =
b1101001001111011001100000000000 B
b10110011000110100100 ?
b10110011000110100100 @
b1011001100011010010011110110011 G
0"
b1010000110 0
b1010000110 1
1&
#13080000
b1010000111 /
0-
0&
#13085000
1"
b1100011000010000100000011 #
b1100011000010000100000011 M
0N
1&
#13090000
1-
b1010001000 2
b1001000000000100010001010010000 '
b110011010010001011000001100111 T
b100010100101110010111001000101001 P
b11110000101110000110000011100001 Q
b100100000000010001000101001000 O
b110 R
b110 )
b110 5
b11110000101110000110000011100001 +
b11110000101110000110000011100001 7
b100100000000010001000101001000 *
b100100000000010001000101001000 6
0&
#13095000
0>
1F
b1 C
b10100101110010111001000101001 D
b110011010010001011000001100111 <
b1001000000000100010001010010000 L
b11010100101110010111000110101001 ;
b11110100101110010111000111101001 8
b100000000000000000000001000000 4
1N
b110 J
b11110000101110000110000011100001 H
b100010100101110010111001000101001 E
b110011010010001011000001100111 =
b1001000000000100010001010010000 B
b10010000000001000100010100100 ?
b10010000000001000100010100100 @
b100100000000010001000101001000 G
0"
b1010000111 0
b1010000111 1
1&
#13100000
b1010001000 /
0-
0&
#13105000
1"
b1001000000000100010001010010000 #
b1001000000000100010001010010000 M
0N
1&
#13110000
1-
b1010001001 2
b1010110011010110000101010101011 '
b10100110011110101000000101001101 T
b101010110011010110000101010101011 P
b11010111111110000100010010101111 Q
b1111110011100101100010111111100 O
b0 R
b0 )
b0 5
b11010111111110000100010010101111 +
b11010111111110000100010010101111 7
b1111110011100101100010111111100 *
b1111110011100101100010111111100 6
0&
#13115000
1:
b0 A
09
b1111 C
b1010110011010110000101010101011 D
b10100110011110101000000101001101 <
1I
b1010110011010110000101010101011 L
b10101001100010101000000101010011 ;
b11111111111110101100010111111111 8
b1010110011100000100010010101100 4
1N
b0 J
b11010111111110000100010010101111 H
b101010110011010110000101010101011 E
b10100110011110101000000101001101 =
b1100010111111100000000000000000 B
b1111110011100101 ?
b1111110011100101 @
b1111110011100101100010111111100 G
0"
b1010001000 0
b1010001000 1
1&
#13120000
b1010001001 /
0-
0&
#13125000
1%
1"
b1010110011010110000101010101011 #
b1010110011010110000101010101011 M
0N
1&
#13130000
1-
b1010001010 2
b11111111111111110100000111011100 '
b111001001000011000010111110010010 T
b11010111111000011110110110101110 P
b111011010101101111100001110 Q
b11010000011101110000111010100000 O
b1000 R
b1000 )
b1000 5
b111011010101101111100001110 +
b111011010101101111100001110 7
b11010000011101110000111010100000 *
b11010000011101110000111010100000 6
0&
#13135000
b1 A
19
0:
1>
0F
b1110 C
b11010111111000011110110110101110 D
b11001001000011000010111110010010 <
0I
b11111111111111110100000111011100 L
b11010111000111011101000110101110 ;
b11010111011111111101111110101110 8
b11000100000111000000000 4
1N
b1000 J
b111011010101101111100001110 H
b11010111111000011110110110101110 E
b111001001000011000010111110010010 =
b11000011101010000000000000000000 B
b110100000111011100 ?
b11111111111111110100000111011100 @
b11010000011101110000111010100000 G
0"
b1010001001 0
b1010001001 1
1&
#13140000
b1010001010 /
0-
0&
#13145000
0%
1"
b11111111111111110100000111011100 #
b11111111111111110100000111011100 M
0N
1&
#13150000
1-
b1010001011 2
b11101 '
b11001110000001111000011110011100 T
b10100111010101111000011101001110 P
b1101100101001111111111111011001 Q
b111010101011111000011101110101 O
b111 R
b111 )
b111 5
b1101100101001111111111111011001 +
b1101100101001111111111111011001 7
b111010101011111000011101110101 *
b111010101011111000011101110101 6
0&
#13155000
13
b1 A
19
0>
b11001 C
b10100111010101111000011101001110 D
b11001110000001111000011110011100 <
b11101 L
b1010110000010000111100010101100 ;
b1111110101011111111111111111101 8
b101000101001111000011101010001 4
1N
b111 J
b1101100101001111111111111011001 H
b10100111010101111000011101001110 E
b11001110000001111000011110011100 =
b11101010000000000000000000000000 B
b11101 ?
b11101 @
b111010101011111000011101110101 G
0"
b1010001010 0
b1010001010 1
1&
#13160000
b1010001011 /
0-
0&
#13165000
1"
b11101 #
b11101 M
0N
1&
#13170000
1-
b1010001100 2
b10011010011000111001111100110100 '
b101110011010000010011110011100110 T
b10011010011000111001111100110100 P
b10011100100010011000100100111 Q
b10000110110100100110111000001101 O
b0 R
b0 )
b0 5
b10011100100010011000100100111 +
b10011100100010011000100100111 7
b10000110110100100110111000001101 *
b10000110110100100110111000001101 6
0&
#13175000
1:
b1 A
19
03
b111 C
b10011010011000111001111100110100 D
b1110011010000010011110011100110 <
1>
0K
b10011010011000111001111100110100 L
b10010101010000110101111100101010 ;
b10010111110100110111111100101111 8
b10100100000010000000000101 4
1N
b0 J
b10011100100010011000100100111 H
b10011010011000111001111100110100 E
b101110011010000010011110011100110 =
b1101001001101110000011010000000 B
b1000011011010010011011100 ?
b11111111000011011010010011011100 @
b10000110110100100110111000001101 G
0"
b1010001011 0
b1010001011 1
1&
#13180000
b1010001100 /
0-
0&
#13185000
1"
b10011010011000111001111100110100 #
b10011010011000111001111100110100 M
0N
1&
#13190000
1-
b1010001101 2
b1 '
1S
b10111011101011100111011101111000 T
b10111000101011001011101101110000 P
b1111110011111110010000111111100 Q
b111010001011011001100101110100 O
b10 R
b10 )
b10 5
b1111110011111110010000111111100 +
b1111110011111110010000111111100 7
b111010001011011001100101110100 *
b111010001011011001100101110100 6
0&
#13195000
13
0:
0>
b11100 C
b10111000101011001011101101110000 D
b10111011101011100111011101111000 <
b1 L
b1000100010100101011100010001000 ;
b1111110011111111011100111111100 8
b111010001011010000000101110100 4
1N
b10 J
b1111110011111110010000111111100 H
b10111000101011001011101101110000 E
b10111011101011100111011101111000 =
b1000000000000000000000000000000 B
b11 ?
b11 @
b111010001011011001100101110100 G
0"
b1010001100 0
b1010001100 1
1&
#13200000
b1010001101 /
0-
0&
#13205000
1"
b1 #
b1 M
0N
1&
#13210000
1-
b1010001110 2
b10000000000000000000000000000000 '
b100110000000101100100110001100000 T
b110001111101000100011000100011110 P
b10101111110001011111001001011111 Q
b11011111110111000011111010111111 O
b110 R
b110 )
b110 5
b10101111110001011111001001011111 +
b10101111110001011111001001011111 7
b11011111110111000011111010111111 *
b11011111110111000011111010111111 6
0&
#13215000
b0 A
09
03
b11111 C
b10001111101000100011000100011110 D
1F
b110000000101100100110001100000 <
1>
b10000000000000000000000000000000 L
b1110000000110011100110011100000 ;
b11111111110111011111111011111111 8
b10001111110001000011001000011111 4
1N
b110 J
b10101111110001011111001001011111 H
b110001111101000100011000100011110 E
b100110000000101100100110001100000 =
b10000000000000000000000000000000 B
b1 ?
b11111111111111111111111111111111 @
b11011111110111000011111010111111 G
0"
b1010001101 0
b1010001101 1
1&
#13220000
b1010001110 /
0-
0&
#13225000
1"
b10000000000000000000000000000000 #
b10000000000000000000000000000000 M
0N
1&
#13230000
1-
b1010001111 2
b10100111111010001000000100000000 '
b100001100011111110011111000011001 T
b101110100110100001001001011101001 P
b10110100001010001010101001101000 Q
b11000000101001111110100010000001 O
b10110100001010001010101001101000 +
b10110100001010001010101001101000 7
b11000000101001111110100010000001 *
b11000000101001111110100010000001 6
0&
#13235000
13
b10100111111010001000000100000000 L
b10100111111010001000000100000000 B
b110000001010011111101000 ?
b11111111110000001010011111101000 @
b1000 C
b1110100110100001001001011101001 D
b1100011111110011111000011001 <
b1110100100011110100001011101001 ;
b11110100101011111110101011101001 8
b10000000001000001010100000000000 4
1N
b10110100001010001010101001101000 H
b101110100110100001001001011101001 E
b100001100011111110011111000011001 =
b11000000101001111110100010000001 G
0"
b1010001110 0
b1010001110 1
1&
#13240000
b1010001111 /
0-
0&
#13245000
1"
b10100111111010001000000100000000 #
b10100111111010001000000100000000 M
0N
1&
#13250000
1-
b1010010000 2
b11111010110111111100100111110101 '
b11111111101110001100011111111111 T
b111111010110111111100100111110101 P
b11111101100100111000000011111011 Q
b11111101010011000100100011111010 O
b0 R
b0 )
b0 5
b11111101100100111000000011111011 +
b11111101100100111000000011111011 7
b11111101010011000100100011111010 *
b11111101010011000100100011111010 6
0&
#13255000
b1 A
19
03
0>
b11011 C
b11111010110111111100100111110101 D
b11111111101110001100011111111111 <
0K
1I
b11111010110111111100100111110101 L
b110111111100100000000001 ;
b11111101110111111100100011111011 8
b11111101000000000000000011111010 4
1N
b0 J
b11111101100100111000000011111011 H
b111111010110111111100100111110101 E
b11111111101110001100011111111111 =
b11010000000000000000000000000000 B
b11111 ?
b11111111111111111111111111111111 @
b11111101010011000100100011111010 G
0"
b1010001111 0
b1010001111 1
1&
#13260000
b1010010000 /
0-
0&
#13265000
1%
1"
b11111010110111111100100111110101 #
b11111010110111111100100111110101 M
0N
1&
#13270000
1-
b1010010001 2
b100101100010000100011001000000 '
b111001011000001100110001110011 T
b11011111110010110111010110111111 P
b11010011001101010101010010100110 Q
b1100100101100010000100011001 O
b110 R
b110 )
b110 5
b11010011001101010101010010100110 +
b11010011001101010101010010100110 7
b1100100101100010000100011001 *
b1100100101100010000100011001 6
0&
#13275000
b0 A
09
03
0:
0F
b110 C
b11011111110010110111010110111111 D
b111001011000001100110001110011 <
0I
b100101100010000100011001000000 L
b11011111101000110111010110111111 ;
b11011111101101110111010110111111 8
b101000000000000000000 4
1N
b110 J
b11010011001101010101010010100110 H
b11011111110010110111010110111111 E
b111001011000001100110001110011 =
b100101100010000100011001000000 B
b1100100101100010000100 ?
b1100100101100010000100 @
b1100100101100010000100011001 G
0"
b1010010000 0
b1010010000 1
1&
#13280000
b1010010001 /
0-
0&
#13285000
0%
1"
b100101100010000100011001000000 #
b100101100010000100011001000000 M
0N
1&
#13290000
1-
b1010010010 2
b11011110010110101110110110111100 '
b110001110001010010010001100100 T
b100100001011001010001001001000010 P
b11110111110011111111011011101111 Q
b101001100101010001101101010011 O
b101 R
b101 )
b101 5
b11110111110011111111011011101111 +
b11110111110011111111011011101111 7
b101001100101010001101101010011 *
b101001100101010001101101010011 6
0&
#13295000
1F
b1111 C
b100001011001010001001001000010 D
b110001110001010010010001100100 <
b11011110010110101110110110111100 L
b11011110010110101110110110111100 ;
b11111111110111111111111111111111 8
b100001100001010001001001000011 4
1N
b101 J
b11110111110011111111011011101111 H
b100100001011001010001001001000010 E
b110001110001010010010001100100 =
b10001101101010011000000000000000 B
b101001100101010 ?
b101001100101010 @
b101001100101010001101101010011 G
0"
b1010010001 0
b1010010001 1
1&
#13300000
b1010010010 /
0-
0&
#13305000
1"
b11011110010110101110110110111100 #
b11011110010110101110110110111100 M
0N
1&
#13310000
1-
b1010010011 2
b10101110000011110011001101011100 '
b110011110000000010001000100111100 T
b101001111101100000100110010011110 P
b1011000110101111001110110110001 Q
b11110110110110001010111011101101 O
b1011000110101111001110110110001 +
b1011000110101111001110110110001 7
b11110110110110001010111011101101 *
b11110110110110001010111011101101 6
0&
#13315000
b1 A
19
0:
1>
b10001 C
b1001111101100000100110010011110 D
b10011110000000010001000100111100 <
b10101110000011110011001101011100 L
b10101110000011110011001101011100 ;
b11111110110111111011111111111101 8
b1010000110100001000110010100001 4
1N
b1011000110101111001110110110001 H
b101001111101100000100110010011110 E
b110011110000000010001000100111100 =
b1011101110110100000000000000000 B
b111101101101100 ?
b11111111111111111111101101101100 @
b11110110110110001010111011101101 G
0"
b1010010010 0
b1010010010 1
1&
#13320000
b1010010011 /
0-
0&
#13325000
1"
b10101110000011110011001101011100 #
b10101110000011110011001101011100 M
0N
1&
#13330000
1-
b1010010100 2
1(
b0 '
0S
b100100001101101101100111001000011 T
b101000011001010010010111010000101 P
b10010000101110010011000000100001 Q
b10110010011011111111111001100100 O
b10 R
b10 )
b10 5
b10010000101110010011000000100001 +
b10010000101110010011000000100001 7
b10110010011011111111111001100100 *
b10110010011011111111111001100100 6
0&
#13335000
13
b0 A
09
b1 C
b1000011001010010010111010000101 D
b100001101101101100111001000011 <
b0 L
b100010110101101100111001000101 ;
b10110010111111111111111001100101 8
b10010000001010010011000000100000 4
1N
b10 J
b10010000101110010011000000100001 H
b101000011001010010010111010000101 E
b100100001101101101100111001000011 =
b1100100110111111111110011001000 B
b1011001001101111111111100110010 ?
b11011001001101111111111100110010 @
b10110010011011111111111001100100 G
0"
b1010010011 0
b1010010011 1
1&
#13340000
b1010010100 /
0-
0&
#13345000
1!
1"
b0 #
b0 M
0N
1&
#13350000
1-
b1010010101 2
0(
b1111111011111111011111111111110 '
b101000110110001001111111010001110 T
b10101111100001000111110101011110 P
b110100010111111011111101101000 Q
b1111011001001001011110111110110 O
b100 R
b100 )
b100 5
b110100010111111011111101101000 +
b110100010111111011111101101000 7
b1111011001001001011110111110110 *
b1111011001001001011110111110110 6
0&
#13355000
b0 A
09
13
0F
b1000 C
b10101111100001000111110101011110 D
b1000110110001001111111010001110 <
1>
b1111111011111111011111111111110 L
b1001111011110110000001010011110 ;
b1111111011111111011111111111110 8
b110000000001001011110101100000 4
1N
b100 J
b110100010111111011111101101000 H
b10101111100001000111110101011110 E
b101000110110001001111111010001110 =
b100100101111011111011000000000 B
b11110110010010010111101 ?
b11110110010010010111101 @
b1111011001001001011110111110110 G
0"
b1010010100 0
b1010010100 1
1&
#13360000
b1010010101 /
0-
0&
#13365000
0!
1"
b1111111011111111011111111111110 #
b1111111011111111011111111111110 M
0N
1&
#13370000
1-
b1010010110 2
b1000001111110011100101010000011 '
b11010010010110000011010110100101 T
b101000001111110011100101010000011 P
b10110111110100001100101001101111 Q
b10001010001010010000000000010100 O
b0 R
b0 )
b0 5
b10110111110100001100101001101111 +
b10110111110100001100101001101111 7
b10001010001010010000000000010100 *
b10001010001010010000000000010100 6
0&
#13375000
b1 A
19
13
0>
1I
1F
b1111 C
b1000001111110011100101010000011 D
b11010010010110000011010110100101 <
1K
b1000001111110011100101010000011 L
b111101111110011100101001111011 ;
b10111111111110011100101001111111 8
b10000010000000000000000000000100 4
1N
b0 J
b10110111110100001100101001101111 H
b101000001111110011100101010000011 E
b11010010010110000011010110100101 =
b10000000000010100000000000000000 B
b10001010001010010 ?
b11111111111111110001010001010010 @
b10001010001010010000000000010100 G
0"
b1010010101 0
b1010010101 1
1&
#13380000
b1010010110 /
0-
0&
#13385000
1$
1%
1"
b1000001111110011100101010000011 #
b1000001111110011100101010000011 M
0N
1&
#13390000
1-
b1010010111 2
b10101001100000011011000101010 '
b101110101101110000111111011101100 T
b10110100101001111110110101101000 P
b11111011101111011011100111110 Q
b10010101001100000011011000101010 O
b11 R
b11 )
b11 5
b11111011101111011011100111110 +
b11111011101111011011100111110 7
b10010101001100000011011000101010 *
b10010101001100000011011000101010 6
0&
#13395000
1:
b1 A
19
03
1>
0F
b11110 C
b10110100101001111110110101101000 D
b1110101101110000111111011101100 <
0K
0I
b10101001100000011011000101010 L
b10001010010001111000000100010100 ;
b10011111011101111011011100111110 8
b10101001100000011011000101010 4
1N
b11 J
b11111011101111011011100111110 H
b10110100101001111110110101101000 E
b101110101101110000111111011101100 =
b10000000000000000000000000000000 B
b10 ?
b11111111111111111111111111111110 @
b10010101001100000011011000101010 G
0"
b1010010110 0
b1010010110 1
1&
#13400000
b1010010111 /
0-
0&
#13405000
0$
0%
1"
b10101001100000011011000101010 #
b10101001100000011011000101010 M
0N
1&
#13410000
1-
b1010011000 2
b11111011101010101110111011 '
b111011000001100101100111110110001 T
b100011111001000110000111000111101 P
b100011011110000001111101000110 Q
b11111011101010101110111011110111 O
b111 R
b111 )
b111 5
b100011011110000001111101000110 +
b100011011110000001111101000110 7
b11111011101010101110111011110111 *
b11111011101010101110111011110111 6
0&
#13415000
0:
b1 A
19
b110 C
b11111001000110000111000111101 D
1F
b11011000001100101100111110110001 <
b11111011101010101110111011 L
b11011000110100101111000110110001 ;
b11111011111110101111111111110111 8
b100011001010000000111001000110 4
1N
b111 J
b100011011110000001111101000110 H
b100011111001000110000111000111101 E
b111011000001100101100111110110001 =
b11101010101110111011110111000000 B
b11111011101010101110111011 ?
b11111111111011101010101110111011 @
b11111011101010101110111011110111 G
0"
b1010010111 0
b1010010111 1
1&
#13420000
b1010011000 /
0-
0&
#13425000
1"
b11111011101010101110111011 #
b11111011101010101110111011 M
0N
1&
#13430000
1-
b1010011001 2
b1101110101111010000101011011101 '
b11001110011111101000100110011101 T
b101101110101111010000101011011101 P
b11010000000111110100000010100000 Q
b10011110100111011100101000111101 O
b0 R
b0 )
b0 5
b11010000000111110100000010100000 +
b11010000000111110100000010100000 7
b10011110100111011100101000111101 *
b10011110100111011100101000111101 6
0&
#13435000
1K
13
b1 A
19
0>
b0 C
b1101110101111010000101011011101 D
b11001110011111101000100110011101 <
1I
b1101110101111010000101011011101 L
b1001110100000101000101010011101 ;
b11011110100111111100101010111101 8
b10010000000111010100000000100000 4
1N
b0 J
b11010000000111110100000010100000 H
b101101110101111010000101011011101 E
b11001110011111101000100110011101 =
b10011110100111011100101000111101 B
b10011110100111011100101000111101 ?
b10011110100111011100101000111101 @
b10011110100111011100101000111101 G
0"
b1010011000 0
b1010011000 1
1&
#13440000
b1010011001 /
0-
0&
#13445000
1$
1%
1"
b1101110101111010000101011011101 #
b1101110101111010000101011011101 M
0N
1&
#13450000
1-
b1010011010 2
b111111101000000000000000000000 '
b100000010111111110000011000000110 T
b11110111100101111010000111101110 P
b1111010010011000100110111110100 Q
b1111101010010110101001111111010 O
b110 R
b110 )
b110 5
b1111010010011000100110111110100 +
b1111010010011000100110111110100 7
b1111101010010110101001111111010 *
b1111101010010110101001111111010 6
0&
#13455000
b0 A
09
13
1>
0F
b10100 C
b11110111100101111010000111101110 D
b10111111110000011000000110 <
0K
0I
b111111101000000000000000000000 L
b111000001110001111000001110 ;
b1111111010011110101111111111110 8
b1111000010010000100000111110000 4
1N
b110 J
b1111010010011000100110111110100 H
b11110111100101111010000111101110 E
b100000010111111110000011000000110 =
b111111101000000000000000000000 B
b11111010100 ?
b11111010100 @
b1111101010010110101001111111010 G
0"
b1010011001 0
b1010011001 1
1&
#13460000
b1010011010 /
0-
0&
#13465000
0$
0%
1"
b111111101000000000000000000000 #
b111111101000000000000000000000 M
0N
1&
#13470000
1-
b1010011011 2
b11001010000010000110000110011 '
b100011001010000010000110000110011 T
b11010000100001011101000110011 P
b11001111101011100000000 Q
b11001101010001110001100110011 O
b1 R
b1 )
b1 5
b11001111101011100000000 +
b11001111101011100000000 7
b11001101010001110001100110011 *
b11001101010001110001100110011 6
0&
#13475000
03
b0 A
09
b0 C
b11010000100001011101000110011 D
b11001010000010000110000110011 <
1>
1I
b11001010000010000110000110011 L
b11001110011110011010000110011 ;
b11001111011111111011100110011 8
b1000001100001100000000 4
1N
b1 J
b11001111101011100000000 H
b11010000100001011101000110011 E
b100011001010000010000110000110011 =
b11001101010001110001100110011 B
b11001101010001110001100110011 ?
b11001101010001110001100110011 @
b11001101010001110001100110011 G
0"
b1010011010 0
b1010011010 1
1&
#13480000
b1010011011 /
0-
0&
#13485000
1%
1"
b11001010000010000110000110011 #
b11001010000010000110000110011 M
0N
1&
#13490000
1-
b1010011100 2
b110111001010110 '
b100110110000101000100111001101100 T
b10100110100110001010100101001100 P
b111000010000100010110101110000 Q
b1101110010101100111101111011100 O
b1000 R
b1000 )
b1000 5
b111000010000100010110101110000 +
b111000010000100010110101110000 7
b1101110010101100111101111011100 *
b1101110010101100111101111011100 6
0&
#13495000
13
b10000 C
b10100110100110001010100101001100 D
b110110000101000100111001101100 <
0I
b110111001010110 L
b1010110000101000101011010101100 ;
b1111110010101100111111111111100 8
b101000010000100010100101010000 4
1N
b1000 J
b111000010000100010110101110000 H
b10100110100110001010100101001100 E
b100110110000101000100111001101100 =
b1111011110111000000000000000000 B
b110111001010110 ?
b110111001010110 @
b1101110010101100111101111011100 G
0"
b1010011011 0
b1010011011 1
1&
#13500000
b1010011100 /
0-
0&
#13505000
0%
1"
b110111001010110 #
b110111001010110 M
0N
1&
#13510000
1-
b1010011101 2
b10010100100100011 '
b110001100101000001111000100011010 T
b10011100100000100110001100111000 P
b111111100001011100100001111 Q
b10010100100100011010101000101001 O
b111 R
b111 )
b111 5
b111111100001011100100001111 +
b111111100001011100100001111 7
b10010100100100011010101000101001 *
b10010100100100011010101000101001 6
0&
#13515000
b1 A
19
03
0:
b1111 C
b10011100100000100110001100111000 D
b10001100101000001111000100011010 <
b10010100100100011 L
b10010011011000010001001100100110 ;
b10010111111100011011101100101111 8
b100100100001010100000001001 4
1N
b111 J
b111111100001011100100001111 H
b10011100100000100110001100111000 E
b110001100101000001111000100011010 =
b11010101000101001000000000000000 B
b10010100100100011 ?
b11111111111111110010100100100011 @
b10010100100100011010101000101001 G
0"
b1010011100 0
b1010011100 1
1&
#13520000
b1010011101 /
0-
0&
#13525000
1"
b10010100100100011 #
b10010100100100011 M
0N
1&
#13530000
1-
b1010011110 2
b1001011000000100101000110010110 '
b11011111110110010001001110111111 T
b10110110110111011100111101101101 P
b1101011100000100101110111010111 Q
b1001011010110110111000110010110 O
b11 R
b11 )
b11 5
b1101011100000100101110111010111 +
b1101011100000100101110111010111 7
b1001011010110110111000110010110 *
b1001011010110110111000110010110 6
0&
#13535000
13
b1 A
19
0>
b10111 C
b10110110110111011100111101101101 D
b11011111110110010001001110111111 <
b1001011000000100101000110010110 L
b100000110110010010110001000001 ;
b1101011110110110111110111010111 8
b1001011000000100101000110010110 4
1N
b11 J
b1101011100000100101110111010111 H
b10110110110111011100111101101101 E
b11011111110110010001001110111111 =
b11001011000000000000000000000000 B
b10010110 ?
b10010110 @
b1001011010110110111000110010110 G
0"
b1010011101 0
b1010011101 1
1&
#13540000
b1010011110 /
0-
0&
#13545000
1"
b1001011000000100101000110010110 #
b1001011000000100101000110010110 M
0N
1&
#13550000
1-
b1010011111 2
b10010011111010111101111100100111 '
b10001110101001100011001100011101 T
b10010100111010111110111100101001 P
b10000011001000101101111000000110 Q
b10001110010010001000100100011 O
b100 R
b100 )
b100 5
b10000011001000101101111000000110 +
b10000011001000101101111000000110 7
b10001110010010001000100100011 *
b10001110010010001000100100011 6
0&
#13555000
03
b0 A
09
1:
b110 C
b10010100111010111110111100101001 D
b10001110101001100011001100011101 <
b10010011111010111101111100100111 L
b10010010111010111100111100100101 ;
b10010011111010111101111100100111 8
b1000000000001000000000010 4
1N
b100 J
b10000011001000101101111000000110 H
b10010100111010111110111100101001 E
b10001110101001100011001100011101 =
b1110010010001000100100011000000 B
b10001110010010001000100 ?
b10001110010010001000100 @
b10001110010010001000100100011 G
0"
b1010011110 0
b1010011110 1
1&
#13560000
b1010011111 /
0-
0&
#13565000
1"
b10010011111010111101111100100111 #
b10010011111010111101111100100111 M
0N
1&
#13570000
1-
b1010100000 2
b100101000000000000000001001010 '
b110000000001100101100011100000000 T
b11001010001111010011100110010100 P
b100101000001010011100101001010 Q
b10100101001110000000000001001010 O
b11 R
b11 )
b11 5
b100101000001010011100101001010 +
b100101000001010011100101001010 7
b10100101001110000000000001001010 *
b10100101001110000000000001001010 6
0&
#13575000
b1 A
19
0:
b1010 C
b11001010001111010011100110010100 D
b10000000001100101100011100000000 <
1>
b100101000000000000000001001010 L
b10000000001111010011100100000000 ;
b10100101001111010011100101001010 8
b100101000000000000000001001010 4
1N
b11 J
b100101000001010011100101001010 H
b11001010001111010011100110010100 E
b110000000001100101100011100000000 =
b11100000000000010010100000000000 B
b1010010100111000000000 ?
b11111111111010010100111000000000 @
b10100101001110000000000001001010 G
0"
b1010011111 0
b1010011111 1
1&
#13580000
b1010100000 /
0-
0&
#13585000
1"
b100101000000000000000001001010 #
b100101000000000000000001001010 M
0N
1&
#13590000
1-
b1010100001 2
b1000001101110010111111 '
b11011100101011111011011110111001 T
b1100101000010011100011011001001 P
b1000100001011010000011110001000 Q
b100000110111001011111101000001 O
b1000 R
b1000 )
b1000 5
b1000100001011010000011110001000 +
b1000100001011010000011110001000 7
b100000110111001011111101000001 *
b100000110111001011111101000001 6
0&
#13595000
b1000 C
b1100101000010011100011011001001 D
b11011100101011111011011110111001 <
0>
b1000001101110010111111 L
b1100100111100011011100011001001 ;
b1100100111111011011111111001001 8
b11000000011100000000 4
1N
b1000 J
b1000100001011010000011110001000 H
b1100101000010011100011011001001 E
b11011100101011111011011110111001 =
b11011100101111110100000100000000 B
b1000001101110010111111 ?
b1000001101110010111111 @
b100000110111001011111101000001 G
0"
b1010100000 0
b1010100000 1
1&
#13600000
b1010100001 /
0-
0&
#13605000
1"
b1000001101110010111111 #
b1000001101110010111111 M
0N
1&
#13610000
1-
b1010100010 2
b111001101110010 '
b110101101111101011101101101011100 T
b100011111110100111001011000111110 P
b111000111011101101110101110001 Q
b11100110111001001011100011001101 O
b111 R
b111 )
b111 5
b111000111011101101110101110001 +
b111000111011101101110101110001 7
b11100110111001001011100011001101 *
b11100110111001001011100011001101 6
0&
#13615000
03
b10001 C
b11111110100111001011000111110 D
1F
b10101101111101011101101101011100 <
1>
b111001101110010 L
b11011110000010100110010110111100 ;
b11111110111011101111110111111101 8
b100000111001001001100001000001 4
1N
b111 J
b111000111011101101110101110001 H
b100011111110100111001011000111110 E
b110101101111101011101101101011100 =
b1110001100110100000000000000000 B
b111001101110010 ?
b11111111111111111111001101110010 @
b11100110111001001011100011001101 G
0"
b1010100001 0
b1010100001 1
1&
#13620000
b1010100010 /
0-
0&
#13625000
1"
b111001101110010 #
b111001101110010 M
0N
1&
#13630000
1-
b1010100011 2
1(
b0 '
b100001010011000110111011000010101 T
b100011101111000101100111000111011 P
b10001001101111111010110000010011 Q
b10010100001000110010001000101000 O
b10 R
b10 )
b10 5
b10001001101111111010110000010011 +
b10001001101111111010110000010011 7
b10010100001000110010001000101000 *
b10010100001000110010001000101000 6
0&
#13635000
13
b0 A
09
b10011 C
b11101111000101100111000111011 D
b1010011000110111011000010101 <
b0 L
b11101100111001000111000111011 ;
b10011101101111111010111000111011 8
b10000000001000110010000000000000 4
1N
b10 J
b10001001101111111010110000010011 H
b100011101111000101100111000111011 E
b100001010011000110111011000010101 =
b10001010000000000000000000000 B
b1001010000100 ?
b11111111111111111111001010000100 @
b10010100001000110010001000101000 G
0"
b1010100010 0
b1010100010 1
1&
#13640000
b1010100011 /
0-
0&
#13645000
1!
1"
b0 #
b0 M
0N
1&
#13650000
1-
b1010100100 2
b100001011010101011011111000010111 T
b101100000101011000000011011000001 P
b10101010101010110010010001010101 Q
b10110110000000001110001001101100 O
b10101010101010110010010001010101 +
b10101010101010110010010001010101 7
b10110110000000001110001001101100 *
b10110110000000001110001001101100 6
0&
#13655000
b10101 C
b1100000101011000000011011000001 D
b1011010101011011111000010111 <
b11100101010111100011000111001 ;
b10111110101010111110011001111101 8
b10100010000000000010000001000100 4
1N
b10101010101010110010010001010101 H
b101100000101011000000011011000001 E
b100001011010101011011111000010111 =
b1001101100000000000000000000000 B
b10110110000 ?
b11111111111111111111110110110000 @
b10110110000000001110001001101100 G
0"
b1010100011 0
b1010100011 1
1&
#13660000
b1010100100 /
0-
0&
#13665000
1"
0N
1&
#13670000
1-
b1010100101 2
0(
b110111000000010000010101101110 '
b101000111100111100101101010001111 T
b10110110101100000111010101101101 P
b110111100010010000110101101111 Q
b1111111001001110110011111111110 O
b11 R
b11 )
b11 5
b110111100010010000110101101111 +
b110111100010010000110101101111 7
b1111111001001110110011111111110 *
b1111111001001110110011111111110 6
0&
#13675000
b0 A
09
13
0F
b1111 C
b10110110101100000111010101101101 D
b1000111100111100101101010001111 <
1>
b110111000000010000010101101110 L
b1001000101011100110101010010001 ;
b1111111101011110110111111111111 8
b110111000000010000010101101110 4
1N
b11 J
b110111100010010000110101101111 H
b10110110101100000111010101101101 E
b101000111100111100101101010001111 =
b10110011111111110000000000000000 B
b1111111001001110 ?
b1111111001001110 @
b1111111001001110110011111111110 G
0"
b1010100100 0
b1010100100 1
1&
#13680000
b1010100101 /
0-
0&
#13685000
0!
1"
b110111000000010000010101101110 #
b110111000000010000010101101110 M
0N
1&
#13690000
1-
b1010100110 2
b1100000000010001000100011000000 '
b10011001010101001101111100110011 T
b101011010111010000011100010110101 P
b11100000110010011010110011000001 Q
b1111010000111101000101111110100 O
b11100000110010011010110011000001 +
b11100000110010011010110011000001 7
b1111010000111101000101111110100 *
b1111010000111101000101111110100 6
0&
#13695000
1:
b0 A
09
03
0>
1F
b1 C
b1011010111010000011100010110101 D
b10011001010101001101111100110011 <
b1100000000010001000100011000000 L
b10011010110101110010011100110101 ;
b11111010110111111010111111110101 8
b1100000000010001000100011000000 4
1N
b11100000110010011010110011000001 H
b101011010111010000011100010110101 E
b10011001010101001101111100110011 =
b11110100001111010001011111101000 B
b111101000011110100010111111010 ?
b111101000011110100010111111010 @
b1111010000111101000101111110100 G
0"
b1010100101 0
b1010100101 1
1&
#13700000
b1010100110 /
0-
0&
#13705000
1"
b1100000000010001000100011000000 #
b1100000000010001000100011000000 M
0N
1&
#13710000
1-
b1010100111 2
b10001000010100010010001000010000 '
b101011101011001000101010010111011 T
b101110110010001101001100011101011 P
b10001100011100010010001000011000 Q
b11101001110101010111011011010011 O
b10001100011100010010001000011000 +
b10001100011100010010001000011000 7
b11101001110101010111011011010011 *
b11101001110101010111011011010011 6
0&
#13715000
13
0:
b11000 C
b1110110010001101001100011101011 D
b1011101011001000101010010111011 <
1>
b10001000010100010010001000010000 L
b1100101101001000101010011001011 ;
b11101101111101010111011011011011 8
b10001000010100010010001000010000 4
1N
b10001100011100010010001000011000 H
b101110110010001101001100011101011 E
b101011101011001000101010010111011 =
b11010011000000000000000000000000 B
b11101001 ?
b11111111111111111111111111101001 @
b11101001110101010111011011010011 G
0"
b1010100110 0
b1010100110 1
1&
#13720000
b1010100111 /
0-
0&
#13725000
1"
b10001000010100010010001000010000 #
b10001000010100010010001000010000 M
0N
1&
#13730000
1-
b1010101000 2
b1010100100010000100111110101001 '
b11011010001101001010111110110100 T
b11010011011010000100111110100110 P
b1111100100110011100111111111001 Q
b1010110110011100111111110101101 O
b1111100100110011100111111111001 +
b1111100100110011100111111111001 7
b1010110110011100111111110101101 *
b1010110110011100111111110101101 6
0&
#13735000
b1 A
19
13
b11001 C
b11010011011010000100111110100110 D
0F
b11011010001101001010111110110100 <
0>
b1010100100010000100111110101001 L
b101010010101111011000001010100 ;
b1111110110111111111111111111101 8
b1010100100010000100111110101001 4
1N
b1111100100110011100111111111001 H
b11010011011010000100111110100110 E
b11011010001101001010111110110100 =
b1011010000000000000000000000000 B
b101011 ?
b101011 @
b1010110110011100111111110101101 G
0"
b1010100111 0
b1010100111 1
1&
#13740000
b1010101000 /
0-
0&
#13745000
1"
b1010100100010000100111110101001 #
b1010100100010000100111110101001 M
0N
1&
#13750000
1-
b1010101001 2
1(
b0 '
b11010001110100000101011110100011 T
b11110110111110111010101111101101 P
b10010010100101011010101000100101 Q
b1100100011001100000000111001000 O
b10 R
b10 )
b10 5
b10010010100101011010101000100101 +
b10010010100101011010101000100101 7
b1100100011001100000000111001000 *
b1100100011001100000000111001000 6
0&
#13755000
03
b0 A
09
1:
b101 C
b11110110111110111010101111101101 D
b11010001110100000101011110100011 <
b0 L
b11110110111100111010101111101101 ;
b11110110111101111010101111101101 8
b1000000000000000000 4
1N
b10 J
b10010010100101011010101000100101 H
b11110110111110111010101111101101 E
b11010001110100000101011110100011 =
b10001100110000000011100100000000 B
b11001000110011000000001110 ?
b11001000110011000000001110 @
b1100100011001100000000111001000 G
0"
b1010101000 0
b1010101000 1
1&
#13760000
b1010101001 /
0-
0&
#13765000
1!
1"
b0 #
b0 M
0N
1&
#13770000
1-
b1010101010 2
0(
b11110101111011101110101111101011 '
b100110010111001011001110001100101 T
b100010101111100101111010000101011 P
b1110001100001101010101111100011 Q
b10100100011011000100100001001000 O
b100 R
b100 )
b100 5
b1110001100001101010101111100011 +
b1110001100001101010101111100011 7
b10100100011011000100100001001000 *
b10100100011011000100100001001000 6
0&
#13775000
b1 A
19
1:
b11 C
b10101111100101111010000101011 D
1F
b110010111001011001110001100101 <
1>
b11110101111011101110101111101011 L
b11010101111010101110001110101011 ;
b11110101111011101110101111101011 8
b100000000001000000100001000000 4
1N
b100 J
b1110001100001101010101111100011 H
b100010101111100101111010000101011 E
b100110010111001011001110001100101 =
b100011011000100100001001000000 B
b10100100011011000100100001001 ?
b11110100100011011000100100001001 @
b10100100011011000100100001001000 G
0"
b1010101001 0
b1010101001 1
1&
#13780000
b1010101010 /
0-
0&
#13785000
0!
1"
b11110101111011101110101111101011 #
b11110101111011101110101111101011 M
0N
1&
#13790000
1-
b1010101011 2
b101001101111110100000000000000 '
b100100011000001000100111001000110 T
b10101101000100001001000101011010 P
b1000101000001100010000110001010 Q
b1101000000010100110111111010000 O
b110 R
b110 )
b110 5
b1000101000001100010000110001010 +
b1000101000001100010000110001010 7
b1101000000010100110111111010000 *
b1101000000010100110111111010000 6
0&
#13795000
b0 A
09
13
0:
b1010 C
b10101101000100001001000101011010 D
0F
b100011000001000100111001000110 <
1>
b101001101111110100000000000000 L
b101101000011000100111001011010 ;
b1101101000011100110111111011010 8
b1000000000000100010000110000000 4
1N
b110 J
b1000101000001100010000110001010 H
b10101101000100001001000101011010 E
b100100011000001000100111001000110 =
b101001101111110100000000000000 B
b110100000001010011011 ?
b110100000001010011011 @
b1101000000010100110111111010000 G
0"
b1010101010 0
b1010101010 1
1&
#13800000
b1010101011 /
0-
0&
#13805000
1"
b101001101111110100000000000000 #
b101001101111110100000000000000 M
0N
1&
#13810000
1-
b1010101100 2
b10110000001000100001000001100000 '
b11111011011101110001110111110111 T
b101101011110111010100111011010111 P
b10111000001100110001100001110000 Q
b10110011101010100011011001100111 O
b11 R
b11 )
b11 5
b10111000001100110001100001110000 +
b10111000001100110001100001110000 7
b10110011101010100011011001100111 *
b10110011101010100011011001100111 6
0&
#13815000
b1 A
19
13
0>
1F
b10000 C
b1101011110111010100111011010111 D
b11111011011101110001110111110111 <
b10110000001000100001000001100000 L
b1011100110010010111000010111 ;
b10111011101110110011111001110111 8
b10110000001000100001000001100000 4
1N
b11 J
b10111000001100110001100001110000 H
b101101011110111010100111011010111 E
b11111011011101110001110111110111 =
b110110011001110000000000000000 B
b1011001110101010 ?
b11111111111111111011001110101010 @
b10110011101010100011011001100111 G
0"
b1010101011 0
b1010101011 1
1&
#13820000
b1010101100 /
0-
0&
#13825000
1"
b10110000001000100001000001100000 #
b10110000001000100001000001100000 M
0N
1&
#13830000
1-
b1010101101 2
b1010111100110001010111010101110 '
b100001001000110010011000000010010 T
b1010111100110001010111010101110 P
b100111001111111011111101001110 Q
b110000010110001110111101100000 O
b0 R
b0 )
b0 5
b100111001111111011111101001110 +
b100111001111111011111101001110 7
b110000010110001110111101100000 *
b110000010110001110111101100000 6
0&
#13835000
b0 A
09
03
1>
b1110 C
b1010111100110001010111010101110 D
0F
b1001000110010011000000010010 <
0K
0I
b1010111100110001010111010101110 L
b10111011001110101000000101110 ;
b110111011111111111111101101110 8
b100000000110001010111101000000 4
1N
b0 J
b100111001111111011111101001110 H
b1010111100110001010111010101110 E
b100001001000110010011000000010010 =
b111011110110000000000000000000 B
b1100000101100011 ?
b1100000101100011 @
b110000010110001110111101100000 G
0"
b1010101100 0
b1010101100 1
1&
#13840000
b1010101101 /
0-
0&
#13845000
1"
b1010111100110001010111010101110 #
b1010111100110001010111010101110 M
0N
1&
#13850000
1-
b1010101110 2
b11111111110111011111011111111111 '
b10101110100001111001110101011101 T
b100100001001100110000101001000001 P
b10111001010101011011011001110010 Q
b1100111110111010101001111001111 O
b100 R
b100 )
b100 5
b10111001010101011011011001110010 +
b10111001010101011011011001110010 7
b1100111110111010101001111001111 *
b1100111110111010101001111001111 6
0&
#13855000
1:
b0 A
09
0>
1F
b10010 C
b100001001100110000101001000001 D
b10101110100001111001110101011101 <
b11111111110111011111011111111111 L
b11011110100010001110010110111101 ;
b11111111110111011111011111111111 8
b100001010101010001001001000010 4
1N
b100 J
b10111001010101011011011001110010 H
b100100001001100110000101001000001 E
b10101110100001111001110101011101 =
b1001111001111000000000000000000 B
b1100111110111 ?
b1100111110111 @
b1100111110111010101001111001111 G
0"
b1010101101 0
b1010101101 1
1&
#13860000
b1010101110 /
0-
0&
#13865000
1"
b11111111110111011111011111111111 #
b11111111110111011111011111111111 M
0N
1&
#13870000
1-
b1010101111 2
b11110010111 '
b10101111000011101110011101011110 T
b101000011111000011110110010000110 P
b11001010011010011000001010010100 Q
b1111001011110000110100111110010 O
b1000 R
b1000 )
b1000 5
b11001010011010011000001010010100 +
b11001010011010011000001010010100 7
b1111001011110000110100111110010 *
b1111001011110000110100111110010 6
0&
#13875000
b10100 C
b1000011111000011110110010000110 D
b10101111000011101110011101011110 <
b11110010111 L
b10110011000100011110101101100110 ;
b11111011011110011110101111110110 8
b1001000011010000000000010010000 4
1N
b1000 J
b11001010011010011000001010010100 H
b101000011111000011110110010000110 E
b10101111000011101110011101011110 =
b10011111001000000000000000000000 B
b11110010111 ?
b11110010111 @
b1111001011110000110100111110010 G
0"
b1010101110 0
b1010101110 1
1&
#13880000
b1010101111 /
0-
0&
#13885000
1"
b11110010111 #
b11110010111 M
0N
1&
#13890000
1-
b1010110000 2
b11111100010111011110100111111000 '
b110100111101101001000011101010000 T
b101000000010111100100101010000000 P
b1001100010101001110000110011000 Q
b11110100000010010110100011101000 O
b100 R
b100 )
b100 5
b1001100010101001110000110011000 +
b1001100010101001110000110011000 7
b11110100000010010110100011101000 *
b11110100000010010110100011101000 6
0&
#13895000
b1 A
19
0:
b11000 C
b1000000010111100100101010000000 D
b10100111101101001000011101010000 <
1>
b11111100010111011110100111111000 L
b10111000010111011000100101110000 ;
b11111100010111011110100111111000 8
b1000100000000000110000010001000 4
1N
b100 J
b1001100010101001110000110011000 H
b101000000010111100100101010000000 E
b110100111101101001000011101010000 =
b11101000000000000000000000000000 B
b11110100 ?
b11111111111111111111111111110100 @
b11110100000010010110100011101000 G
0"
b1010101111 0
b1010101111 1
1&
#13900000
b1010110000 /
0-
0&
#13905000
1"
b11111100010111011110100111111000 #
b11111100010111011110100111111000 M
0N
1&
#13910000
1-
b1010110001 2
b110011010111001010010001100110 '
b11010010101111000110001110100110 T
b11001011010111001011101110010110 P
b1111100010100000010101111111000 Q
b1001111000011001000111110011110 O
b101 R
b101 )
b101 5
b1111100010100000010101111111000 +
b1111100010100000010101111111000 7
b1001111000011001000111110011110 *
b1001111000011001000111110011110 6
0&
#13915000
13
b1 A
19
0>
b11001011010111001011101110010110 D
0F
b11010010101111000110001110100110 <
b110011010111001010010001100110 L
b110011010111001010010001100110 ;
b1111111010111001010111111111110 8
b1001100000000000000101110011000 4
1N
b101 J
b1111100010100000010101111111000 H
b11001011010111001011101110010110 E
b11010010101111000110001110100110 =
b10011110000000000000000000000000 B
b1001111 ?
b1001111 @
b1001111000011001000111110011110 G
0"
b1010110000 0
b1010110000 1
1&
#13920000
b1010110001 /
0-
0&
#13925000
1"
b110011010111001010010001100110 #
b110011010111001010010001100110 M
0N
1&
#13930000
1-
b1010110010 2
b110001101010110100000 '
b11100001000010100101000111000010 T
b110101100010011111011011101011000 P
b11100101101000101011001011001011 Q
b11000110101011010000010010001101 O
b111 R
b111 )
b111 5
b11100101101000101011001011001011 +
b11100101101000101011001011001011 7
b11000110101011010000010010001101 *
b11000110101011010000010010001101 6
0&
#13935000
b1 A
19
03
b1011 C
b10101100010011111011011101011000 D
1F
b11100001000010100101000111000010 <
0>
b110001101010110100000 L
b100011000011111011011001000110 ;
b11100111101011111011011011001111 8
b11000100101000000000000010001001 4
1N
b111 J
b11100101101000101011001011001011 H
b110101100010011111011011101011000 E
b11100001000010100101000111000010 =
b1101000001001000110100000000000 B
b110001101010110100000 ?
b11111111111110001101010110100000 @
b11000110101011010000010010001101 G
0"
b1010110001 0
b1010110001 1
1&
#13940000
b1010110010 /
0-
0&
#13945000
1"
b110001101010110100000 #
b110001101010110100000 M
0N
1&
#13950000
1-
b1010110011 2
b11011111111000111110111110111111 '
b110111011101111111001011101110111 T
b11110100000000111111010111100111 P
b11100001000100010111100111000 Q
b11010111111000011100011010101111 O
b100 R
b100 )
b100 5
b11100001000100010111100111000 +
b11100001000100010111100111000 7
b11010111111000011100011010101111 *
b11010111111000011100011010101111 6
0&
#13955000
1>
0F
b11000 C
b11110100000000111111010111100111 D
b10111011101111111001011101110111 <
b11011111111000111110111110111111 L
b11001011110000111110100110010111 ;
b11011111111000111110111110111111 8
b10100001000000000011000101000 4
1N
b100 J
b11100001000100010111100111000 H
b11110100000000111111010111100111 E
b110111011101111111001011101110111 =
b10101111000000000000000000000000 B
b11010111 ?
b11111111111111111111111111010111 @
b11010111111000011100011010101111 G
0"
b1010110010 0
b1010110010 1
1&
#13960000
b1010110011 /
0-
0&
#13965000
1"
b11011111111000111110111110111111 #
b11011111111000111110111110111111 M
0N
1&
#13970000
1-
b1010110100 2
b11000001001001100111111110000001 '
b100011111011101000110110000111111 T
b11000001001001100111111110000001 P
b1010000110110010000100110100001 Q
b1110000010011010111010111100000 O
b0 R
b0 )
b0 5
b1010000110110010000100110100001 +
b1010000110110010000100110100001 7
b1110000010011010111010111100000 *
b1110000010011010111010111100000 6
0&
#13975000
1K
13
b0 A
09
b1 C
b11000001001001100111111110000001 D
b11111011101000110110000111111 <
b11000001001001100111111110000001 L
b100000100101000111110001000001 ;
b1110000110111010111110111100001 8
b1010000010010010000000110100000 4
1N
b0 J
b1010000110110010000100110100001 H
b11000001001001100111111110000001 E
b100011111011101000110110000111111 =
b11100000100110101110101111000000 B
b111000001001101011101011110000 ?
b111000001001101011101011110000 @
b1110000010011010111010111100000 G
0"
b1010110011 0
b1010110011 1
1&
#13980000
b1010110100 /
0-
0&
#13985000
1$
1"
b11000001001001100111111110000001 #
b11000001001001100111111110000001 M
0N
1&
#13990000
1-
b1010110101 2
b11111001011011010111001111110011 '
b11111001011011010111001111110011 T
b110011011010001010000110100110101 P
b11010000111010111100110010100001 Q
b11001010010110010100000010010100 O
b1 R
b1 )
b1 5
b11010000111010111100110010100001 +
b11010000111010111100110010100001 7
b11001010010110010100000010010100 *
b11001010010110010100000010010100 6
0&
#13995000
b1 A
19
03
0>
b10011011010001010000110100110101 D
1F
b11111001011011010111001111110011 <
0I
0K
b11111001011011010111001111110011 L
b11010101100101000110000110101 ;
b11011010111110111100110010110101 8
b11000000010010010100000010000000 4
1N
b1 J
b11010000111010111100110010100001 H
b110011011010001010000110100110101 E
b11111001011011010111001111110011 =
b10010100101100101000000100101000 B
b1100101001011001010000001001010 ?
b11100101001011001010000001001010 @
b11001010010110010100000010010100 G
0"
b1010110100 0
b1010110100 1
1&
#14000000
b1010110101 /
0-
0&
#14005000
0$
1"
b11111001011011010111001111110011 #
b11111001011011010111001111110011 M
0N
1&
#14010000
1-
b1010110110 2
b10010101111011101000000100 '
b11111110001011010100010111111100 T
b100011010110000100010001000110 P
b10010100101010111111100100101 Q
b10000110000101100010100100001 O
b101 R
b101 )
b101 5
b10010100101010111111100100101 +
b10010100101010111111100100101 7
b10000110000101100010100100001 *
b10000110000101100010100100001 6
0&
#14015000
b1 A
19
03
b101 C
b100011010110000100010001000110 D
0F
b11111110001011010100010111111100 <
b10010101111011101000000100 L
b10010101111011101000000100 ;
b10010110101111111111100100101 8
b10000100000000100010100100001 4
1N
b101 J
b10010100101010111111100100101 H
b100011010110000100010001000110 E
b11111110001011010100010111111100 =
b11000010110001010010000100000 B
b100001100001011000101001 ?
b100001100001011000101001 @
b10000110000101100010100100001 G
0"
b1010110101 0
b1010110101 1
1&
#14020000
b1010110110 /
0-
0&
#14025000
1"
b10010101111011101000000100 #
b10010101111011101000000100 M
0N
1&
#14030000
1-
b1010110111 2
b10011011001111110100000100110 '
b111010111110000011110010110110000 T
b100010011011001111110100000100110 P
b11101110100110000000100111011 Q
b11110101100101001110011011101011 O
b0 R
b0 )
b0 5
b11101110100110000000100111011 +
b11101110100110000000100111011 7
b11110101100101001110011011101011 *
b11110101100101001110011011101011 6
0&
#14035000
0K
03
1I
b11011 C
b10011011001111110100000100110 D
1F
b11010111110000011110010110110000 <
1>
b10011011001111110100000100110 L
b11101000010001111110011111010000 ;
b11111101110101111110011111111011 8
b10101100100000000000000101011 4
1N
b0 J
b11101110100110000000100111011 H
b100010011011001111110100000100110 E
b111010111110000011110010110110000 =
b1011000000000000000000000000000 B
b11110 ?
b11111111111111111111111111111110 @
b11110101100101001110011011101011 G
0"
b1010110110 0
b1010110110 1
1&
#14040000
b1010110111 /
0-
0&
#14045000
1%
1"
b10011011001111110100000100110 #
b10011011001111110100000100110 M
0N
1&
#14050000
1-
b1010111000 2
b11011111010101111111111110111110 '
b101001001001011100100111010010010 T
b11100101010110010010110111001010 P
b1001110000101010110111110011100 Q
b10010111010000111011111000101110 O
b100 R
b100 )
b100 5
b1001110000101010110111110011100 +
b1001110000101010110111110011100 7
b10010111010000111011111000101110 *
b10010111010000111011111000101110 6
0&
#14055000
1:
b1 A
19
b11100 C
b11100101010110010010110111001010 D
0F
b1001001001011100100111010010010 <
0I
b11011111010101111111111110111110 L
b11011001010101101101000110110010 ;
b11011111010101111111111110111110 8
b110000000010010111000001100 4
1N
b100 J
b1001110000101010110111110011100 H
b11100101010110010010110111001010 E
b101001001001011100100111010010010 =
b11100000000000000000000000000000 B
b1001 ?
b11111111111111111111111111111001 @
b10010111010000111011111000101110 G
0"
b1010110111 0
b1010110111 1
1&
#14060000
b1010111000 /
0-
0&
#14065000
0%
1"
b11011111010101111111111110111110 #
b11011111010101111111111110111110 M
0N
1&
#14070000
1-
b1010111001 2
b10011011011100111110011100110110 '
b1111011010011111110001011110110 T
b10011011011101101110101100110110 P
b10010000000100111000010000100000 Q
b1011011000110110011100010110 O
b10010000000100111000010000100000 +
b10010000000100111000010000100000 7
b1011011000110110011100010110 *
b1011011000110110011100010110 6
0&
#14075000
b0 A
09
0:
b0 C
b10011011011101101110101100110110 D
b1111011010011111110001011110110 <
0>
b10011011011100111110011100110110 L
b10011011011100001110001100110110 ;
b10011011011100111110011100110110 8
b110000010000000000 4
1N
b10010000000100111000010000100000 H
b10011011011101101110101100110110 E
b1111011010011111110001011110110 =
b1011011000110110011100010110 B
b1011011000110110011100010110 ?
b1011011000110110011100010110 @
b1011011000110110011100010110 G
0"
b1010111000 0
b1010111000 1
1&
#14080000
b1010111001 /
0-
0&
#14085000
1"
b10011011011100111110011100110110 #
b10011011011100111110011100110110 M
0N
1&
#14090000
1-
b1010111010 2
b10110100111111111011000101101 '
b100010110100111111111011000101101 T
b110101011110000111110011101010111 P
b11001010100100011111100010010101 Q
b11100001001100011110111011000010 O
b1 R
b1 )
b1 5
b11001010100100011111100010010101 +
b11001010100100011111100010010101 7
b11100001001100011110111011000010 *
b11100001001100011110111011000010 6
0&
#14095000
1I
b10101 C
b10101011110000111110011101010111 D
1F
b10110100111111111011000101101 <
1>
b10110100111111111011000101101 L
b101011101000000001011001010111 ;
b11101011101100011111111011010111 8
b11000000000100011110100010000000 4
1N
b1 J
b11001010100100011111100010010101 H
b110101011110000111110011101010111 E
b100010110100111111111011000101101 =
b11011000010000000000000000000000 B
b11100001001 ?
b11111111111111111111111100001001 @
b11100001001100011110111011000010 G
0"
b1010111001 0
b1010111001 1
1&
#14100000
b1010111010 /
0-
0&
#14105000
1%
1"
b10110100111111111011000101101 #
b10110100111111111011000101101 M
0N
1&
#14110000
1-
b1010111011 2
b10010110111111101111101100101101 '
b110010100001100010101000100101000 T
b10011001101001110000001100110010 P
b10101110101101100100000101 Q
b10010110111011000010101000101101 O
b100 R
b100 )
b100 5
b10101110101101100100000101 +
b10101110101101100100000101 7
b10010110111011000010101000101101 *
b10010110111011000010101000101101 6
0&
#14115000
b1 A
19
0F
b101 C
b10011001101001110000001100110010 D
b10010100001100010101000100101000 <
1>
0I
b10010110111111101111101100101101 L
b10010100010101101111001100101000 ;
b10010110111111101111101100101101 8
b10101010000000100000000101 4
1N
b100 J
b10101110101101100100000101 H
b10011001101001110000001100110010 E
b110010100001100010101000100101000 =
b11011101100001010100010110100000 B
b100101101110110000101010001 ?
b11111100101101110110000101010001 @
b10010110111011000010101000101101 G
0"
b1010111010 0
b1010111010 1
1&
#14120000
b1010111011 /
0-
0&
#14125000
0%
1"
b10010110111111101111101100101101 #
b10010110111111101111101100101101 M
0N
1&
#14130000
1-
b1010111100 2
b1 '
1S
b100001111010010011010101000011111 T
b11111000000000011001010111101111 P
b1110100010110111111010111101000 Q
b10000011101001011010000000000111 O
b10 R
b10 )
b10 5
b1110100010110111111010111101000 +
b1110100010110111111010111101000 7
b10000011101001011010000000000111 *
b10000011101001011010000000000111 6
0&
#14135000
1:
b1 A
19
b1000 C
b11111000000000011001010111101111 D
b1111010010011010101000011111 <
b1 L
b11110111111111100101010111101111 ;
b11110111111111111111010111101111 8
b11010000000000000 4
1N
b10 J
b1110100010110111111010111101000 H
b11111000000000011001010111101111 E
b100001111010010011010101000011111 =
b10100101101000000000011100000000 B
b100000111010010110100000 ?
b11111111100000111010010110100000 @
b10000011101001011010000000000111 G
0"
b1010111011 0
b1010111011 1
1&
#14140000
b1010111100 /
0-
0&
#14145000
1"
b1 #
b1 M
0N
1&
#14150000
1-
b1010111101 2
b110011000001101101100000 '
b110010111111101110010100100110000 T
b100000000001111111001100000000000 P
b110100001001000011011101101000 Q
b11001100000110110110000010011000 O
b111 R
b111 )
b111 5
b110100001001000011011101101000 +
b110100001001000011011101101000 7
b11001100000110110110000010011000 *
b11001100000110110110000010011000 6
0&
#14155000
0:
b1 A
19
b1111111001100000000000 D
1F
b10010111111101110010100100110000 <
b110011000001101101100000 L
b11111000001111110101011111110000 ;
b11111100001111110111011111111000 8
b100000000000010000000001000 4
1N
b111 J
b110100001001000011011101101000 H
b100000000001111111001100000000000 E
b110010111111101110010100100110000 =
b11011011000001001100000000000 B
b110011000001101101100000 ?
b11111111110011000001101101100000 @
b11001100000110110110000010011000 G
0"
b1010111100 0
b1010111100 1
1&
#14160000
b1010111101 /
0-
0&
#14165000
1"
b110011000001101101100000 #
b110011000001101101100000 M
0N
1&
#14170000
1-
b1010111110 2
b1000001011100011110010010000010 '
b101010110000000011110000010101100 T
b101000001011100011110010010000010 P
b1110101101110000000000111101011 Q
b11001011101110011110001010010111 O
b0 R
b0 )
b0 5
b1110101101110000000000111101011 +
b1110101101110000000000111101011 7
b11001011101110011110001010010111 *
b11001011101110011110001010010111 6
0&
#14175000
1:
b1 A
19
b1011 C
b1000001011100011110010010000010 D
b1010110000000011110000010101100 <
1I
b1000001011100011110010010000010 L
b10111110000000011110001101111100 ;
b11111111101110011110001111111111 8
b1000001101110000000000010000011 4
1N
b0 J
b1110101101110000000000111101011 H
b101000001011100011110010010000010 E
b101010110000000011110000010101100 =
b11001111000101001011100000000000 B
b110010111011100111100 ?
b11111111111110010111011100111100 @
b11001011101110011110001010010111 G
0"
b1010111101 0
b1010111101 1
1&
#14180000
b1010111110 /
0-
0&
#14185000
1%
1"
b1000001011100011110010010000010 #
b1000001011100011110010010000010 M
0N
1&
#14190000
1-
b1010111111 2
b10111011111111011111101101110111 '
b101110010100110010101100011100101 T
b11000101000000101000101110001001 P
b101001001101001001100101010010 Q
b10011011110011011111001000110111 O
b100 R
b100 )
b100 5
b101001001101001001100101010010 +
b101001001101001001100101010010 7
b10011011110011011111001000110111 *
b10011011110011011111001000110111 6
0&
#14195000
0F
b10010 C
b11000101000000101000101110001001 D
b1110010100110010101100011100101 <
0I
b10111011111111011111101101110111 L
b10110010111110010110101101100101 ;
b10111011111111011111101101110111 8
b1001000001001001000000010010 4
1N
b100 J
b101001001101001001100101010010 H
b11000101000000101000101110001001 E
b101110010100110010101100011100101 =
b11001000110111000000000000000000 B
b10011011110011 ?
b11111111111111111110011011110011 @
b10011011110011011111001000110111 G
0"
b1010111110 0
b1010111110 1
1&
#14200000
b1010111111 /
0-
0&
#14205000
0%
1"
b10111011111111011111101101110111 #
b10111011111111011111101101110111 M
0N
1&
#14210000
1-
b1011000000 2
b1111110000111100000011011111101 '
b1111110000111100000011011111101 T
b100000101000100101111100000001001 P
b11000011011110100111100010000110 Q
b1000001100110000111111110000011 O
b1 R
b1 )
b1 5
b11000011011110100111100010000110 +
b11000011011110100111100010000110 7
b1000001100110000111111110000011 *
b1000001100110000111111110000011 6
0&
#14215000
b0 A
09
0:
0>
1F
b110 C
b101000100101111100000001001 D
b1111110000111100000011011111101 <
0K
0I
b1111110000111100000011011111101 L
b10000010111000100000011100000101 ;
b11000011111110100111111110000111 8
b1000001000110000111100010000010 4
1N
b1 J
b11000011011110100111100010000110 H
b100000101000100101111100000001001 E
b1111110000111100000011011111101 =
b1100110000111111110000011000000 B
b1000001100110000111111110 ?
b1000001100110000111111110 @
b1000001100110000111111110000011 G
0"
b1010111111 0
b1010111111 1
1&
#14220000
b1011000000 /
0-
0&
#14225000
1"
b1111110000111100000011011111101 #
b1111110000111100000011011111101 M
0N
1&
#14230000
1-
b1011000001 2
b11000000101001000110000110000 '
b10011110011001101101000100111101 T
b11010011000101000100100110100101 P
b10011010010101101011110000110100 Q
b111000101111011000110101110001 O
b11 R
b11 )
b11 5
b10011010010101101011110000110100 +
b10011010010101101011110000110100 7
b111000101111011000110101110001 *
b111000101111011000110101110001 6
0&
#14235000
1:
b0 A
09
b10100 C
b11010011000101000100100110100101 D
0F
b10011110011001101101000100111101 <
b11000000101001000110000110000 L
b10100010111010110011000101000101 ;
b10111010111111111011110101110101 8
b11000000101001000110000110000 4
1N
b11 J
b10011010010101101011110000110100 H
b11010011000101000100100110100101 E
b10011110011001101101000100111101 =
b11010111000100000000000000000000 B
b1110001011 ?
b1110001011 @
b111000101111011000110101110001 G
0"
b1011000000 0
b1011000000 1
1&
#14240000
b1011000001 /
0-
0&
#14245000
1"
b11000000101001000110000110000 #
b11000000101001000110000110000 M
0N
1&
#14250000
1-
b1011000010 2
b10111011011001110111101001110110 '
b100000000111000101000101000000010 T
b101110011101010010111101011100110 P
b10111001011000110111100001110010 Q
b10111010010001100000001001110100 O
b100 R
b100 )
b100 5
b10111001011000110111100001110010 +
b10111001011000110111100001110010 7
b10111010010001100000001001110100 *
b10111010010001100000001001110100 6
0&
#14255000
13
0:
b10010 C
b1110011101010010111101011100110 D
1F
b111000101000101000000010 <
1>
b10111011011001110111101001110110 L
b11001001010111101000000110 ;
b10111011011001110111101001110110 8
b10111000010000100000000001110000 4
1N
b100 J
b10111001011000110111100001110010 H
b101110011101010010111101011100110 E
b100000000111000101000101000000010 =
b1001110100000000000000000000 B
b10111010010001 ?
b11111111111111111110111010010001 @
b10111010010001100000001001110100 G
0"
b1011000001 0
b1011000001 1
1&
#14260000
b1011000010 /
0-
0&
#14265000
1"
b10111011011001110111101001110110 #
b10111011011001110111101001110110 M
0N
1&
#14270000
1-
b1011000011 2
b10011111000110111000010100111110 '
b110010010111101010111101100100110 T
b101011111011000111011101010111110 P
b1100110001101110001111111001100 Q
b11111001001011001001101011110010 O
b101 R
b101 )
b101 5
b1100110001101110001111111001100 +
b1100110001101110001111111001100 7
b11111001001011001001101011110010 *
b11111001001011001001101011110010 6
0&
#14275000
b1 A
19
03
0:
b1100 C
b1011111011000111011101010111110 D
b10010010111101010111101100100110 <
b10011111000110111000010100111110 L
b10011111000110111000010100111110 ;
b11111111001111111001111111111110 8
b1100000001001000001101011000000 4
1N
b101 J
b1100110001101110001111111001100 H
b101011111011000111011101010111110 E
b110010010111101010111101100100110 =
b11001001101011110010000000000000 B
b11111001001011001001 ?
b11111111111111111001001011001001 @
b11111001001011001001101011110010 G
0"
b1011000010 0
b1011000010 1
1&
#14280000
b1011000011 /
0-
0&
#14285000
1"
b10011111000110111000010100111110 #
b10011111000110111000010100111110 M
0N
1&
#14290000
1-
b1011000100 2
b11111100010000101101101110001000 '
b110100001111100101101101101000100 T
b11100110011010001001010111001100 P
b100010001110101101110101000100 Q
b11000100001011011011100010001000 O
b1000 R
b1000 )
b1000 5
b100010001110101101110101000100 +
b100010001110101101110101000100 7
b11000100001011011011100010001000 *
b11000100001011011011100010001000 6
0&
#14295000
0:
b1 A
19
0F
b100 C
b11100110011010001001010111001100 D
b10100001111100101101101101000100 <
b11111100010000101101101110001000 L
b11100110000101110110010111001100 ;
b11100110001111111111110111001100 8
b1010001001100000000000 4
1N
b1000 J
b100010001110101101110101000100 H
b11100110011010001001010111001100 E
b110100001111100101101101101000100 =
b1000010110110111000100010000000 B
b1100010000101101101110001000 ?
b11111100010000101101101110001000 @
b11000100001011011011100010001000 G
0"
b1011000011 0
b1011000011 1
1&
#14300000
b1011000100 /
0-
0&
#14305000
1"
b11111100010000101101101110001000 #
b11111100010000101101101110001000 M
0N
1&
#14310000
1-
b1011000101 2
b1000001010100100100 '
b1111011000100100101000011110110 T
b100000111100100100100011000001110 P
b11000110001111111111101010001100 Q
b1000001010100100100101110000010 O
b11000110001111111111101010001100 +
b11000110001111111111101010001100 7
b1000001010100100100101110000010 *
b1000001010100100100101110000010 6
0&
#14315000
b0 A
09
0:
0>
1F
b1100 C
b111100100100100011000001110 D
b1111011000100100101000011110110 <
b1000001010100100100 L
b10000111011011011011000100001110 ;
b11000111011111111111101110001110 8
b1000000000100100100101010000000 4
1N
b11000110001111111111101010001100 H
b100000111100100100100011000001110 E
b1111011000100100101000011110110 =
b100100101110000010000000000000 B
b1000001010100100100 ?
b1000001010100100100 @
b1000001010100100100101110000010 G
0"
b1011000100 0
b1011000100 1
1&
#14320000
b1011000101 /
0-
0&
#14325000
1"
b1000001010100100100 #
b1000001010100100100 M
0N
1&
#14330000
1-
b1011000110 2
b110010110000010110111001100101 '
b100110010110000010110111001100101 T
b111000010000110011110111110000011 P
b11000111101011000100000010001111 Q
b11111010011011011010111011110100 O
b1 R
b1 )
b1 5
b11000111101011000100000010001111 +
b11000111101011000100000010001111 7
b11111010011011011010111011110100 *
b11111010011011011010111011110100 6
0&
#14335000
1I
b1111 C
b11000010000110011110111110000011 D
b110010110000010110111001100101 <
1>
b110010110000010110111001100101 L
b111101110000011110111001111011 ;
b11111111111011011110111011111111 8
b11000010001011000000000010000100 4
1N
b1 J
b11000111101011000100000010001111 H
b111000010000110011110111110000011 E
b100110010110000010110111001100101 =
b11010111011110100000000000000000 B
b11111010011011011 ?
b11111111111111111111010011011011 @
b11111010011011011010111011110100 G
0"
b1011000101 0
b1011000101 1
1&
#14340000
b1011000110 /
0-
0&
#14345000
1%
1"
b110010110000010110111001100101 #
b110010110000010110111001100101 M
0N
1&
#14350000
1-
b1011000111 2
b11100010110101111100110011000101 '
b100100001101100010011110001000100 T
b110100011010110111101010101000110 P
b11000000110101010100110010000001 Q
b11100010100001101000100011000101 O
b100 R
b100 )
b100 5
b11000000110101010100110010000001 +
b11000000110101010100110010000001 7
b11100010100001101000100011000101 *
b11100010100001101000100011000101 6
0&
#14355000
b1 C
b10100011010110111101010101000110 D
b100001101100010011110001000100 <
0I
b11100010110101111100110011000101 L
b100010010100111100010001000100 ;
b11100010110101111100110011000101 8
b11000000100001000000100010000001 4
1N
b100 J
b11000000110101010100110010000001 H
b110100011010110111101010101000110 E
b100100001101100010011110001000100 =
b11000101000011010001000110001010 B
b1110001010000110100010001100010 ?
b11110001010000110100010001100010 @
b11100010100001101000100011000101 G
0"
b1011000110 0
b1011000110 1
1&
#14360000
b1011000111 /
0-
0&
#14365000
0%
1"
b11100010110101111100110011000101 #
b11100010110101111100110011000101 M
0N
1&
#14370000
1-
b1011001000 2
b11110000110001011010101111100000 '
b100100100111111111010110001001010 T
b11110000110001011010101111100000 P
b1100101111000101111111111001011 Q
b10001010111000101010110000010101 O
b0 R
b0 )
b0 5
b1100101111000101111111111001011 +
b1100101111000101111111111001011 7
b10001010111000101010110000010101 *
b10001010111000101010110000010101 6
0&
#14375000
1:
b1 A
19
0F
b1011 C
b11110000110001011010101111100000 D
b100100111111111010110001001010 <
1>
0I
b11110000110001011010101111100000 L
b11101111000000000101001111011110 ;
b11101111111000101111111111011111 8
b111000101010110000000001 4
1N
b0 J
b1100101111000101111111111001011 H
b11110000110001011010101111100000 E
b100100100111111111010110001001010 =
b10101011000001010100000000000 B
b100010101110001010101 ?
b11111111111100010101110001010101 @
b10001010111000101010110000010101 G
0"
b1011000111 0
b1011000111 1
1&
#14380000
b1011001000 /
0-
0&
#14385000
1"
b11110000110001011010101111100000 #
b11110000110001011010101111100000 M
0N
1&
#14390000
1-
b1011001001 2
b110000011111101100111001100000 '
b100000101110111010010110000001100 T
b110000011111101100111001100000 P
b10101010100001101000100101010 Q
b11011001011011111110100110110 O
b10101010100001101000100101010 +
b10101010100001101000100101010 7
b11011001011011111110100110110 *
b11011001011011111110100110110 6
0&
#14395000
b0 A
09
0:
b1010 C
b110000011111101100111001100000 D
b101110111010010110000001100 <
1>
b110000011111101100111001100000 L
b1110011111010010110000011100 ;
b11111011111011111110100111110 8
b10001000000001101000100100010 4
1N
b10101010100001101000100101010 H
b110000011111101100111001100000 E
b100000101110111010010110000001100 =
b10110111111101001101100000000000 B
b1101100101101111111 ?
b1101100101101111111 @
b11011001011011111110100110110 G
0"
b1011001000 0
b1011001000 1
1&
#14400000
b1011001001 /
0-
0&
#14405000
1"
b110000011111101100111001100000 #
b110000011111101100111001100000 M
0N
1&
#14410000
1-
b1011001010 2
b1100100000100100111010011001000 '
b101011100000011100000110010111000 T
b110011001110110100111100100110010 P
b10011110111001100011011000111101 Q
b11111010111101000100001011110101 O
b101 R
b101 )
b101 5
b10011110111001100011011000111101 +
b10011110111001100011011000111101 7
b11111010111101000100001011110101 *
b11111010111101000100001011110101 6
0&
#14415000
b0 A
09
03
b11101 C
b10011001110110100111100100110010 D
1F
b1011100000011100000110010111000 <
b1100100000100100111010011001000 L
b1100100000100100111010011001000 ;
b11111110111101100111011011111101 8
b10011010111001000000001000110101 4
1N
b101 J
b10011110111001100011011000111101 H
b110011001110110100111100100110010 E
b101011100000011100000110010111000 =
b10100000000000000000000000000000 B
b111 ?
b11111111111111111111111111111111 @
b11111010111101000100001011110101 G
0"
b1011001001 0
b1011001001 1
1&
#14420000
b1011001010 /
0-
0&
#14425000
1"
b1100100000100100111010011001000 #
b1100100000100100111010011001000 M
0N
1&
#14430000
1-
b1011001011 2
1(
b0 '
0S
b10000101101010000001011100001011 T
b11000001001001000001011110000001 P
b10011101101111100000000000111011 Q
b100011011001100001011101000110 O
b10 R
b10 )
b10 5
b10011101101111100000000000111011 +
b10011101101111100000000000111011 7
b100011011001100001011101000110 *
b100011011001100001011101000110 6
0&
#14435000
1:
b0 A
09
03
b11011 C
b11000001001001000001011110000001 D
0F
b10000101101010000001011100001011 <
0>
b0 L
b10111110110110000001011101111101 ;
b10111111111111100001011101111111 8
b1001001100000000000000010 4
1N
b10 J
b10011101101111100000000000111011 H
b11000001001001000001011110000001 E
b10000101101010000001011100001011 =
b110000000000000000000000000000 B
b100 ?
b100 @
b100011011001100001011101000110 G
0"
b1011001010 0
b1011001010 1
1&
#14440000
b1011001011 /
0-
0&
#14445000
1!
1"
b0 #
b0 M
0N
1&
#14450000
1-
b1011001100 2
0(
b1000001001000001000000010000010 '
b110101101011010111111101101011011 T
b101000000110101010111111010000001 P
b1001001101101001100000110010011 Q
b11110111001000001011110011101110 O
b11 R
b11 )
b11 5
b1001001101101001100000110010011 +
b1001001101101001100000110010011 7
b11110111001000001011110011101110 *
b11110111001000001011110011101110 6
0&
#14455000
b1 A
19
0:
b10011 C
b1000000110101010111111010000001 D
1F
b10101101011010111111101101011011 <
1>
b1000001001000001000000010000010 L
b10111110100101000111110101111101 ;
b11111111101101001111110111111111 8
b1000001001000001000000010000010 4
1N
b11 J
b1001001101101001100000110010011 H
b101000000110101010111111010000001 E
b110101101011010111111101101011011 =
b11100111011100000000000000000000 B
b1111011100100 ?
b11111111111111111111111011100100 @
b11110111001000001011110011101110 G
0"
b1011001011 0
b1011001011 1
1&
#14460000
b1011001100 /
0-
0&
#14465000
0!
1"
b1000001001000001000000010000010 #
b1000001001000001000000010000010 M
0N
1&
#14470000
1-
b1011001101 2
b11100010010100000000000011000100 '
b100010000000110101110011000100000 T
b111010100110001110001111110101000 P
b11100010010101100001110011000100 Q
b11110010011100010000001011100100 O
b11100010010101100001110011000100 +
b11100010010101100001110011000100 7
b11110010011100010000001011100100 *
b11110010011100010000001011100100 6
0&
#14475000
b0 A
09
b100 C
b11010100110001110001111110101000 D
b10000000110101110011000100000 <
b11100010010100000000000011000100 L
b10000001001110001111000100000 ;
b11110010011101110001111011100100 8
b11100010010100000000000011000100 4
1N
b11100010010101100001110011000100 H
b111010100110001110001111110101000 E
b100010000000110101110011000100000 =
b100111000100000010111001000000 B
b1111001001110001000000101110 ?
b11111111001001110001000000101110 @
b11110010011100010000001011100100 G
0"
b1011001100 0
b1011001100 1
1&
#14480000
b1011001101 /
0-
0&
#14485000
1"
b11100010010100000000000011000100 #
b11100010010100000000000011000100 M
0N
1&
#14490000
1-
b1011001110 2
b10000000001001111110100100000000 '
b110000000001001111110100100000000 T
b11110010011010100101111111100100 P
b111001001000010011101101110010 Q
b10111001010010010010010001110010 O
b1 R
b1 )
b1 5
b111001001000010011101101110010 +
b111001001000010011101101110010 7
b10111001010010010010010001110010 *
b10111001010010010010010001110010 6
0&
#14495000
b1 A
19
0F
b10010 C
b11110010011010100101111111100100 D
b10000000001001111110100100000000 <
1>
1I
b10000000001001111110100100000000 L
b10000000011010000001111100000000 ;
b10111001011010010011111101110010 8
b111001000000010010000001110010 4
1N
b1 J
b111001001000010011101101110010 H
b11110010011010100101111111100100 E
b110000000001001111110100100000000 =
b10010001110010000000000000000000 B
b10111001010010 ?
b11111111111111111110111001010010 @
b10111001010010010010010001110010 G
0"
b1011001101 0
b1011001101 1
1&
#14500000
b1011001110 /
0-
0&
#14505000
1%
1"
b10000000001001111110100100000000 #
b10000000001001111110100100000000 M
0N
1&
#14510000
1-
b1011001111 2
b11111010111111011011111111110101 '
b101001110001001011000110010011100 T
b100000011100111011100100000000110 P
b1011010101111000001110110110101 Q
b10101000111000011010101001010001 O
b100 R
b100 )
b100 5
b1011010101111000001110110110101 +
b1011010101111000001110110110101 7
b10101000111000011010101001010001 *
b10101000111000011010101001010001 6
0&
#14515000
1:
b1 A
19
1F
b10101 C
b11100111011100100000000110 D
b1001110001001011000110010011100 <
0I
b11111010111111011011111111110101 L
b11110010010111011011011111100100 ;
b11111010111111011011111111110101 8
b1000101000000000100000010001 4
1N
b100 J
b1011010101111000001110110110101 H
b100000011100111011100100000000110 E
b101001110001001011000110010011100 =
b1001010001000000000000000000000 B
b10101000111 ?
b11111111111111111111110101000111 @
b10101000111000011010101001010001 G
0"
b1011001110 0
b1011001110 1
1&
#14520000
b1011001111 /
0-
0&
#14525000
0%
1"
b11111010111111011011111111110101 #
b11111010111111011011111111110101 M
0N
1&
#14530000
1-
b1011010000 2
b1010111111111110100011110101111 '
b11111011010011110100010111110111 T
b10101000001010110100100101001111 P
b1010110011011100000000110101100 Q
b1010001101111010100011110100011 O
b1010110011011100000000110101100 +
b1010110011011100000000110101100 7
b1010001101111010100011110100011 *
b1010001101111010100011110100011 6
0&
#14535000
13
0:
b1100 C
b10101000001010110100100101001111 D
0F
b11111011010011110100010111110111 <
0>
b1010111111111110100011110101111 L
b111110100110100011000001111 ;
b1010111111111110100011110101111 8
b1010000001011000000000110100000 4
1N
b1010110011011100000000110101100 H
b10101000001010110100100101001111 E
b11111011010011110100010111110111 =
b11010100011110100011000000000000 B
b1010001101111010100 ?
b1010001101111010100 @
b1010001101111010100011110100011 G
0"
b1011001111 0
b1011001111 1
1&
#14540000
b1011010000 /
0-
0&
#14545000
1"
b1010111111111110100011110101111 #
b1010111111111110100011110101111 M
0N
1&
#14550000
1-
b1011010001 2
b1110101001011100000000000000000 '
b100110010100011101111101001100110 T
b101100100100000000111101011001000 P
b10011000111110001100000000110001 Q
b11001011100001111011101010010111 O
b110 R
b110 )
b110 5
b10011000111110001100000000110001 +
b10011000111110001100000000110001 7
b11001011100001111011101010010111 *
b11001011100001111011101010010111 6
0&
#14555000
b0 A
09
13
b10001 C
b1100100100000000111101011001000 D
1F
b110010100011101111101001100110 <
1>
b1110101001011100000000000000000 L
b1010011011111110111101010100110 ;
b11011011111111111111101010110111 8
b10001000100000001000000000010001 4
1N
b110 J
b10011000111110001100000000110001 H
b101100100100000000111101011001000 E
b100110010100011101111101001100110 =
b1110101001011100000000000000000 B
b110010111000011 ?
b11111111111111111110010111000011 @
b11001011100001111011101010010111 G
0"
b1011010000 0
b1011010000 1
1&
#14560000
b1011010001 /
0-
0&
#14565000
1"
b1110101001011100000000000000000 #
b1110101001011100000000000000000 M
0N
1&
#14570000
1-
b1011010010 2
b10001011000000010010000000010110 '
b100110011010111101000001001100111 T
b110001010101100001101111100010101 P
b10101011101010010010111001010111 Q
b11011111000001111011000010111110 O
b11 R
b11 )
b11 5
b10101011101010010010111001010111 +
b10101011101010010010111001010111 7
b11011111000001111011000010111110 *
b11011111000001111011000010111110 6
0&
#14575000
03
b10111 C
b10001010101100001101111100010101 D
b110011010111101000001001100111 <
b10001011000000010010000000010110 L
b1110100101011101001111011101001 ;
b11111111101011111011111011111111 8
b10001011000000010010000000010110 4
1N
b11 J
b10101011101010010010111001010111 H
b110001010101100001101111100010101 E
b100110011010111101000001001100111 =
b1011111000000000000000000000000 B
b110111110 ?
b11111111111111111111111110111110 @
b11011111000001111011000010111110 G
0"
b1011010001 0
b1011010001 1
1&
#14580000
b1011010010 /
0-
0&
#14585000
1"
b10001011000000010010000000010110 #
b10001011000000010010000000010110 M
0N
1&
#14590000
1-
b1011010011 2
b10111011000000000000000000000 '
b11100000111001010001111111000010 T
b10010101010100100010001100101010 P
b1011010001101101000000110110100 Q
b111011000110111010000101110110 O
b110 R
b110 )
b110 5
b1011010001101101000000110110100 +
b1011010001101101000000110110100 7
b111011000110111010000101110110 *
b111011000110111010000101110110 6
0&
#14595000
b1 A
19
13
b10100 C
b10010101010100100010001100101010 D
0F
b11100000111001010001111111000010 <
0>
b10111011000000000000000000000 L
b1100001001011010010000011000010 ;
b1111011001111111010000111110110 8
b11010000100101000000100110100 4
1N
b110 J
b1011010001101101000000110110100 H
b10010101010100100010001100101010 E
b11100000111001010001111111000010 =
b10111011000000000000000000000 B
b1110110001 ?
b1110110001 @
b111011000110111010000101110110 G
0"
b1011010010 0
b1011010010 1
1&
#14600000
b1011010011 /
0-
0&
#14605000
1"
b10111011000000000000000000000 #
b10111011000000000000000000000 M
0N
1&
#14610000
1-
b1011010100 2
b10000000010010001010000000000000 '
b11000110101100010000101110001101 T
b100111010010000100100110001110011 P
b10111001110010001010000001110011 Q
b10000000011110011010110000000000 O
b11 R
b11 )
b11 5
b10111001110010001010000001110011 +
b10111001110010001010000001110011 7
b10000000011110011010110000000000 *
b10000000011110011010110000000000 6
0&
#14615000
b1 A
19
13
1F
b10011 C
b111010010000100100110001110011 D
b11000110101100010000101110001101 <
0>
b10000000010010001010000000000000 L
b111001101100010000110001110011 ;
b10111001111110011010110001110011 8
b10000000010010001010000000000000 4
1N
b11 J
b10111001110010001010000001110011 H
b100111010010000100100110001110011 E
b11000110101100010000101110001101 =
b1100000000000000000000000000000 B
b1000000001111 ?
b11111111111111111111000000001111 @
b10000000011110011010110000000000 G
0"
b1011010011 0
b1011010011 1
1&
#14620000
b1011010100 /
0-
0&
#14625000
1"
b10000000010010001010000000000000 #
b10000000010010001010000000000000 M
0N
1&
#14630000
1-
b1011010101 2
b10000001010001000000000100000 '
b101011011011011001110100010110111 T
b11001101111010000001111110011011 P
b111001001111011001101101110010 Q
b10010100101010101000010000101001 O
b111001001111011001101101110010 +
b111001001111011001101101110010 7
b10010100101010101000010000101001 *
b10010100101010101000010000101001 6
0&
#14635000
1:
b1 A
19
03
1>
0F
b10010 C
b11001101111010000001111110011011 D
b1011011011011001110100010110111 <
b10000001010001000000000100000 L
b10101101100101110001111101011011 ;
b10111101101111111001111101111011 8
b10000001010001000000000100000 4
1N
b111001001111011001101101110010 H
b11001101111010000001111110011011 E
b101011011011011001110100010110111 =
b10000101001000000000000000000 B
b10010100101010 ?
b11111111111111111110010100101010 @
b10010100101010101000010000101001 G
0"
b1011010100 0
b1011010100 1
1&
#14640000
b1011010101 /
0-
0&
#14645000
1"
b10000001010001000000000100000 #
b10000001010001000000000100000 M
0N
1&
#14650000
1-
b1011010110 2
b1011000111100010101001010110001 '
b101011000111100010101001010110001 T
b11000101111111010011100110001011 P
b110110100001011111001101101101 Q
b10001111011101110100011000011110 O
b1 R
b1 )
b1 5
b110110100001011111001101101101 +
b110110100001011111001101101101 7
b10001111011101110100011000011110 *
b10001111011101110100011000011110 6
0&
#14655000
b1101 C
b11000101111111010011100110001011 D
b1011000111100010101001010110001 <
1K
1I
b1011000111100010101001010110001 L
b10111001111100101011010101110011 ;
b10111111111101111111011101111111 8
b110000001010100001000001100 4
1N
b1 J
b110110100001011111001101101101 H
b11000101111111010011100110001011 E
b101011000111100010101001010110001 =
b11101000110000111100000000000000 B
b1000111101110111010 ?
b11111111111111000111101110111010 @
b10001111011101110100011000011110 G
0"
b1011010101 0
b1011010101 1
1&
#14660000
b1011010110 /
0-
0&
#14665000
1$
1%
1"
b1011000111100010101001010110001 #
b1011000111100010101001010110001 M
0N
1&
#14670000
1-
b1011010111 2
b11101000000100100100110111010000 '
b11101000000100100100110111010000 T
b11100101011100100110010111001010 P
b1111110101100000000101111111101 Q
b1100110110000100101100111001101 O
b1111110101100000000101111111101 +
b1111110101100000000101111111101 7
b1100110110000100101100111001101 *
b1100110110000100101100111001101 6
0&
#14675000
13
0:
0>
b11101 C
b11100101011100100110010111001010 D
b11101000000100100100110111010000 <
0K
0I
b11101000000100100100110111010000 L
b11000011100100101001000110000 ;
b1111110111100100101101111111101 8
b1100110100000000000100111001101 4
1N
b1111110101100000000101111111101 H
b11100101011100100110010111001010 E
b11101000000100100100110111010000 =
b10100000000000000000000000000000 B
b11 ?
b11 @
b1100110110000100101100111001101 G
0"
b1011010110 0
b1011010110 1
1&
#14680000
b1011010111 /
0-
0&
#14685000
0$
0%
1"
b11101000000100100100110111010000 #
b11101000000100100100110111010000 M
0N
1&
#14690000
1-
b1011011000 2
b1100110011110010011001011001100 '
b101011101100010001100111010111100 T
b1111001011111011100110011110010 P
b1101111110100111111100011011 Q
b1101011100000110100110111010111 O
b101 R
b101 )
b101 5
b1101111110100111111100011011 +
b1101111110100111111100011011 7
b1101011100000110100110111010111 *
b1101011100000110100110111010111 6
0&
#14695000
b0 A
09
03
1>
b1101 ?
b1101 @
b11011 C
b1111001011111011100110011110010 D
b1011101100010001100111010111100 <
b1100110011110010011001011001100 L
b1100110011110010011001011001100 ;
b1101111111110110111111111011111 8
b1001100000100100110100010011 4
1N
b101 J
b1101111110100111111100011011 H
b1111001011111011100110011110010 E
b101011101100010001100111010111100 =
b10111000000000000000000000000000 B
b1101011100000110100110111010111 G
0"
b1011010111 0
b1011010111 1
1&
#14700000
b1011011000 /
0-
0&
#14705000
1"
b1100110011110010011001011001100 #
b1100110011110010011001011001100 M
0N
1&
#14710000
1-
b1011011001 2
b101100010110000100111001011000 '
b100011100010110000011101000111000 T
b10110010011000110101000101100100 P
b1001011000001011000101110010110 Q
b1100111010111011100010111001110 O
b1001011000001011000101110010110 +
b1001011000001011000101110010110 7
b1100111010111011100010111001110 *
b1100111010111011100010111001110 6
0&
#14715000
13
b10110 C
b10110010011000110101000101100100 D
b11100010110000011101000111000 <
b101100010110000100111001011000 L
b101100010110000100111001011000 ;
b1101111010111011100111111011110 8
b1000011000001011000000110000110 4
1N
b1001011000001011000101110010110 H
b10110010011000110101000101100100 E
b100011100010110000011101000111000 =
b1110011100000000000000000000000 B
b110011101 ?
b110011101 @
b1100111010111011100010111001110 G
0"
b1011011000 0
b1011011000 1
1&
#14720000
b1011011001 /
0-
0&
#14725000
1"
b101100010110000100111001011000 #
b101100010110000100111001011000 M
0N
1&
#14730000
1-
b1011011010 2
b10000101101001000110010100000000 '
b110100001000011111110001101000011 T
b100101001000001101010111001010001 P
b1000011111110110110010110000111 Q
b11100101000010110100100011001010 O
b110 R
b110 )
b110 5
b1000011111110110110010110000111 +
b1000011111110110110010110000111 7
b11100101000010110100100011001010 *
b11100101000010110100100011001010 6
0&
#14735000
b1 A
19
03
0:
b111 C
b101001000001101010111001010001 D
1F
b10100001000011111110001101000011 <
b10000101101001000110010100000000 L
b10100110111100000010110101001101 ;
b11100111111110110110110111001111 8
b1000001000010110100000010000010 4
1N
b110 J
b1000011111110110110010110000111 H
b100101001000001101010111001010001 E
b110100001000011111110001101000011 =
b10000101101001000110010100000000 B
b1110010100001011010010001 ?
b11111111110010100001011010010001 @
b11100101000010110100100011001010 G
0"
b1011011001 0
b1011011001 1
1&
#14740000
b1011011010 /
0-
0&
#14745000
1"
b10000101101001000110010100000000 #
b10000101101001000110010100000000 M
0N
1&
#14750000
1-
b1011011011 2
b11010000101101000000000000 '
b110000000010010001001100100000001 T
b10101100110101111100111101011001 P
b10110010001111001101100101100 Q
b10010110100100000011010000101101 O
b10110010001111001101100101100 +
b10110010001111001101100101100 7
b10010110100100000011010000101101 *
b10010110100100000011010000101101 6
0&
#14755000
0:
b1 A
19
b1100 C
b10101100110101111100111101011001 D
0F
b10000000010010001001100100000001 <
b11010000101101000000000000 L
b10000000110101111010111100000001 ;
b10010110110101111011111100101101 8
b10110000000000001000000101100 4
1N
b10110010001111001101100101100 H
b10101100110101111100111101011001 E
b110000000010010001001100100000001 =
b11010000101101000000000000 B
b10010110100100000011 ?
b11111111111110010110100100000011 @
b10010110100100000011010000101101 G
0"
b1011011010 0
b1011011010 1
1&
#14760000
b1011011011 /
0-
0&
#14765000
1"
b11010000101101000000000000 #
b11010000101101000000000000 M
0N
1&
#14770000
1-
b1011011100 2
b100100001010010000011001000111 '
b100000001101111100000110000000011 T
b100100001010010000011001000111 P
b10001001101010111110100100010 Q
b10010111100111000100100100101 O
b0 R
b0 )
b0 5
b10001001101010111110100100010 +
b10001001101010111110100100010 7
b10010111100111000100100100101 *
b10010111100111000100100100101 6
0&
#14775000
b0 A
09
b10 C
b100100001010010000011001000111 D
b1101111100000110000000011 <
1>
b100100001010010000011001000111 L
b11110001101111010000000111 ;
b10011111101111111110100100111 8
b10000001100010000100100100000 4
1N
b0 J
b10001001101010111110100100010 H
b100100001010010000011001000111 E
b100000001101111100000110000000011 =
b1001011110011100010010010010100 B
b100101111001110001001001001 ?
b100101111001110001001001001 @
b10010111100111000100100100101 G
0"
b1011011011 0
b1011011011 1
1&
#14780000
b1011011100 /
0-
0&
#14785000
1"
b100100001010010000011001000111 #
b100100001010010000011001000111 M
0N
1&
#14790000
1-
b1011011101 2
b11111111001111100011101010011110 '
b110111000011001000110000101110000 T
b100111011011111110100100001110110 P
b1000001100011010111001110000011 Q
b11111001111100011101010011110011 O
b1000 R
b1000 )
b1000 5
b1000001100011010111001110000011 +
b1000001100011010111001110000011 7
b11111001111100011101010011110011 *
b11111001111100011101010011110011 6
0&
#14795000
b1 A
19
03
0:
b11 C
b111011011111110100100001110110 D
1F
b10111000011001000110000101110000 <
b11111111001111100011101010011110 L
b10111000011111001010011101110000 ;
b11111001111111011111011111110011 8
b1000001100000010101000010000011 4
1N
b1000 J
b1000001100011010111001110000011 H
b100111011011111110100100001110110 E
b110111000011001000110000101110000 =
b11001111100011101010011110011000 B
b11111001111100011101010011110 ?
b11111111001111100011101010011110 @
b11111001111100011101010011110011 G
0"
b1011011100 0
b1011011100 1
1&
#14800000
b1011011101 /
0-
0&
#14805000
1"
b11111111001111100011101010011110 #
b11111111001111100011101010011110 M
0N
1&
#14810000
1-
b1011011110 2
b1000110111010100111001010001101 '
b11000110110110011011000110001101 T
b1110110111011000111110011101101 P
b1011000000010010110010110110000 Q
b11110111000110001011100111101 O
b101 R
b101 )
b101 5
b1011000000010010110010110110000 +
b1011000000010010110010110110000 7
b11110111000110001011100111101 *
b11110111000110001011100111101 6
0&
#14815000
b10000 C
b1110110111011000111110011101101 D
0F
b11000110110110011011000110001101 <
0>
b1000110111010100111001010001101 L
b1000110111010100111001010001101 ;
b1011110111010110111011110111101 8
b11000000000010000010100110000 4
1N
b101 J
b1011000000010010110010110110000 H
b1110110111011000111110011101101 E
b11000110110110011011000110001101 =
b10111001111010000000000000000 B
b1111011100011 ?
b1111011100011 @
b11110111000110001011100111101 G
0"
b1011011101 0
b1011011101 1
1&
#14820000
b1011011110 /
0-
0&
#14825000
1"
b1000110111010100111001010001101 #
b1000110111010100111001010001101 M
0N
1&
#14830000
1-
b1011011111 2
b1011100110010111001 '
b100100110100100111000000001001101 T
b10010011000000111010011100100101 P
b110110001110000001001101101100 Q
b1011100110010111001001110111001 O
b1000 R
b1000 )
b1000 5
b110110001110000001001101101100 +
b110110001110000001001101101100 7
b1011100110010111001001110111001 *
b1011100110010111001001110111001 6
0&
#14835000
13
b0 A
09
b1100 C
b10010011000000111010011100100101 D
b100110100100111000000001001101 <
1>
b1011100110010111001 L
b1101010111100111000000011010101 ;
b1111110111110111001001111111101 8
b10100000010000001001100101000 4
1N
b1000 J
b110110001110000001001101101100 H
b10010011000000111010011100100101 E
b100100110100100111000000001001101 =
b10111001001110111001000000000000 B
b1011100110010111001 ?
b1011100110010111001 @
b1011100110010111001001110111001 G
0"
b1011011110 0
b1011011110 1
1&
#14840000
b1011011111 /
0-
0&
#14845000
1"
b1011100110010111001 #
b1011100110010111001 M
0N
1&
#14850000
1-
b1011100000 2
b1011101011011111111111110111010 '
b100000111001010000100011000001110 T
b10100001011101110011100101000010 P
b1001101001001110111100110011010 Q
b1010100010011111011111110101000 O
b100 R
b100 )
b100 5
b1001101001001110111100110011010 +
b1001101001001110111100110011010 7
b1010100010011111011111110101000 *
b1010100010011111011111110101000 6
0&
#14855000
b11010 C
b10100001011101110011100101000010 D
b111001010000100011000001110 <
b1011101011011111111111110111010 L
b11001011010001100011000110010 ;
b1011101011011111111111110111010 8
b1000100000001110011100110001000 4
1N
b100 J
b1001101001001110111100110011010 H
b10100001011101110011100101000010 E
b100000111001010000100011000001110 =
b10100000000000000000000000000000 B
b10101 ?
b10101 @
b1010100010011111011111110101000 G
0"
b1011011111 0
b1011011111 1
1&
#14860000
b1011100000 /
0-
0&
#14865000
1"
b1011101011011111111111110111010 #
b1011101011011111111111110111010 M
0N
1&
#14870000
1-
b1011100001 2
b1111111011010010101000011111 '
b11110010000101001110010111100101 T
b10001111111100010100110100011111 P
b1001110111011100011001110011101 Q
b1000001000000110001100110000010 O
b101 R
b101 )
b101 5
b1001110111011100011001110011101 +
b1001110111011100011001110011101 7
b1000001000000110001100110000010 *
b1000001000000110001100110000010 6
0&
#14875000
b1 A
19
b11101 C
b10001111111100010100110100011111 D
b11110010000101001110010111100101 <
0>
b1111111011010010101000011111 L
b1111111011010010101000011111 ;
b1001111111011110011101110011111 8
b1000000000000100001000110000000 4
1N
b101 J
b1001110111011100011001110011101 H
b10001111111100010100110100011111 E
b11110010000101001110010111100101 =
b1000000000000000000000000000000 B
b10 ?
b10 @
b1000001000000110001100110000010 G
0"
b1011100000 0
b1011100000 1
1&
#14880000
b1011100001 /
0-
0&
#14885000
1"
b1111111011010010101000011111 #
b1111111011010010101000011111 M
0N
1&
#14890000
1-
b1011100010 2
1(
b0 '
b10001110010111100011101100011101 T
b101101110001101011110010011011011 P
b11101111111010111101010011011111 Q
b1111110010010100000111111111100 O
b1000 R
b1000 )
b1000 5
b11101111111010111101010011011111 +
b11101111111010111101010011011111 7
b1111110010010100000111111111100 *
b1111110010010100000111111111100 6
0&
#14895000
1:
03
b0 A
09
1F
b11111 C
b1101110001101011110010011011011 D
b10001110010111100011101100011101 <
0>
b0 L
b10010001101000011101101100100011 ;
b11111111111010111101111111111111 8
b1101110010010100000010011011100 4
1N
b1000 J
b11101111111010111101010011011111 H
b101101110001101011110010011011011 E
b10001110010111100011101100011101 =
b0 B
b0 ?
b0 @
b1111110010010100000111111111100 G
0"
b1011100001 0
b1011100001 1
1&
#14900000
b1011100010 /
0-
0&
#14905000
1!
1"
b0 #
b0 M
0N
1&
#14910000
1-
b1011100011 2
b101100110011011101000010011001101 T
b101110011000111110010010011100101 P
b10000110010110000101000000001100 Q
b11101100110001101101010011011001 O
b10 R
b10 )
b10 5
b10000110010110000101000000001100 +
b10000110010110000101000000001100 7
b11101100110001101101010011011001 *
b11101100110001101101010011011001 6
0&
#14915000
13
0:
1>
b1100 C
b1110011000111110010010011100101 D
b1100110011011101000010011001101 <
b1101010100111101000010011010101 ;
b11101110110111101101010011011101 8
b10000100010000000101000000001000 4
1N
b10 J
b10000110010110000101000000001100 H
b101110011000111110010010011100101 E
b101100110011011101000010011001101 =
b1101101010011011001000000000000 B
b11101100110001101101 ?
b11111111111111101100110001101101 @
b11101100110001101101010011011001 G
0"
b1011100010 0
b1011100010 1
1&
#14920000
b1011100011 /
0-
0&
#14925000
1"
0N
1&
#14930000
1-
b1011100100 2
0(
b11001110011100110000010110011100 '
b10110001100011101111110101100100 T
b100001110100000111010011000011100 P
b10101110011110100101010001011100 Q
b1100000000010010101000111000000 O
b101 R
b101 )
b101 5
b10101110011110100101010001011100 +
b10101110011110100101010001011100 7
b1100000000010010101000111000000 *
b1100000000010010101000111000000 6
0&
#14935000
1:
b0 A
09
03
b11100 C
b1110100000111010011000011100 D
b10110001100011101111110101100100 <
0>
b11001110011100110000010110011100 L
b11001110011100110000010110011100 ;
b11101110011110110101010111011100 8
b100000000010000101000001000000 4
1N
b101 J
b10101110011110100101010001011100 H
b100001110100000111010011000011100 E
b10110001100011101111110101100100 =
b0 B
b110 ?
b110 @
b1100000000010010101000111000000 G
0"
b1011100011 0
b1011100011 1
1&
#14940000
b1011100100 /
0-
0&
#14945000
0!
1"
b11001110011100110000010110011100 #
b11001110011100110000010110011100 M
0N
1&
#14950000
1-
b1011100101 2
b1000000111110011 '
b10011001010111010100100100110010 T
b11101000100101101001100111010000 P
b10100111100111001010100001001111 Q
b1000000111110011111000110000001 O
b111 R
b111 )
b111 5
b10100111100111001010100001001111 +
b10100111100111001010100001001111 7
b1000000111110011111000110000001 *
b1000000111110011111000110000001 6
0&
#14955000
b1111 C
b11101000100101101001100111010000 D
0F
b10011001010111010100100100110010 <
b1000000111110011 L
b11100111011001010101100111001110 ;
b11100111111111011111100111001111 8
b100110001010000000000001 4
1N
b111 J
b10100111100111001010100001001111 H
b11101000100101101001100111010000 E
b10011001010111010100100100110010 =
b11111000110000001000000000000000 B
b1000000111110011 ?
b1000000111110011 @
b1000000111110011111000110000001 G
0"
b1011100100 0
b1011100100 1
1&
#14960000
b1011100101 /
0-
0&
#14965000
1"
b1000000111110011 #
b1000000111110011 M
0N
1&
#14970000
1-
b1011100110 2
b10100001101111001000010101000000 '
b110000010100111001111101100000101 T
b100100101110100100010011001001011 P
b1010001100110101001010110100011 Q
b11010100001101111001000010101000 O
b110 R
b110 )
b110 5
b1010001100110101001010110100011 +
b1010001100110101001010110100011 7
b11010100001101111001000010101000 *
b11010100001101111001000010101000 6
0&
#14975000
b1 A
19
0:
b11 C
b100101110100100010011001001011 D
1F
b10000010100111001111101100000101 <
1>
b10100001101111001000010101000000 L
b10000101101011010000010100001011 ;
b11010101101111111001010110101011 8
b1010000000100101001000010100000 4
1N
b110 J
b1010001100110101001010110100011 H
b100100101110100100010011001001011 E
b110000010100111001111101100000101 =
b10100001101111001000010101000000 B
b11010100001101111001000010101 ?
b11111010100001101111001000010101 @
b11010100001101111001000010101000 G
0"
b1011100101 0
b1011100101 1
1&
#14980000
b1011100110 /
0-
0&
#14985000
1"
b10100001101111001000010101000000 #
b10100001101111001000010101000000 M
0N
1&
#14990000
1-
b1011100111 2
b1 '
1S
b101000111110001010010000010001111 T
b101000000111110111001000010000001 P
b1111100100110110011011111111001 Q
b11000100011000000101100010001000 O
b10 R
b10 )
b10 5
b1111100100110110011011111111001 +
b1111100100110110011011111111001 7
b11000100011000000101100010001000 *
b11000100011000000101100010001000 6
0&
#14995000
1:
b1 A
19
b11001 C
b1000000111110111001000010000001 D
b1000111110001010010000010001111 <
b1 L
b10111000111110110110111101110001 ;
b11111100111110110111111111111001 8
b1000100000000000001000010001000 4
1N
b10 J
b1111100100110110011011111111001 H
b101000000111110111001000010000001 E
b101000111110001010010000010001111 =
b10000000000000000000000000000 B
b1100010 ?
b11111111111111111111111111100010 @
b11000100011000000101100010001000 G
0"
b1011100110 0
b1011100110 1
1&
#15000000
b1011100111 /
0-
0&
#15005000
1"
b1 #
b1 M
0N
1&
#15010000
1-
b1011101000 2
b11011110111111111111111110111101 '
b111010010101010011010110110100101 T
b11101011010100011000101111010101 P
b1100010100111110111100011000 Q
b11011110111111011001110010111101 O
b100 R
b100 )
b100 5
b1100010100111110111100011000 +
b1100010100111110111100011000 7
b11011110111111011001110010111101 *
b11011110111111011001110010111101 6
0&
#15015000
0:
b1 A
19
0F
b11000 C
b11101011010100011000101111010101 D
b11010010101010011010110110100101 <
b11011110111111111111111110111101 L
b11010010101011100111001110100101 ;
b11011110111111111111111110111101 8
b1100010100011000110000011000 4
1N
b100 J
b1100010100111110111100011000 H
b11101011010100011000101111010101 E
b111010010101010011010110110100101 =
b10111101000000000000000000000000 B
b11011110 ?
b11111111111111111111111111011110 @
b11011110111111011001110010111101 G
0"
b1011100111 0
b1011100111 1
1&
#15020000
b1011101000 /
0-
0&
#15025000
1"
b11011110111111111111111110111101 #
b11011110111111111111111110111101 M
0N
1&
#15030000
1-
b1011101001 2
b111010011000110000110001110100 '
b11011001101000010000001110110100 T
b1000101011101000111001010001010 P
b110101111010011011011101101011 Q
b1111100010101011101100011111 O
b101 R
b101 )
b101 5
b110101111010011011011101101011 +
b110101111010011011011101101011 7
b1111100010101011101100011111 *
b1111100010101011101100011111 6
0&
#15035000
b1 A
19
0>
b1011 C
b1000101011101000111001010001010 D
b11011001101000010000001110110100 <
b111010011000110000110001110100 L
b111010011000110000110001110100 ;
b111111111010111011111101111111 8
b101100010001011001100001011 4
1N
b101 J
b110101111010011011011101101011 H
b1000101011101000111001010001010 E
b11011001101000010000001110110100 =
b1010101110110001111100000000000 B
b11111000101010111 ?
b11111000101010111 @
b1111100010101011101100011111 G
0"
b1011101000 0
b1011101000 1
1&
#15040000
b1011101001 /
0-
0&
#15045000
1"
b111010011000110000110001110100 #
b111010011000110000110001110100 M
0N
1&
#15050000
1-
b1011101010 2
b1110011100001010111101011100111 '
b101110011100001010111101011100111 T
b100001010000110001000001000010011 P
b1001011010010011000001110010110 Q
b10111110110011101111111001111101 O
b1 R
b1 )
b1 5
b1001011010010011000001110010110 +
b1001011010010011000001110010110 7
b10111110110011101111111001111101 *
b10111110110011101111111001111101 6
0&
#15055000
1K
1:
b1 A
19
03
1I
1F
b10110 C
b1010000110001000001000010011 D
b1110011100001010111101011100111 <
1>
b1110011100001010111101011100111 L
b11110101100001110111110111101011 ;
b11111111110011111111111111111111 8
b1010010010001000001000010100 4
1N
b1 J
b1001011010010011000001110010110 H
b100001010000110001000001000010011 E
b101110011100001010111101011100111 =
b10011111010000000000000000000000 B
b1011111011 ?
b11111111111111111111111011111011 @
b10111110110011101111111001111101 G
0"
b1011101001 0
b1011101001 1
1&
#15060000
b1011101010 /
0-
0&
#15065000
1$
1%
1"
b1110011100001010111101011100111 #
b1110011100001010111101011100111 M
0N
1&
#15070000
1-
b1011101011 2
b1111100111100101101110011111010 '
b101111100111100101101110011111010 T
b10001110000100100010001100011100 P
b1000100011111010001100010001 Q
b10000101100000101000000000001011 O
b1000100011111010001100010001 +
b1000100011111010001100010001 7
b10000101100000101000000000001011 *
b10000101100000101000000000001011 6
0&
#15075000
b10001 C
b10001110000100100010001100011100 D
0F
b1111100111100101101110011111010 <
1K
1I
b1111100111100101101110011111010 L
b10001101000011010010001100011010 ;
b10001101100011111010001100011011 8
b100000101000000000000001 4
1N
b1000100011111010001100010001 H
b10001110000100100010001100011100 E
b101111100111100101101110011111010 =
b101100000000000000000 B
b100001011000001 ?
b11111111111111111100001011000001 @
b10000101100000101000000000001011 G
0"
b1011101010 0
b1011101010 1
1&
#15080000
b1011101011 /
0-
0&
#15085000
1"
b1111100111100101101110011111010 #
b1111100111100101101110011111010 M
0N
1&
#15090000
1-
b1011101100 2
b1100111110011000010101011001110 '
b100101000000111111101101001010000 T
b101100111110011000010101011001110 P
b10011111110101100010100000111111 Q
b11000111111101100000001010001111 O
b0 R
b0 )
b0 5
b10011111110101100010100000111111 +
b10011111110101100010100000111111 7
b11000111111101100000001010001111 *
b11000111111101100000001010001111 6
0&
#15095000
13
0:
b0 A
09
1F
b11111 C
b1100111110011000010101011001110 D
b101000000111111101101001010000 <
1K
1I
b1100111110011000010101011001110 L
b1011000001000000010101010110000 ;
b11011111111101100010101010111111 8
b10000111110101100000000000001111 4
1N
b0 J
b10011111110101100010100000111111 H
b101100111110011000010101011001110 E
b100101000000111111101101001010000 =
b10000000000000000000000000000000 B
b1 ?
b11111111111111111111111111111111 @
b11000111111101100000001010001111 G
0"
b1011101011 0
b1011101011 1
1&
#15100000
b1011101100 /
0-
0&
#15105000
1"
b1100111110011000010101011001110 #
b1100111110011000010101011001110 M
0N
1&
#15110000
1-
b1011101101 2
b11000010101110000001000110000101 '
b1000111101100111001110010001111 T
b11000010101110000001000110000101 P
b10111101100000100011101001111011 Q
b101001101011101011100001010 O
b10111101100000100011101001111011 +
b10111101100000100011101001111011 7
b101001101011101011100001010 *
b101001101011101011100001010 6
0&
#15115000
03
b11011 C
b11000010101110000001000110000101 D
0F
b1000111101100111001110010001111 <
0>
0K
0I
b11000010101110000001000110000101 L
b10111000101101111110110101110001 ;
b10111101101101111111111101111011 8
b101000000000001001000001010 4
1N
b10111101100000100011101001111011 H
b11000010101110000001000110000101 E
b1000111101100111001110010001111 =
b1010000000000000000000000000000 B
b0 ?
b0 @
b101001101011101011100001010 G
0"
b1011101100 0
b1011101100 1
1&
#15120000
b1011101101 /
0-
0&
#15125000
0$
0%
1"
b11000010101110000001000110000101 #
b11000010101110000001000110000101 M
0N
1&
#15130000
1-
b1011101110 2
b11110110111111111111111011101101 '
b10110011111101110011011101101000 T
b101111001110010000011010011110010 P
b11100010111010000111111011000101 Q
b10010110110111111011011000101101 O
b100 R
b100 )
b100 5
b11100010111010000111111011000101 +
b11100010111010000111111011000101 7
b10010110110111111011011000101101 *
b10010110110111111011011000101101 6
0&
#15135000
13
b1 A
19
b101 C
b1111001110010000011010011110010 D
1F
b10110011111101110011011101101000 <
b11110110111111111111111011101101 L
b1110100001101111100100011101000 ;
b11110110111111111111111011101101 8
b10000010110010000011011000000101 4
1N
b100 J
b11100010111010000111111011000101 H
b101111001110010000011010011110010 E
b10110011111101110011011101101000 =
b11011011111101101100010110100000 B
b100101101101111110110110001 ?
b11111100101101101111110110110001 @
b10010110110111111011011000101101 G
0"
b1011101101 0
b1011101101 1
1&
#15140000
b1011101110 /
0-
0&
#15145000
1"
b11110110111111111111111011101101 #
b11110110111111111111111011101101 M
0N
1&
#15150000
1-
b1011101111 2
b11111111111000111111111011111111 '
b101010000110000110011010010100010 T
b110101110100001000010000101011100 P
b10101110111000000111011001011101 Q
b11111111101000111010101011111111 O
b10101110111000000111011001011101 +
b10101110111000000111011001011101 7
b11111111101000111010101011111111 *
b11111111101000111010101011111111 6
0&
#15155000
03
b0 A
09
b11101 C
b10101110100001000010000101011100 D
b1010000110000110011010010100010 <
1>
b11111111111000111111111011111111 L
b1010001010000111101110010100010 ;
b11111111111000111111111011111111 8
b10101110101000000010001001011101 4
1N
b10101110111000000111011001011101 H
b110101110100001000010000101011100 E
b101010000110000110011010010100010 =
b11100000000000000000000000000000 B
b111 ?
b11111111111111111111111111111111 @
b11111111101000111010101011111111 G
0"
b1011101110 0
b1011101110 1
1&
#15160000
b1011101111 /
0-
0&
#15165000
1"
b11111111111000111111111011111111 #
b11111111111000111111111011111111 M
0N
1&
#15170000
1-
b1011110000 2
b11101111101111111110011111011111 '
b101111001100010010000010011110011 T
b101010000110001101100100010100001 P
b1101011100111101110000111010111 Q
b11100101001001111110011011001010 O
b1101011100111101110000111010111 +
b1101011100111101110000111010111 7
b11100101001001111110011011001010 *
b11100101001001111110011011001010 6
0&
#15175000
b1 A
19
1:
b111001010 ?
b11111111111111111111111111001010 @
b10111 C
b1010000110001101100100010100001 D
b1111001100010010000010011110011 <
b11101111101111111110011111011111 L
b10001110101110010000011100011101 ;
b11101111101111111110011111011111 8
b1100001000001101110000011000010 4
1N
b1101011100111101110000111010111 H
b101010000110001101100100010100001 E
b101111001100010010000010011110011 =
b1100101000000000000000000000000 B
b11100101001001111110011011001010 G
0"
b1011101111 0
b1011101111 1
1&
#15180000
b1011110000 /
0-
0&
#15185000
1"
b11101111101111111110011111011111 #
b11101111101111111110011111011111 M
0N
1&
#15190000
1-
b1011110001 2
b1110000001010001011001011100000 '
b10101111110110001001000101100000 T
b10001101101101101011110100011010 P
b1101110111011110001010111011101 Q
b11110110001111010011100111101 O
b101 R
b101 )
b101 5
b1101110111011110001010111011101 +
b1101110111011110001010111011101 7
b11110110001111010011100111101 *
b11110110001111010011100111101 6
0&
#15195000
13
0:
b11101 C
b10001101101101101011110100011010 D
0F
b10101111110110001001000101100000 <
0>
b1110000001010001011001011100000 L
b1110000001010001011001011100000 ;
b1111110111011111011011111111101 8
b1110110001110000010100011101 4
1N
b101 J
b1101110111011110001010111011101 H
b10001101101101101011110100011010 E
b10101111110110001001000101100000 =
b10100000000000000000000000000000 B
b0 ?
b0 @
b11110110001111010011100111101 G
0"
b1011110000 0
b1011110000 1
1&
#15200000
b1011110001 /
0-
0&
#15205000
1"
b1110000001010001011001011100000 #
b1110000001010001011001011100000 M
0N
1&
#15210000
1-
b1011110010 2
b11010110010100011 '
b10111110000011011000000101111 T
b100000011000010001000011000000101 P
b11110101101000110110101011101011 Q
b1101011001010001101100011010 O
b111 R
b111 )
b111 5
b11110101101000110110101011101011 +
b11110101101000110110101011101011 7
b1101011001010001101100011010 *
b1101011001010001101100011010 6
0&
#15215000
b0 A
09
03
0:
1F
b11010110010100011 ?
b11010110010100011 @
b1011 C
b11000010001000011000000101 D
b10111110000011011000000101111 <
b11010110010100011 L
b11111000110001100111000111110001 ;
b11111101111001110111101111111011 8
b101001000010000101000001010 4
1N
b111 J
b11110101101000110110101011101011 H
b100000011000010001000011000000101 E
b10111110000011011000000101111 =
b101000110110001101000000000000 B
b1101011001010001101100011010 G
0"
b1011110001 0
b1011110001 1
1&
#15220000
b1011110010 /
0-
0&
#15225000
1"
b11010110010100011 #
b11010110010100011 M
0N
1&
#15230000
1-
b1011110011 2
b1111101100100101010101011111011 '
b101010100011100011010011010101001 T
b1111110000110101100110011111011 P
b10100110101001001001100101001 Q
b1101001010001100011100111010010 O
b101 R
b101 )
b101 5
b10100110101001001001100101001 +
b10100110101001001001100101001 7
b1101001010001100011100111010010 *
b1101001010001100011100111010010 6
0&
#15235000
1>
0F
b1001 C
b1111110000110101100110011111011 D
b1010100011100011010011010101001 <
b1111101100100101010101011111011 L
b1111101100100101010101011111011 ;
b1111101110101101011101111111011 8
b10001000001000100000000 4
1N
b101 J
b10100110101001001001100101001 H
b1111110000110101100110011111011 E
b101010100011100011010011010101001 =
b10001100011100111010010000000000 B
b1101001010001100011100 ?
b1101001010001100011100 @
b1101001010001100011100111010010 G
0"
b1011110010 0
b1011110010 1
1&
#15240000
b1011110011 /
0-
0&
#15245000
1"
b1111101100100101010101011111011 #
b1111101100100101010101011111011 M
0N
1&
#15250000
1-
b1011110100 2
1(
b0 '
0S
b1110110011011001010101011101101 T
b10011100111111001001101100111001 P
b10010011010001111111100000100110 Q
b1001101101001010001100010011 O
b10 R
b10 )
b10 5
b10010011010001111111100000100110 +
b10010011010001111111100000100110 7
b1001101101001010001100010011 *
b1001101101001010001100010011 6
0&
#15255000
0:
b0 A
09
b110 C
b10011100111111001001101100111001 D
b1110110011011001010101011101101 <
0>
b0 L
b10011010111100110101101100110101 ;
b10011011111101111111101100110111 8
b1000001001010000000000010 4
1N
b10 J
b10010011010001111111100000100110 H
b10011100111111001001101100111001 E
b1110110011011001010101011101101 =
b1101101001010001100010011000000 B
b1001101101001010001100 ?
b1001101101001010001100 @
b1001101101001010001100010011 G
0"
b1011110011 0
b1011110011 1
1&
#15260000
b1011110100 /
0-
0&
#15265000
1!
1"
b0 #
b0 M
0N
1&
#15270000
1-
b1011110101 2
0(
b11101111110111011010101011011111 '
b10100011110000110110000101000111 T
b101111001111011011011001011110011 P
b11101011000101010010100011010110 Q
b10001110110110001000101000011101 O
b100 R
b100 )
b100 5
b11101011000101010010100011010110 +
b11101011000101010010100011010110 7
b10001110110110001000101000011101 *
b10001110110110001000101000011101 6
0&
#15275000
13
b1 A
19
b10110 C
b1111001111011011011001011110011 D
1F
b10100011110000110110000101000111 <
b11101111110111011010101011011111 L
b1100101110011011010001011001011 ;
b11101111110111011010101011011111 8
b10001010000100000000100000010100 4
1N
b100 J
b11101011000101010010100011010110 H
b101111001111011011011001011110011 E
b10100011110000110110000101000111 =
b10000111010000000000000000000000 B
b1000111011 ?
b11111111111111111111111000111011 @
b10001110110110001000101000011101 G
0"
b1011110100 0
b1011110100 1
1&
#15280000
b1011110101 /
0-
0&
#15285000
0!
1"
b11101111110111011010101011011111 #
b11101111110111011010101011011111 M
0N
1&
#15290000
1-
b1011110110 2
b1000001000000100000001010000010 '
b10110001101001000110010101100100 T
b101000000011010001011001010000000 P
b11000111011000100010011010001110 Q
b1111001000001101000101111110010 O
b11 R
b11 )
b11 5
b11000111011000100010011010001110 +
b11000111011000100010011010001110 7
b1111001000001101000101111110010 *
b1111001000001101000101111110010 6
0&
#15295000
b0 A
09
03
1:
b1110 C
b1000000011010001011001010000000 D
b10110001101001000110010101100100 <
b1000001000000100000001010000010 L
b10111110011001001010110101111100 ;
b11111111011001101010111111111110 8
b1000001000000100000001010000010 4
1N
b11 J
b11000111011000100010011010001110 H
b101000000011010001011001010000000 E
b10110001101001000110010101100100 =
b10100010111111001000000000000000 B
b11110010000011010 ?
b11110010000011010 @
b1111001000001101000101111110010 G
0"
b1011110101 0
b1011110101 1
1&
#15300000
b1011110110 /
0-
0&
#15305000
1"
b1000001000000100000001010000010 #
b1000001000000100000001010000010 M
0N
1&
#15310000
1-
b1011110111 2
b11111011111111101101101011110111 '
b11001101101010011011010110011011 T
b111000101010001110101101110001001 P
b11111011110011101101001011110111 Q
b11001001011110001000100010010010 O
b100 R
b100 )
b100 5
b11111011110011101101001011110111 +
b11111011110011101101001011110111 7
b11001001011110001000100010010010 *
b11001001011110001000100010010010 6
0&
#15315000
b1 A
19
0:
b10111 C
b11000101010001110101101110001001 D
b11001101101010011011010110011011 <
0>
b11111011111111101101101011110111 L
b110010101101100101101001100101 ;
b11111011111111101101101011110111 8
b11001001010010001000000010010010 4
1N
b100 J
b11111011110011101101001011110111 H
b111000101010001110101101110001001 E
b11001101101010011011010110011011 =
b1001001000000000000000000000000 B
b110010010 ?
b11111111111111111111111110010010 @
b11001001011110001000100010010010 G
0"
b1011110110 0
b1011110110 1
1&
#15320000
b1011110111 /
0-
0&
#15325000
1"
b11111011111111101101101011110111 #
b11111011111111101101101011110111 M
0N
1&
#15330000
1-
b1011111000 2
b10100010001000010000101001000100 '
b101010100010000100100110010101001 T
b110011010000100001110100100110011 P
b10100010111001110100111001000101 Q
b11110111001010011001101011101110 O
b11 R
b11 )
b11 5
b10100010111001110100111001000101 +
b10100010111001110100111001000101 7
b11110111001010011001101011101110 *
b11110111001010011001101011101110 6
0&
#15335000
b0 A
09
1>
b101 C
b10011010000100001110100100110011 D
b1010100010000100100110010101001 <
b10100010001000010000101001000100 L
b1010101110011101101010010101011 ;
b11110111111011111101111011101111 8
b10100010001000010000101001000100 4
1N
b11 J
b10100010111001110100111001000101 H
b110011010000100001110100100110011 E
b101010100010000100100110010101001 =
b11100101001100110101110111000000 B
b111101110010100110011010111 ?
b11111111101110010100110011010111 @
b11110111001010011001101011101110 G
0"
b1011110111 0
b1011110111 1
1&
#15340000
b1011111000 /
0-
0&
#15345000
1"
b10100010001000010000101001000100 #
b10100010001000010000101001000100 M
0N
1&
#15350000
1-
b1011111001 2
1(
b0 '
b11001000100101111001000110010001 T
b100110110000000100011001001101011 P
b10110110101101010101000001101101 Q
b1111111010011001110000111111110 O
b10 R
b10 )
b10 5
b10110110101101010101000001101101 +
b10110110101101010101000001101101 7
b1111111010011001110000111111110 *
b1111111010011001110000111111110 6
0&
#15355000
1:
b0 A
09
03
b1101 C
b110110000000100011001001101011 D
b11001000100101111001000110010001 <
0>
b0 L
b11001001111110011011000110010011 ;
b11111111111111011111000111111111 8
b110110000001000100000001101100 4
1N
b10 J
b10110110101101010101000001101101 H
b100110110000000100011001001101011 E
b11001000100101111001000110010001 =
b10011100001111111100000000000000 B
b111111101001100111 ?
b111111101001100111 @
b1111111010011001110000111111110 G
0"
b1011111000 0
b1011111000 1
1&
#15360000
b1011111001 /
0-
0&
#15365000
1!
1"
b0 #
b0 M
0N
1&
#15370000
1-
b1011111010 2
0(
b1010001110111111111010010100011 '
b101010001010011101101010010100011 T
b101010101110111111111010010101011 P
b10000010010010001001000000000100 Q
b11010011100101110110010010100111 O
b101 R
b101 )
b101 5
b10000010010010001001000000000100 +
b10000010010010001001000000000100 7
b11010011100101110110010010100111 *
b11010011100101110110010010100111 6
0&
#15375000
13
0:
b100 C
b1010101110111111111010010101011 D
b1010001010011101101010010100011 <
1>
b1010001110111111111010010100011 L
b1010001110111111111010010100011 ;
b11010011110111111111010010100111 8
b10000010000000000000000000000100 4
1N
b101 J
b10000010010010001001000000000100 H
b101010101110111111111010010101011 E
b101010001010011101101010010100011 =
b111001011101100100101001110000 B
b1101001110010111011001001010 ?
b11111101001110010111011001001010 @
b11010011100101110110010010100111 G
0"
b1011111001 0
b1011111001 1
1&
#15380000
b1011111010 /
0-
0&
#15385000
0!
1"
b1010001110111111111010010100011 #
b1010001110111111111010010100011 M
0N
1&
#15390000
1-
b1011111011 2
b11100100100001101101111111001001 '
b11100100100001101101111111001001 T
b100111110001000110001100001111011 P
b10101100110011100001110001011001 Q
b10010001010101001111110000100010 O
b1 R
b1 )
b1 5
b10101100110011100001110001011001 +
b10101100110011100001110001011001 7
b10010001010101001111110000100010 *
b10010001010101001111110000100010 6
0&
#15395000
b1 A
19
0>
b11001 C
b111110001000110001100001111011 D
b11100100100001101101111111001001 <
0I
b11100100100001101101111111001001 L
b111101100110101110000001111011 ;
b10111101110111101111110001111011 8
b10000000010001000001110000000000 4
1N
b1 J
b10101100110011100001110001011001 H
b100111110001000110001100001111011 E
b11100100100001101101111111001001 =
b1000100000000000000000000000000 B
b1001000 ?
b11111111111111111111111111001000 @
b10010001010101001111110000100010 G
0"
b1011111010 0
b1011111010 1
1&
#15400000
b1011111011 /
0-
0&
#15405000
1"
b11100100100001101101111111001001 #
b11100100100001101101111111001001 M
0N
1&
#15410000
1-
b1011111100 2
b110101100011101110101001101011 '
b100101100011100010110101001011001 T
b110111001100011101111001101110011 P
b11000110100011101100010010001101 Q
b11110011000000000010111011100110 O
b101 R
b101 )
b101 5
b11000110100011101100010010001101 +
b11000110100011101100010010001101 7
b11110011000000000010111011100110 *
b11110011000000000010111011100110 6
0&
#15415000
03
b0 A
09
b1101 C
b10111001100011101111001101110011 D
b101100011100010110101001011001 <
1>
b110101100011101110101001101011 L
b110101100011101110101001101011 ;
b11110111100011101110111011101111 8
b11000010000000000000010010000100 4
1N
b101 J
b11000110100011101100010010001101 H
b110111001100011101111001101110011 E
b100101100011100010110101001011001 =
b101110111001100000000000000 B
b1111001100000000001 ?
b11111111111111111001100000000001 @
b11110011000000000010111011100110 G
0"
b1011111011 0
b1011111011 1
1&
#15420000
b1011111100 /
0-
0&
#15425000
1"
b110101100011101110101001101011 #
b110101100011101110101001101011 M
0N
1&
#15430000
1-
b1011111101 2
1(
b0 '
b11100100111010001001011111001010 T
b100000110000010111101001000000 P
b11101111011000111000100111011 Q
b10110101010000100100000101 O
b111 R
b111 )
b111 5
b11101111011000111000100111011 +
b11101111011000111000100111011 7
b10110101010000100100000101 *
b10110101010000100100000101 6
0&
#15435000
b1 A
19
03
b11011 C
b100000110000010111101001000000 D
0F
b11100100111010001001011111001010 <
0>
b0 L
b11111001110010111100000111110 ;
b11111111111010111100100111111 8
b110001000000000100000001 4
1N
b111 J
b11101111011000111000100111011 H
b100000110000010111101001000000 E
b11100100111010001001011111001010 =
b101000000000000000000000000000 B
b0 ?
b0 @
b10110101010000100100000101 G
0"
b1011111100 0
b1011111100 1
1&
#15440000
b1011111101 /
0-
0&
#15445000
1!
1"
b0 #
b0 M
0N
1&
#15450000
1-
b1011111110 2
0(
b11000001101000011000000110000011 '
b11000001011000001000000110000011 T
b100001101110011011001001000011011 P
b10100110001101101000100001001100 Q
b1100111100101110000100111001111 O
b101 R
b101 )
b101 5
b10100110001101101000100001001100 +
b10100110001101101000100001001100 7
b1100111100101110000100111001111 *
b1100111100101110000100111001111 6
0&
#15455000
1:
b0 A
09
1F
b1100 C
b1101110011011001001000011011 D
b11000001011000001000000110000011 <
0>
b11000001101000011000000110000011 L
b11000001101000011000000110000011 ;
b11100111101101111000100111001111 8
b100110000101100000100001001100 4
1N
b101 J
b10100110001101101000100001001100 H
b100001101110011011001001000011011 E
b11000001011000001000000110000011 =
b1110000100111001111000000000000 B
b1100111100101110000 ?
b1100111100101110000 @
b1100111100101110000100111001111 G
0"
b1011111101 0
b1011111101 1
1&
#15460000
b1011111110 /
0-
0&
#15465000
0!
1"
b11000001101000011000000110000011 #
b11000001101000011000000110000011 M
0N
1&
#15470000
1-
b1011111111 2
b10110110011011001011111101101100 '
b10010001100101001010011100100100 T
b100111001011011110100000001110010 P
b11010011111011010100110010100111 Q
b1100101100000011111001111001011 O
b11010011111011010100110010100111 +
b11010011111011010100110010100111 7
b1100101100000011111001111001011 *
b1100101100000011111001111001011 6
0&
#15475000
b111 C
b111001011011110100000001110010 D
b10010001100101001010011100100100 <
b10110110011011001011111101101100 L
b10110110011011001011111101101100 ;
b11110111111011011111111111101111 8
b1000001100000010100000010000011 4
1N
b11010011111011010100110010100111 H
b100111001011011110100000001110010 E
b10010001100101001010011100100100 =
b11000000111110011110010110000000 B
b110010110000001111100111 ?
b110010110000001111100111 @
b1100101100000011111001111001011 G
0"
b1011111110 0
b1011111110 1
1&
#15480000
b1011111111 /
0-
0&
#15485000
1"
b10110110011011001011111101101100 #
b10110110011011001011111101101100 M
0N
1&
#15490000
1-
b1100000000 2
b1100000111011011110100011 '
b11010010100011000010000110101 T
b11111101111010011111010111111011 P
b11110001110011000011100011100011 Q
b1100000111011011110100011000 O
b1000 R
b1000 )
b1000 5
b11110001110011000011100011100011 +
b11110001110011000011100011100011 7
b1100000111011011110100011000 *
b1100000111011011110100011000 6
0&
#15495000
0:
b0 A
09
b11 C
b11111101111010011111010111111011 D
0F
b11010010100011000010000110101 <
b1100000111011011110100011 L
b11111101110100011000010111111011 ;
b11111101110111011011110111111011 8
b11000011100000000000 4
1N
b1000 J
b11110001110011000011100011100011 H
b11111101111010011111010111111011 E
b11010010100011000010000110101 =
b1100000111011011110100011000000 B
b1100000111011011110100011 ?
b1100000111011011110100011 @
b1100000111011011110100011000 G
0"
b1011111111 0
b1011111111 1
1&
#15500000
b1100000000 /
0-
0&
#15505000
1"
b1100000111011011110100011 #
b1100000111011011110100011 M
0N
1&
#15510000
1-
b1100000001 2
b110001000010110000000001100 '
b10101110101110011111111101011101 T
b10111110001000001100111101111011 P
b10000111101100110110100000001111 Q
b110110011011010110011101101100 O
b11 R
b11 )
b11 5
b10000111101100110110100000001111 +
b10000111101100110110100000001111 7
b110110011011010110011101101100 *
b110110011011010110011101101100 6
0&
#15515000
1:
b0 A
09
b1111 C
b10111110001000001100111101111011 D
b10101110101110011111111101011101 <
b110001000010110000000001100 L
b10110001110111100000111101100011 ;
b10110111111111110110111101101111 8
b110001000010110000000001100 4
1N
b11 J
b10000111101100110110100000001111 H
b10111110001000001100111101111011 E
b10101110101110011111111101011101 =
b10110011101101100000000000000000 B
b110110011011010 ?
b110110011011010 @
b110110011011010110011101101100 G
0"
b1100000000 0
b1100000000 1
1&
#15520000
b1100000001 /
0-
0&
#15525000
1"
b110001000010110000000001100 #
b110001000010110000000001100 M
0N
1&
#15530000
1-
b1100000010 2
b1 '
1S
b11000101011010001110011110001011 T
b10010101111110001100101100101011 P
b1101000010001111111000111010000 Q
b101101101100001101100101011011 O
b10 R
b10 )
b10 5
b1101000010001111111000111010000 +
b1101000010001111111000111010000 7
b101101101100001101100101011011 *
b101101101100001101100101011011 6
0&
#15535000
13
b1 A
19
0:
b10000 C
b10010101111110001100101100101011 D
b11000101011010001110011110001011 <
b1 L
b1000101111101110010100010001011 ;
b1101101111101111111100111011011 8
b101000000000001101000101010000 4
1N
b10 J
b1101000010001111111000111010000 H
b10010101111110001100101100101011 E
b11000101011010001110011110001011 =
b11011001010110110000000000000000 B
b10110110110000 ?
b10110110110000 @
b101101101100001101100101011011 G
0"
b1100000001 0
b1100000001 1
1&
#15540000
b1100000010 /
0-
0&
#15545000
1"
b1 #
b1 M
0N
1&
#15550000
1-
b1100000011 2
b101111 '
b1001011110011101000101010011000 T
b11100011100101010000111111000110 P
b11001011111000110100001010010111 Q
b10111101100011100110100101111 O
b1000 R
b1000 )
b1000 5
b11001011111000110100001010010111 +
b11001011111000110100001010010111 7
b10111101100011100110100101111 *
b10111101100011100110100101111 6
0&
#15555000
b0 A
09
03
0:
b10111 C
b11100011100101010000111111000110 D
b1001011110011101000101010011000 <
b101111 L
b11011100010100101000111110111000 ;
b11011111111100111100111110111111 8
b11101000010100000000000111 4
1N
b1000 J
b11001011111000110100001010010111 H
b11100011100101010000111111000110 E
b1001011110011101000101010011000 =
b10010111100000000000000000000000 B
b101111 ?
b101111 @
b10111101100011100110100101111 G
0"
b1100000010 0
b1100000010 1
1&
#15560000
b1100000011 /
0-
0&
#15565000
1"
b101111 #
b101111 M
0N
1&
#15570000
1-
b1100000100 2
b10000000000011000010000100000 '
b11001001010100001101000110010 T
b100000111011111010011010000001110 P
b11110111001010011000110011101110 Q
b10000010100111010011100100000 O
b11 R
b11 )
b11 5
b11110111001010011000110011101110 +
b11110111001010011000110011101110 7
b10000010100111010011100100000 *
b10000010100111010011100100000 6
0&
#15575000
1F
b1110 C
b111011111010011010000001110 D
b11001001010100001101000110010 <
b10000000000011000010000100000 L
b11100111011110100010101111001110 ;
b11110111011110111010111111101110 8
b10000000000011000010000100000 4
1N
b11 J
b11110111001010011000110011101110 H
b100000111011111010011010000001110 E
b11001001010100001101000110010 =
b11101001110010000000000000000000 B
b100000101001110 ?
b100000101001110 @
b10000010100111010011100100000 G
0"
b1100000011 0
b1100000011 1
1&
#15580000
b1100000100 /
0-
0&
#15585000
1"
b10000000000011000010000100000 #
b10000000000011000010000100000 M
0N
1&
#15590000
1-
b1100000101 2
b11001100001111010110101110010111 '
b101011001011111110011110010110011 T
b11001100001111010110101110010111 P
b111001010111110001011101110010 Q
b10010010110111100101010000100101 O
b0 R
b0 )
b0 5
b111001010111110001011101110010 +
b111001010111110001011101110010 7
b10010010110111100101010000100101 *
b10010010110111100101010000100101 6
0&
#15595000
b1 A
19
1:
1>
0F
b10010 C
b11001100001111010110101110010111 D
b1011001011111110011110010110011 <
0I
b11001100001111010110101110010111 L
b10101011100000010100001101010111 ;
b10111011110111110101011101110111 8
b10000010111100001010000100000 4
1N
b0 J
b111001010111110001011101110010 H
b11001100001111010110101110010111 E
b101011001011111110011110010110011 =
b1010000100101000000000000000000 B
b10010010110111 ?
b11111111111111111110010010110111 @
b10010010110111100101010000100101 G
0"
b1100000100 0
b1100000100 1
1&
#15600000
b1100000101 /
0-
0&
#15605000
1"
b11001100001111010110101110010111 #
b11001100001111010110101110010111 M
0N
1&
#15610000
1-
b1100000110 2
b11111101101000111100001100101011 '
b111010111111001111000101110110000 T
b11011100100100001101100110111000 P
b10010101001010011100000100 Q
b11011010001111000011001010110100 O
b1000 R
b1000 )
b1000 5
b10010101001010011100000100 +
b10010101001010011100000100 7
b11011010001111000011001010110100 *
b11011010001111000011001010110100 6
0&
#15615000
0:
b1 A
19
b100 C
b11011100100100001101100110111000 D
b11010111111001111000101110110000 <
b11111101101000111100001100101011 L
b11011000011010001001010110110000 ;
b11011010011111001011011110110100 8
b10000101000010001000000100 4
1N
b1000 J
b10010101001010011100000100 H
b11011100100100001101100110111000 E
b111010111111001111000101110110000 =
b10100011110000110010101101000000 B
b1101101000111100001100101011 ?
b11111101101000111100001100101011 @
b11011010001111000011001010110100 G
0"
b1100000101 0
b1100000101 1
1&
#15620000
b1100000110 /
0-
0&
#15625000
1"
b11111101101000111100001100101011 #
b11111101101000111100001100101011 M
0N
1&
#15630000
1-
b1100000111 2
b101001101001011100101001010011 '
b101110110101000000000011011101101 T
b100101001101001011100101001010011 P
b1011001100000101110000110110011 Q
b11010000001000101110100010100000 O
b0 R
b0 )
b0 5
b1011001100000101110000110110011 +
b1011001100000101110000110110011 7
b11010000001000101110100010100000 *
b11010000001000101110100010100000 6
0&
#15635000
1:
b1 A
19
1I
1F
b10011 C
b101001101001011100101001010011 D
b1110110101000000000011011101101 <
b101001101001011100101001010011 L
b10001001101000000000100100010011 ;
b11011001101000101110100110110011 8
b1010000000000101110000010100000 4
1N
b0 J
b1011001100000101110000110110011 H
b100101001101001011100101001010011 E
b101110110101000000000011011101101 =
b1000101000000000000000000000000 B
b1101000000100 ?
b11111111111111111111101000000100 @
b11010000001000101110100010100000 G
0"
b1100000110 0
b1100000110 1
1&
#15640000
b1100000111 /
0-
0&
#15645000
1%
1"
b101001101001011100101001010011 #
b101001101001011100101001010011 M
0N
1&
#15650000
1-
b1100001000 2
b10000000000000000000000000000000 '
b10100010001100101010110101000100 T
b11000001100010111110100110000010 P
b10001111101011001001111000011111 Q
b110001110111110100101101100011 O
b110 R
b110 )
b110 5
b10001111101011001001111000011111 +
b10001111101011001001111000011111 7
b110001110111110100101101100011 *
b110001110111110100101101100011 6
0&
#15655000
b0 A
09
1:
b11111 C
b11000001100010111110100110000010 D
0F
b10100010001100101010110101000100 <
0>
0I
b10000000000000000000000000000000 L
b10111110011100111101010101111100 ;
b10111111111111111101111101111111 8
b1100011000000101000000011 4
1N
b110 J
b10001111101011001001111000011111 H
b11000001100010111110100110000010 E
b10100010001100101010110101000100 =
b10000000000000000000000000000000 B
b0 ?
b0 @
b110001110111110100101101100011 G
0"
b1100000111 0
b1100000111 1
1&
#15660000
b1100001000 /
0-
0&
#15665000
0%
1"
b10000000000000000000000000000000 #
b10000000000000000000000000000000 M
0N
1&
#15670000
1-
b1100001001 2
b11011100011 '
b11100100000110111101101111001000 T
b11111000010111001001001111110000 P
b10001010001000000101110000010100 Q
b1101110001111000011011111011100 O
b111 R
b111 )
b111 5
b10001010001000000101110000010100 +
b10001010001000000101110000010100 7
b1101110001111000011011111011100 *
b1101110001111000011011111011100 6
0&
#15675000
b11011100011 ?
b11011100011 @
b10100 C
b11111000010111001001001111110000 D
b11100100000110111101101111001000 <
b11011100011 L
b11100100000111000110101111001000 ;
b11101110001111000111111111011100 8
b1010001000000001010000010100 4
1N
b111 J
b10001010001000000101110000010100 H
b11111000010111001001001111110000 E
b11100100000110111101101111001000 =
b1111101110000000000000000000000 B
b1101110001111000011011111011100 G
0"
b1100001000 0
b1100001000 1
1&
#15680000
b1100001001 /
0-
0&
#15685000
1"
b11011100011 #
b11011100011 M
0N
1&
#15690000
1-
b1100001010 2
b10001101001011010000010100011001 '
b10101000010010111110101101010001 T
b110001101001011010000010100011001 P
b11110010011100001000110011100100 Q
b10011010101111000111100000110101 O
b0 R
b0 )
b0 5
b11110010011100001000110011100100 +
b11110010011100001000110011100100 7
b10011010101111000111100000110101 *
b10011010101111000111100000110101 6
0&
#15695000
b1 A
19
0:
1I
b100 C
b10001101001011010000010100011001 D
1F
b10101000010010111110101101010001 <
0>
b10001101001011010000010100011001 L
b1101000110011001111010011010001 ;
b11111010111111001111110011110101 8
b10010010001100000000100000100100 4
1N
b0 J
b11110010011100001000110011100100 H
b110001101001011010000010100011001 E
b10101000010010111110101101010001 =
b10101011110001111000001101010000 B
b1001101010111100011110000011 ?
b11111001101010111100011110000011 @
b10011010101111000111100000110101 G
0"
b1100001001 0
b1100001001 1
1&
#15700000
b1100001010 /
0-
0&
#15705000
1%
1"
b10001101001011010000010100011001 #
b10001101001011010000010100011001 M
0N
1&
#15710000
1-
b1100001011 2
b10110000001001001010110101100000 '
b10001111111001001010010100100000 T
b100111110010110101010111001111100 P
b11010111001110110000010010101110 Q
b1100111000111111010100111001110 O
b101 R
b101 )
b101 5
b11010111001110110000010010101110 +
b11010111001110110000010010101110 7
b1100111000111111010100111001110 *
b1100111000111111010100111001110 6
0&
#15715000
b0 A
09
03
1:
b1110 C
b111110010110101010111001111100 D
b10001111111001001010010100100000 <
0I
b10110000001001001010110101100000 L
b10110000001001001010110101100000 ;
b11110111001111111010110111101110 8
b1000111000110110000000010001110 4
1N
b101 J
b11010111001110110000010010101110 H
b100111110010110101010111001111100 E
b10001111111001001010010100100000 =
b11101010011100111000000000000000 B
b11001110001111110 ?
b11001110001111110 @
b1100111000111111010100111001110 G
0"
b1100001010 0
b1100001010 1
1&
#15720000
b1100001011 /
0-
0&
#15725000
0%
1"
b10110000001001001010110101100000 #
b10110000001001001010110101100000 M
0N
1&
#15730000
1-
b1100001100 2
1(
b0 '
0S
b100001010100100101011101000010101 T
b10101111010000010101110101011101 P
b1010010010101110101000110100100 Q
b1011100111010100000101110111001 O
b10 R
b10 )
b10 5
b1010010010101110101000110100100 +
b1010010010101110101000110100100 7
b1011100111010100000101110111001 *
b1011100111010100000101110111001 6
0&
#15735000
13
0:
1>
0F
b100 C
b10101111010000010101110101011101 D
b1010100100101011101000010101 <
b0 L
b1110101111010101101000011101 ;
b1011110111111110101101110111101 8
b1010000010000100000000110100000 4
1N
b10 J
b1010010010101110101000110100100 H
b10101111010000010101110101011101 E
b100001010100100101011101000010101 =
b11001110101000001011101110010000 B
b101110011101010000010111011 ?
b101110011101010000010111011 @
b1011100111010100000101110111001 G
0"
b1100001011 0
b1100001011 1
1&
#15740000
b1100001100 /
0-
0&
#15745000
1!
1"
b0 #
b0 M
0N
1&
#15750000
1-
b1100001101 2
0(
b100110111000110101010001001101 '
b100100110111000110101010001001101 T
b100110011111010111000010001100111 P
b10000110100001000001100000001101 Q
b10101101011001110110110001011010 O
b1 R
b1 )
b1 5
b10000110100001000001100000001101 +
b10000110100001000001100000001101 7
b10101101011001110110110001011010 *
b10101101011001110110110001011010 6
0&
#15755000
13
1F
b1101 C
b110011111010111000010001100111 D
b100110111000110101010001001101 <
1I
b100110111000110101010001001101 L
b101011111000110111010001010111 ;
b10101111111001110111110001011111 8
b10000100000001000000100000001000 4
1N
b1 J
b10000110100001000001100000001101 H
b100110011111010111000010001100111 E
b100100110111000110101010001001101 =
b11101101100010110100000000000000 B
b1010110101100111011 ?
b11111111111111010110101100111011 @
b10101101011001110110110001011010 G
0"
b1100001100 0
b1100001100 1
1&
#15760000
b1100001101 /
0-
0&
#15765000
0!
1%
1"
b100110111000110101010001001101 #
b100110111000110101010001001101 M
0N
1&
#15770000
1-
b1100001110 2
b1011000111101011000011010110010 '
b101011000111101011000011010110010 T
b10101101110011001000110101011010 P
b101010011010111000001101010100 Q
b10000011011000010000101000000110 O
b101010011010111000001101010100 +
b101010011010111000001101010100 7
b10000011011000010000101000000110 *
b10000011011000010000101000000110 6
0&
#15775000
1K
1:
03
b1 A
19
0F
b10100 C
b10101101110011001000110101011010 D
b1011000111101011000011010110010 <
1>
1I
b1011000111101011000011010110010 L
b10101001000010101000100101010010 ;
b10101011011010111000101101010110 8
b10011000010000001000000100 4
1N
b101010011010111000001101010100 H
b10101101110011001000110101011010 E
b101011000111101011000011010110010 =
b10100000011000000000000000000000 B
b100000110110 ?
b11111111111111111111100000110110 @
b10000011011000010000101000000110 G
0"
b1100001101 0
b1100001101 1
1&
#15780000
b1100001110 /
0-
0&
#15785000
1$
1"
b1011000111101011000011010110010 #
b1011000111101011000011010110010 M
0N
1&
#15790000
1-
b1100001111 2
1(
b0 '
b100011101111001111101101000111011 T
b110111111000101001111101101111101 P
b11010000100101101001000010100001 Q
b11101110011111100110101011011100 O
b10 R
b10 )
b10 5
b11010000100101101001000010100001 +
b11010000100101101001000010100001 7
b11101110011111100110101011011100 *
b11101110011111100110101011011100 6
0&
#15795000
0:
b0 A
09
b1 C
b10111111000101001111101101111101 D
1F
b11101111001111101101000111011 <
0K
0I
b0 L
b111110111010001111101001111101 ;
b11111110111111101111101011111101 8
b11000000000101100000000010000000 4
1N
b10 J
b11010000100101101001000010100001 H
b110111111000101001111101101111101 E
b100011101111001111101101000111011 =
b11011100111111001101010110111000 B
b1110111001111110011010101101110 ?
b11110111001111110011010101101110 @
b11101110011111100110101011011100 G
0"
b1100001110 0
b1100001110 1
1&
#15800000
b1100001111 /
0-
0&
#15805000
1!
0$
0%
1"
b0 #
b0 M
0N
1&
#15810000
1-
b1100010000 2
0(
b1111010 '
b10100001011000011100010101000011 T
b11011000101100001100010110110001 P
b10011011101001111000000000110111 Q
b111101000010010100010101111010 O
b111 R
b111 )
b111 5
b10011011101001111000000000110111 +
b10011011101001111000000000110111 7
b111101000010010100010101111010 *
b111101000010010100010101111010 6
0&
#15815000
1:
b0 A
09
03
0F
b10111 C
b11011000101100001100010110110001 D
b10100001011000011100010101000011 <
0>
b1111010 L
b10100110101011101100010101001101 ;
b10111111101011111100010101111111 8
b11001000000010000000000110010 4
1N
b111 J
b10011011101001111000000000110111 H
b11011000101100001100010110110001 E
b10100001011000011100010101000011 =
b10111101000000000000000000000000 B
b1111010 ?
b1111010 @
b111101000010010100010101111010 G
0"
b1100001111 0
b1100001111 1
1&
#15820000
b1100010000 /
0-
0&
#15825000
0!
1"
b1111010 #
b1111010 M
0N
1&
#15830000
1-
b1100010001 2
b11000110001010100010010110000000 '
b110100001100110010010100101000100 T
b10101001011111110111111101010010 P
b11111100110010101100000111 Q
b10100101100011000101010001001011 O
b110 R
b110 )
b110 5
b11111100110010101100000111 +
b11111100110010101100000111 7
b10100101100011000101010001001011 *
b10100101100011000101010001001011 6
0&
#15835000
b1 A
19
0:
b111 C
b10101001011111110111111101010010 D
b10100001100110010010100101000100 <
1>
b11000110001010100010010110000000 L
b10100110011111110111111101001100 ;
b10100111111111110111111101001111 8
b1100000000000000000000011 4
1N
b110 J
b11111100110010101100000111 H
b10101001011111110111111101010010 E
b110100001100110010010100101000100 =
b11000110001010100010010110000000 B
b1010010110001100010101000 ?
b11111111010010110001100010101000 @
b10100101100011000101010001001011 G
0"
b1100010000 0
b1100010000 1
1&
#15840000
b1100010001 /
0-
0&
#15845000
1"
b11000110001010100010010110000000 #
b11000110001010100010010110000000 M
0N
1&
#15850000
1-
b1100010010 2
b11111111111111111111111111111110 '
b101111101001100111101111011111011 T
b11011011110101101010110110110111 P
b101111010100010110011101011110 Q
b10101100100001010100011001011001 O
b1000 R
b1000 )
b1000 5
b101111010100010110011101011110 +
b101111010100010110011101011110 7
b10101100100001010100011001011001 *
b10101100100001010100011001011001 6
0&
#15855000
1:
b1 A
19
b11110 C
b11011011110101101010110110110111 D
b1111101001100111101111011111011 <
b11111111111111111111111111111110 L
b10000011110101000010000100000111 ;
b10101111110101010110011101011111 8
b101100000000010100011001011000 4
1N
b1000 J
b101111010100010110011101011110 H
b11011011110101101010110110110111 E
b101111101001100111101111011111011 =
b1000000000000000000000000000000 B
b10 ?
b11111111111111111111111111111110 @
b10101100100001010100011001011001 G
0"
b1100010001 0
b1100010001 1
1&
#15860000
b1100010010 /
0-
0&
#15865000
1"
b11111111111111111111111111111110 #
b11111111111111111111111111111110 M
0N
1&
#15870000
1-
b1100010011 2
b1101111101111011111001111011111 '
b101011101011001010010111010111011 T
b1111000110111011111010011110001 P
b1101101111000110001100011011 Q
b1101011001000011001000111010110 O
b100 R
b100 )
b100 5
b1101101111000110001100011011 +
b1101101111000110001100011011 7
b1101011001000011001000111010110 *
b1101011001000011001000111010110 6
0&
#15875000
b0 A
09
0:
b11011 C
b1111000110111011111010011110001 D
b1011101011001010010111010111011 <
b1101111101111011111001111011111 L
b1100110100111011111001011001101 ;
b1101111101111011111001111011111 8
b1001001000000000000100010010 4
1N
b100 J
b1101101111000110001100011011 H
b1111000110111011111010011110001 E
b101011101011001010010111010111011 =
b10110000000000000000000000000000 B
b1101 ?
b1101 @
b1101011001000011001000111010110 G
0"
b1100010010 0
b1100010010 1
1&
#15880000
b1100010011 /
0-
0&
#15885000
1"
b1101111101111011111001111011111 #
b1101111101111011111001111011111 M
0N
1&
#15890000
1-
b1100010100 2
b10001101101001110100100100011011 '
b110001101101001110100100100011011 T
b101010111110101010110110010101111 P
b1100101000101110001000111001010 Q
b11110010101111100101101011100101 O
b1 R
b1 )
b1 5
b1100101000101110001000111001010 +
b1100101000101110001000111001010 7
b11110010101111100101101011100101 *
b11110010101111100101101011100101 6
0&
#15895000
b1 A
19
0K
03
0:
b1010 C
b1010111110101010110110010101111 D
1F
b10001101101001110100100100011011 <
1I
b10001101101001110100100100011011 L
b10010111101010010100101100101111 ;
b11110111101111110101101111101111 8
b1100000000101100001000011000000 4
1N
b1 J
b1100101000101110001000111001010 H
b101010111110101010110110010101111 E
b110001101101001110100100100011011 =
b11111001011010111001010000000000 B
b1111001010111110010110 ?
b11111111111111001010111110010110 @
b11110010101111100101101011100101 G
0"
b1100010011 0
b1100010011 1
1&
#15900000
b1100010100 /
0-
0&
#15905000
1%
1"
b10001101101001110100100100011011 #
b10001101101001110100100100011011 M
0N
1&
#15910000
1-
b1100010101 2
b1001011100001101101000010011 '
b100001001011100001101101000010011 T
b1010001110101011100010010100011 P
b100100001100100111010101001000 Q
b101101101000110100111101011011 O
b100100001100100111010101001000 +
b100100001100100111010101001000 7
b101101101000110100111101011011 *
b101101101000110100111101011011 6
0&
#15915000
b0 A
09
b1000 C
b1010001110101011100010010100011 D
0F
b1001011100001101101000010011 <
1>
1I
b1001011100001101101000010011 L
b1001100100010011101000010011 ;
b101101101100110111111101011011 8
b100100001000100100010101001000 4
1N
b100100001100100111010101001000 H
b1010001110101011100010010100011 E
b100001001011100001101101000010011 =
b10100011010011110101101100000000 B
b1011011010001101001111 ?
b1011011010001101001111 @
b101101101000110100111101011011 G
0"
b1100010100 0
b1100010100 1
1&
#15920000
b1100010101 /
0-
0&
#15925000
1"
b1001011100001101101000010011 #
b1001011100001101101000010011 M
0N
1&
#15930000
1-
b1100010110 2
b1000000000100100000000 '
b11010111010001100111001110101111 T
b101001000110101010011001010001 P
b101000111010100001100101010001 Q
b1100001000110100000000 O
b11 R
b11 )
b11 5
b101000111010100001100101010001 +
b101000111010100001100101010001 7
b1100001000110100000000 *
b1100001000110100000000 6
0&
#15935000
b1 A
19
b10001 C
b101001000110101010011001010001 D
b11010111010001100111001110101111 <
0>
0I
b1000000000100100000000 L
b101000110110101001010001010001 ;
b101000111110101001110101010001 8
b1000000000100100000000 4
1N
b11 J
b101000111010100001100101010001 H
b101001000110101010011001010001 E
b11010111010001100111001110101111 =
b11010000000000000000000000000 B
b11000 ?
b11000 @
b1100001000110100000000 G
0"
b1100010101 0
b1100010101 1
1&
#15940000
b1100010110 /
0-
0&
#15945000
0%
1"
b1000000000100100000000 #
b1000000000100100000000 M
0N
1&
#15950000
1-
b1100010111 2
b10110000100110000010011101100001 '
b110101111100010000001110101011111 T
b11001101011001101101011110011001 P
b1110111011110101110100011101 Q
b10111110011101110111101001111100 O
b101 R
b101 )
b101 5
b1110111011110101110100011101 +
b1110111011110101110100011101 7
b10111110011101110111101001111100 *
b10111110011101110111101001111100 6
0&
#15955000
03
b11101 C
b11001101011001101101011110011001 D
b10101111100010000001110101011111 <
1>
b10110000100110000010011101100001 L
b10110000100110000010011101100001 ;
b10111110111111110111111101111101 8
b1110011001110101100000011100 4
1N
b101 J
b1110111011110101110100011101 H
b11001101011001101101011110011001 E
b110101111100010000001110101011111 =
b10000000000000000000000000000000 B
b101 ?
b11111111111111111111111111111101 @
b10111110011101110111101001111100 G
0"
b1100010110 0
b1100010110 1
1&
#15960000
b1100010111 /
0-
0&
#15965000
1"
b10110000100110000010011101100001 #
b10110000100110000010011101100001 M
0N
1&
#15970000
1-
b1100011000 2
b10000101100100101000101100001010 '
b101101100010110101100110011011000 T
b10000101100100101000101100001010 P
b1100100110111101111100011001 Q
b1111000111101101010101111110001 O
b0 R
b0 )
b0 5
b1100100110111101111100011001 +
b1100100110111101111100011001 7
b1111000111101101010101111110001 *
b1111000111101101010101111110001 6
0&
#15975000
1K
13
b0 A
09
b11001 C
b10000101100100101000101100001010 D
b1101100010110101100110011011000 <
b10000101100100101000101100001010 L
b1110100011011010111010011101000 ;
b1111100111111111111111111111001 8
b1000100100101000101100010001 4
1N
b0 J
b1100100110111101111100011001 H
b10000101100100101000101100001010 E
b101101100010110101100110011011000 =
b11100010000000000000000000000000 B
b111100 ?
b111100 @
b1111000111101101010101111110001 G
0"
b1100010111 0
b1100010111 1
1&
#15980000
b1100011000 /
0-
0&
#15985000
1$
1"
b10000101100100101000101100001010 #
b10000101100100101000101100001010 M
0N
1&
#15990000
1-
b1100011001 2
b11111111111111111110111111111000 '
b110010111000011011110010100101110 T
b100101000110100111001010001010000 P
b1001000111000101101011110010001 Q
b11011111111100001011110010111111 O
b1000 R
b1000 )
b1000 5
b1001000111000101101011110010001 +
b1001000111000101101011110010001 7
b11011111111100001011110010111111 *
b11011111111100001011110010111111 6
0&
#15995000
b1 A
19
03
0:
1F
b10001 C
b101000110100111001010001010000 D
b10010111000011011110010100101110 <
0K
b11111111111111111110111111111000 L
b10010111000100100110101100101110 ;
b11011111111100101111111110111111 8
b1001000111000001001010010010001 4
1N
b1000 J
b1001000111000101101011110010001 H
b100101000110100111001010001010000 E
b110010111000011011110010100101110 =
b1111001011111100000000000000000 B
b110111111111000 ?
b11111111111111111110111111111000 @
b11011111111100001011110010111111 G
0"
b1100011000 0
b1100011000 1
1&
#16000000
b1100011001 /
0-
0&
#16005000
0$
1"
b11111111111111111110111111111000 #
b11111111111111111110111111111000 M
0N
1&
#16010000
1-
b1100011010 2
b10100001000100000011101001000010 '
b11010110010111001100001110101101 T
b110011000110011111011100100110001 P
b11100001001110010111101011000010 Q
b10110111100101100011111001101111 O
b11 R
b11 )
b11 5
b11100001001110010111101011000010 +
b11100001001110010111101011000010 7
b10110111100101100011111001101111 *
b10110111100101100011111001101111 6
0&
#16015000
b1 A
19
0>
b10 C
b10011000110011111011100100110001 D
b11010110010111001100001110101101 <
b10100001000100000011101001000010 L
b1010110101011110100010010101101 ;
b11110111101111110111111011101111 8
b10100001000100000011101001000010 4
1N
b11 J
b11100001001110010111101011000010 H
b110011000110011111011100100110001 E
b11010110010111001100001110101101 =
b11011110010110001111100110111100 B
b101101111001011000111110011011 ?
b11101101111001011000111110011011 @
b10110111100101100011111001101111 G
0"
b1100011001 0
b1100011001 1
1&
#16020000
b1100011010 /
0-
0&
#16025000
1"
b10100001000100000011101001000010 #
b10100001000100000011101001000010 M
0N
1&
#16030000
1-
b1100011011 2
b1000111111101001101101010001111 '
b11000111111011000010010110001111 T
b110111000000010001110001101101111 P
b11111000000011100101111011110000 Q
b10111111111110101000010001111111 O
b101 R
b101 )
b101 5
b11111000000011100101111011110000 +
b11111000000011100101111011110000 7
b10111111111110101000010001111111 *
b10111111111110101000010001111111 6
0&
#16035000
b10000 C
b10111000000010001110001101101111 D
b11000111111011000010010110001111 <
b1000111111101001101101010001111 L
b1000111111101001101101010001111 ;
b11111111111111101101111011111111 8
b10111000000010100000010001110000 4
1N
b101 J
b11111000000011100101111011110000 H
b110111000000010001110001101101111 E
b11000111111011000010010110001111 =
b10000100011111110000000000000000 B
b1011111111111010 ?
b11111111111111111011111111111010 @
b10111111111110101000010001111111 G
0"
b1100011010 0
b1100011010 1
1&
#16040000
b1100011011 /
0-
0&
#16045000
1"
b1000111111101001101101010001111 #
b1000111111101001101101010001111 M
0N
1&
#16050000
1-
b1100011100 2
b1110101000000000000000000000000 '
b110101110011000111100011101011101 T
b11000110101100110110000110001101 P
b1100001001111100110100011000 Q
b10111010100010111001010001110101 O
b110 R
b110 )
b110 5
b1100001001111100110100011000 +
b1100001001111100110100011000 7
b10111010100010111001010001110101 *
b10111010100010111001010001110101 6
0&
#16055000
1>
0F
b11000 C
b11000110101100110110000110001101 D
b10101110011000111100011101011101 <
b1110101000000000000000000000000 L
b10110110101011000101100101101101 ;
b10111110101011111101110101111101 8
b1000000000111000010000010000 4
1N
b110 J
b1100001001111100110100011000 H
b11000110101100110110000110001101 E
b110101110011000111100011101011101 =
b1110101000000000000000000000000 B
b10111010 ?
b11111111111111111111111110111010 @
b10111010100010111001010001110101 G
0"
b1100011011 0
b1100011011 1
1&
#16060000
b1100011100 /
0-
0&
#16065000
1"
b1110101000000000000000000000000 #
b1110101000000000000000000000000 M
0N
1&
#16070000
1-
b1100011101 2
b100010111000010011 '
b100010100100000111100111000101001 T
b100000010100001100010111000000101 P
b1110111000000010010111111101110 Q
b10001011100001001111111000010111 O
b111 R
b111 )
b111 5
b1110111000000010010111111101110 +
b1110111000000010010111111101110 7
b10001011100001001111111000010111 *
b10001011100001001111111000010111 6
0&
#16075000
1:
b1 A
19
1F
b1110 C
b10100001100010111000000101 D
b10100100000111100111000101001 <
b100010111000010011 L
b11111100100001011101000111111001 ;
b11111111100001011111111111111111 8
b11000000000010111000000110 4
1N
b111 J
b1110111000000010010111111101110 H
b100000010100001100010111000000101 E
b100010100100000111100111000101001 =
b111111100001011100000000000000 B
b100010111000010011 ?
b11111111111111100010111000010011 @
b10001011100001001111111000010111 G
0"
b1100011100 0
b1100011100 1
1&
#16080000
b1100011101 /
0-
0&
#16085000
1"
b100010111000010011 #
b100010111000010011 M
0N
1&
#16090000
1-
b1100011110 2
b111011011010101101011001110110 '
b11010100100101100100110110101010 T
b100111100100101010010011001111000 P
b10110011111111110110110001100111 Q
b10001000100101011011101000010001 O
b101 R
b101 )
b101 5
b10110011111111110110110001100111 +
b10110011111111110110110001100111 7
b10001000100101011011101000010001 *
b10001000100101011011101000010001 6
0&
#16095000
13
0:
0>
b111 C
b111100100101010010011001111000 D
b11010100100101100100110110101010 <
b111011011010101101011001110110 L
b111011011010101101011001110110 ;
b10111011111111111111111001110111 8
b10000000100101010010100000000001 4
1N
b101 J
b10110011111111110110110001100111 H
b100111100100101010010011001111000 E
b11010100100101100100110110101010 =
b1001010110111010000100010000000 B
b1000100010010101101110100 ?
b11111111000100010010101101110100 @
b10001000100101011011101000010001 G
0"
b1100011101 0
b1100011101 1
1&
#16100000
b1100011110 /
0-
0&
#16105000
1"
b111011011010101101011001110110 #
b111011011010101101011001110110 M
0N
1&
#16110000
1-
b1100011111 2
b10000110 '
b10011010100111001100110100110101 T
b101110010110001010101101011100101 P
b11101100000101000100011011011000 Q
b10000110101100010001010000001101 O
b111 R
b111 )
b111 5
b11101100000101000100011011011000 +
b11101100000101000100011011011000 7
b10000110101100010001010000001101 *
b10000110101100010001010000001101 6
0&
#16115000
b11000 C
b1110010110001010101101011100101 D
b10011010100111001100110100110101 <
b10000110 L
b1101010101001010101001011010101 ;
b11101110101101010101011011011101 8
b10000100000100000000010000001000 4
1N
b111 J
b11101100000101000100011011011000 H
b101110010110001010101101011100101 E
b10011010100111001100110100110101 =
b1101000000000000000000000000 B
b10000110 ?
b11111111111111111111111110000110 @
b10000110101100010001010000001101 G
0"
b1100011110 0
b1100011110 1
1&
#16120000
b1100011111 /
0-
0&
#16125000
1"
b10000110 #
b10000110 M
0N
1&
#16130000
1-
b1100100000 2
b11110111111010101111110111101111 '
b10110110100110011100010101101101 T
b11111000111010110011010111110001 P
b10100001001010001011100001000010 Q
b1010111110000100111110110101111 O
b100 R
b100 )
b100 5
b10100001001010001011100001000010 +
b10100001001010001011100001000010 7
b1010111110000100111110110101111 *
b1010111110000100111110110101111 6
0&
#16135000
b0 A
09
03
1:
0F
b10 C
b11111000111010110011010111110001 D
b10110110100110011100010101101101 <
b11110111111010101111110111101111 L
b11110110111010101100010111101101 ;
b11110111111010101111110111101111 8
b1000000000011100000000010 4
1N
b100 J
b10100001001010001011100001000010 H
b11111000111010110011010111110001 E
b10110110100110011100010101101101 =
b1011111000010011111011010111100 B
b10101111100001001111101101011 ?
b10101111100001001111101101011 @
b1010111110000100111110110101111 G
0"
b1100011111 0
b1100011111 1
1&
#16140000
b1100100000 /
0-
0&
#16145000
1"
b11110111111010101111110111101111 #
b11110111111010101111110111101111 M
0N
1&
#16150000
1-
b1100100001 2
b11111111110110100010110111111111 '
b110101011010101100001001101010111 T
b100000000001000101101000111111111 P
b101010011001100101111101010100 Q
b11010101101111000111001010101011 O
b101 R
b101 )
b101 5
b101010011001100101111101010100 +
b101010011001100101111101010100 7
b11010101101111000111001010101011 *
b11010101101111000111001010101011 6
0&
#16155000
b1 A
19
0:
b10100 C
b1000101101000111111111 D
1F
b10101011010101100001001101010111 <
1>
b11111111110110100010110111111111 L
b11111111110110100010110111111111 ;
b11111111111111100111111111111111 8
b1001000101001000000000 4
1N
b101 J
b101010011001100101111101010100 H
b100000000001000101101000111111111 E
b110101011010101100001001101010111 =
b101010101100000000000000000000 B
b110101011011 ?
b11111111111111111111110101011011 @
b11010101101111000111001010101011 G
0"
b1100100000 0
b1100100000 1
1&
#16160000
b1100100001 /
0-
0&
#16165000
1"
b11111111110110100010110111111111 #
b11111111110110100010110111111111 M
0N
1&
#16170000
1-
b1100100010 2
b11110001011100100010111111100010 '
b100010101000000101001010000101010 T
b11110001011100100010111111100010 P
b1101110001101111100110111011100 Q
b10000011001110100110001000000110 O
b0 R
b0 )
b0 5
b1101110001101111100110111011100 +
b1101110001101111100110111011100 7
b10000011001110100110001000000110 *
b10000011001110100110001000000110 6
0&
#16175000
1:
b1 A
19
b11100 C
b11110001011100100010111111100010 D
0F
b10101000000101001010000101010 <
0I
b11110001011100100010111111100010 L
b11101101000011011010111111011010 ;
b11101111001111111110111111011110 8
b10001100100100000000000100 4
1N
b0 J
b1101110001101111100110111011100 H
b11110001011100100010111111100010 E
b100010101000000101001010000101010 =
b1100000000000000000000000000000 B
b1000 ?
b11111111111111111111111111111000 @
b10000011001110100110001000000110 G
0"
b1100100001 0
b1100100001 1
1&
#16180000
b1100100010 /
0-
0&
#16185000
1"
b11110001011100100010111111100010 #
b11110001011100100010111111100010 M
0N
1&
#16190000
1-
b1100100011 2
b10111011010001010111100101110110 '
b100001010000101011001000000010100 T
b110111011010001010111100101110110 P
b11011000100101111111010010110001 Q
b11100010101011011000010011000101 O
b11011000100101111111010010110001 +
b11011000100101111111010010110001 7
b11100010101011011000010011000101 *
b11100010101011011000010011000101 6
0&
#16195000
b0 A
09
0:
1I
b10001 C
b10111011010001010111100101110110 D
1F
b1010000101011001000000010100 <
b10111011010001010111100101110110 L
b111010001110100111000001110100 ;
b11111010101111111111010011110101 8
b11000000100001011000010010000001 4
1N
b11011000100101111111010010110001 H
b110111011010001010111100101110110 E
b100001010000101011001000000010100 =
b1001100010100000000000000000 B
b111000101010110 ?
b11111111111111111111000101010110 @
b11100010101011011000010011000101 G
0"
b1100100010 0
b1100100010 1
1&
#16200000
b1100100011 /
0-
0&
#16205000
1%
1"
b10111011010001010111100101110110 #
b10111011010001010111100101110110 M
0N
1&
#16210000
1-
b1100100100 2
b10001000010100000000 '
b10110111110001000011011101101111 T
b1111111110101010100001011111111 P
b1100100000010001000010111001000 Q
b11011110011001011110100110111 O
b11 R
b11 )
b11 5
b1100100000010001000010111001000 +
b1100100000010001000010111001000 7
b11011110011001011110100110111 *
b11011110011001011110100110111 6
0&
#16215000
b1 A
19
03
b1000 C
b1111111110101010100001011111111 D
0F
b10110111110001000011011101101111 <
0>
0I
b10001000010100000000 L
b1111111110001000011100011111111 ;
b1111111110011001011110111111111 8
b10001000010100000000 4
1N
b11 J
b1100100000010001000010111001000 H
b1111111110101010100001011111111 E
b10110111110001000011011101101111 =
b11001100101111010011011100000000 B
b110111100110010111101 ?
b110111100110010111101 @
b11011110011001011110100110111 G
0"
b1100100011 0
b1100100011 1
1&
#16220000
b1100100100 /
0-
0&
#16225000
0%
1"
b10001000010100000000 #
b10001000010100000000 M
0N
1&
#16230000
1-
b1100100101 2
b1110010011110000011010011100101 '
b1110010011110000011010011100101 T
b10100101000001101011110101001001 P
b10011001010001110100010000110010 Q
b1011101111110111100100010111 O
b1 R
b1 )
b1 5
b10011001010001110100010000110010 +
b10011001010001110100010000110010 7
b1011101111110111100100010111 *
b1011101111110111100100010111 6
0&
#16235000
b0 A
09
0K
0:
b10010 C
b10100101000001101011110101001001 D
b1110010011110000011010011100101 <
b1110010011110000011010011100101 L
b10010010111110000011110100100101 ;
b10011011111111110111110100110111 8
b1001000001110100000000010010 4
1N
b1 J
b10011001010001110100010000110010 H
b10100101000001101011110101001001 E
b1110010011110000011010011100101 =
b11100100010111000000000000000000 B
b1011101111 ?
b1011101111 @
b1011101111110111100100010111 G
0"
b1100100100 0
b1100100100 1
1&
#16240000
b1100100101 /
0-
0&
#16245000
1"
b1110010011110000011010011100101 #
b1110010011110000011010011100101 M
0N
1&
#16250000
1-
b1100100110 2
b11110000000000000000000000000000 '
b110000001101000010001101100000011 T
b10111100110101100001000101111001 P
b11101100110100111101100111011 Q
b10011111001110111001011000111110 O
b110 R
b110 )
b110 5
b11101100110100111101100111011 +
b11101100110100111101100111011 7
b10011111001110111001011000111110 *
b10011111001110111001011000111110 6
0&
#16255000
b1 A
19
0:
b11011 C
b10111100110101100001000101111001 D
b10000001101000010001101100000011 <
1>
b11110000000000000000000000000000 L
b10000010101000011110110100000101 ;
b10011111101110111111111100111111 8
b11101000110100001001000111010 4
1N
b110 J
b11101100110100111101100111011 H
b10111100110101100001000101111001 E
b110000001101000010001101100000011 =
b11110000000000000000000000000000 B
b10011 ?
b11111111111111111111111111110011 @
b10011111001110111001011000111110 G
0"
b1100100101 0
b1100100101 1
1&
#16260000
b1100100110 /
0-
0&
#16265000
1"
b11110000000000000000000000000000 #
b11110000000000000000000000000000 M
0N
1&
#16270000
1-
b1100100111 2
b1010101010000011111000010101011 '
b1010101010000011111000010101011 T
b10110111110110101000010101101111 P
b10110001010011000100101001100010 Q
b110100011100011101100001101 O
b1 R
b1 )
b1 5
b10110001010011000100101001100010 +
b10110001010011000100101001100010 7
b110100011100011101100001101 *
b110100011100011101100001101 6
0&
#16275000
b0 A
09
0K
0:
b10 C
b10110111110110101000010101101111 D
b1010101010000011111000010101011 <
0>
0I
b1010101010000011111000010101011 L
b10110111110000100111000101101111 ;
b10110111110011100111101101101111 8
b11000000101000000000 4
1N
b1 J
b10110001010011000100101001100010 H
b10110111110110101000010101101111 E
b1010101010000011111000010101011 =
b11010001110001110110000110100 B
b1101000111000111011000011 ?
b1101000111000111011000011 @
b110100011100011101100001101 G
0"
b1100100110 0
b1100100110 1
1&
#16280000
b1100100111 /
0-
0&
#16285000
1"
b1010101010000011111000010101011 #
b1010101010000011111000010101011 M
0N
1&
#16290000
1-
b1100101000 2
1(
b0 '
b1010010100110101010101010100101 T
b11110001111101001100011111100011 P
b11001111101011010000111010011111 Q
b100010010001111011100101000100 O
b110 R
b110 )
b110 5
b11001111101011010000111010011111 +
b11001111101011010000111010011111 7
b100010010001111011100101000100 *
b100010010001111011100101000100 6
0&
#16295000
b11111 C
b11110001111101001100011111100011 D
b1010010100110101010101010100101 <
b0 L
b11101101111010101011011111011011 ;
b11101111111011111011111111011111 8
b10000001010000100000000100 4
1N
b110 J
b11001111101011010000111010011111 H
b11110001111101001100011111100011 E
b1010010100110101010101010100101 =
b0 B
b0 ?
b0 @
b100010010001111011100101000100 G
0"
b1100100111 0
b1100100111 1
1&
#16300000
b1100101000 /
0-
0&
#16305000
1!
1"
b0 #
b0 M
0N
1&
#16310000
1-
b1100101001 2
0(
b1000011101101101011001010000111 '
b10111100010011011011000101111001 T
b10001011101101110011010100010111 P
b1100111101101001100000111001111 Q
b100100000000100111001101001000 O
b101 R
b101 )
b101 5
b1100111101101001100000111001111 +
b1100111101101001100000111001111 7
b100100000000100111001101001000 *
b100100000000100111001101001000 6
0&
#16315000
13
b1 A
19
b1000011101101101011001010000111 L
b111001101001000000000000000000 B
b100100000000100 ?
b100100000000100 @
b1111 C
b10001011101101110011010100010111 D
b10111100010011011011000101111001 <
b1000011101101101011001010000111 ;
b1100111101101101111001111001111 8
b100100000000000100000101001000 4
1N
b101 J
b1100111101101001100000111001111 H
b10001011101101110011010100010111 E
b10111100010011011011000101111001 =
b100100000000100111001101001000 G
0"
b1100101000 0
b1100101000 1
1&
#16320000
b1100101001 /
0-
0&
#16325000
0!
1"
b1000011101101101011001010000111 #
b1000011101101101011001010000111 M
0N
1&
#16330000
1-
b1100101010 2
b11001001100110000000110110010010 '
b100101001011000010101110001010010 T
b111001001100110000000110110010010 P
b11010000000110110101100010100000 Q
b11111001011111001011010011110010 O
b0 R
b0 )
b0 5
b11010000000110110101100010100000 +
b11010000000110110101100010100000 7
b11111001011111001011010011110010 *
b11111001011111001011010011110010 6
0&
#16335000
b0 A
09
03
1I
b0 C
b11001001100110000000110110010010 D
1F
b101001011000010101110001010010 <
1>
0K
b11001001100110000000110110010010 L
b101001011001111110110001010010 ;
b11111001011111111111110011110010 8
b11010000000110000001000010100000 4
1N
b0 J
b11010000000110110101100010100000 H
b111001001100110000000110110010010 E
b100101001011000010101110001010010 =
b11111001011111001011010011110010 B
b11111001011111001011010011110010 ?
b11111001011111001011010011110010 @
b11111001011111001011010011110010 G
0"
b1100101001 0
b1100101001 1
1&
#16340000
b1100101010 /
0-
0&
#16345000
1%
1"
b11001001100110000000110110010010 #
b11001001100110000000110110010010 M
0N
1&
#16350000
1-
b1100101011 2
b100000000000001100000001 '
b101000101011111010110110010001010 T
b1111100011111011011101011111000 P
b11011100000000010011100110111 Q
b1100000111111011001001111000001 O
b11 R
b11 )
b11 5
b11011100000000010011100110111 +
b11011100000000010011100110111 7
b1100000111111011001001111000001 *
b1100000111111011001001111000001 6
0&
#16355000
b0 A
09
03
0F
b10111 C
b1111100011111011011101011111000 D
b1000101011111010110110010001010 <
1>
0I
b100000000000001100000001 L
b1111011011111011011010011110110 ;
b1111011111111011011011111110111 8
b100000000000001100000001 4
1N
b11 J
b11011100000000010011100110111 H
b1111100011111011011101011111000 E
b101000101011111010110110010001010 =
b11100000100000000000000000000000 B
b11000001 ?
b11000001 @
b1100000111111011001001111000001 G
0"
b1100101010 0
b1100101010 1
1&
#16360000
b1100101011 /
0-
0&
#16365000
0%
1"
b100000000000001100000001 #
b100000000000001100000001 M
0N
1&
#16370000
1-
b1100101100 2
b10101000101110000001000001010001 '
b11110011110001001001011111101000 T
b101100101101101010000100011001010 P
b10111000111110000011100001110001 Q
b10101100101111001101000001011001 O
b10111000111110000011100001110001 +
b10111000111110000011100001110001 7
b10101100101111001101000001011001 *
b10101100101111001101000001011001 6
0&
#16375000
b1 A
19
13
0>
1F
b10001 C
b1100101101101010000100011001010 D
b11110011110001001001011111101000 <
b10101000101110000001000001010001 L
b10100010001001110100000101000 ;
b10111100111111001111100001111001 8
b10101000101110000001000001010001 4
1N
b10111000111110000011100001110001 H
b101100101101101010000100011001010 E
b11110011110001001001011111101000 =
b10100000101100100000000000000000 B
b101011001011110 ?
b11111111111111111101011001011110 @
b10101100101111001101000001011001 G
0"
b1100101011 0
b1100101011 1
1&
#16380000
b1100101100 /
0-
0&
#16385000
1"
b10101000101110000001000001010001 #
b10101000101110000001000001010001 M
0N
1&
#16390000
1-
b1100101101 2
b100100110111100111011001001001 '
b100100100101010100000101001001001 T
b110111010111000010111011101110101 P
b11001011000110111011011010010110 Q
b11101111110001011100000011011111 O
b101 R
b101 )
b101 5
b11001011000110111011011010010110 +
b11001011000110111011011010010110 7
b11101111110001011100000011011111 *
b11101111110001011100000011011111 6
0&
#16395000
03
b0 A
09
b10110 C
b10111010111000010111011101110101 D
b100100101010100000101001001001 <
1>
b100100110111100111011001001001 L
b100100110111100111011001001001 ;
b11101111110111111111011011011111 8
b11001011000000011000000010010110 4
1N
b101 J
b11001011000110111011011010010110 H
b110111010111000010111011101110101 E
b100100100101010100000101001001001 =
b110111110000000000000000000000 B
b1110111111 ?
b11111111111111111111111110111111 @
b11101111110001011100000011011111 G
0"
b1100101100 0
b1100101100 1
1&
#16400000
b1100101101 /
0-
0&
#16405000
1"
b100100110111100111011001001001 #
b100100110111100111011001001001 M
0N
1&
#16410000
1-
b1100101110 2
b11111111000001100011010001110010 '
b101111110001000101101010011111101 T
b100000100111101110110010000001001 P
b1000011011010100100011110000110 Q
b11000001100011010001110010000011 O
b1000 R
b1000 )
b1000 5
b1000011011010100100011110000110 +
b1000011011010100100011110000110 7
b11000001100011010001110010000011 *
b11000001100011010001110010000011 6
0&
#16415000
1:
b1 A
19
b110 C
b100111101110110010000001001 D
b1111110001000101101010011111101 <
1>
b11111111000001100011010001110010 L
b10000010111001110101101100000101 ;
b11000011111011110101111110000111 8
b1000001000010000000010010000010 4
1N
b1000 J
b1000011011010100100011110000110 H
b100000100111101110110010000001001 E
b101111110001000101101010011111101 =
b1100011010001110010000011000000 B
b11000001100011010001110010 ?
b11111111000001100011010001110010 @
b11000001100011010001110010000011 G
0"
b1100101101 0
b1100101101 1
1&
#16420000
b1100101110 /
0-
0&
#16425000
1"
b11111111000001100011010001110010 #
b11111111000001100011010001110010 M
0N
1&
#16430000
1-
b1100101111 2
b1100010011000000000000000000000 '
b100011100100100111000001000111001 T
b100101111110100000101011001011111 P
b10001001100111100110101000010011 Q
b10100110001100011110110001001100 O
b110 R
b110 )
b110 5
b10001001100111100110101000010011 +
b10001001100111100110101000010011 7
b10100110001100011110110001001100 *
b10100110001100011110110001001100 6
0&
#16435000
13
b0 A
09
0:
b10011 C
b101111110100000101011001011111 D
b11100100100111000001000111001 <
b1100010011000000000000000000000 L
b101111101011111000011001011111 ;
b10101111101111111110111001011111 8
b10000000000100000110100000000000 4
1N
b110 J
b10001001100111100110101000010011 H
b100101111110100000101011001011111 E
b100011100100100111000001000111001 =
b1100010011000000000000000000000 B
b1010011000110 ?
b11111111111111111111010011000110 @
b10100110001100011110110001001100 G
0"
b1100101110 0
b1100101110 1
1&
#16440000
b1100101111 /
0-
0&
#16445000
1"
b1100010011000000000000000000000 #
b1100010011000000000000000000000 M
0N
1&
#16450000
1-
b1100110000 2
b11111111111110101000001000010110 '
b11110001110110011000000111100100 T
b101011110011010010100001010111100 P
b10110110010001111110000001101100 Q
b10101000001000010110001001010000 O
b1000 R
b1000 )
b1000 5
b10110110010001111110000001101100 +
b10110110010001111110000001101100 7
b10101000001000010110001001010000 *
b10101000001000010110001001010000 6
0&
#16455000
b1 A
19
0>
b1100 C
b1011110011010010100001010111100 D
b11110001110110011000000111100100 <
b11111111111110101000001000010110 L
b11110011001101000001000111100 ;
b10111110011001111110001001111100 8
b10100000000000010110000001000000 4
1N
b1000 J
b10110110010001111110000001101100 H
b101011110011010010100001010111100 E
b11110001110110011000000111100100 =
b10110001001010000000000000000 B
b10101000001000010110 ?
b11111111111110101000001000010110 @
b10101000001000010110001001010000 G
0"
b1100101111 0
b1100101111 1
1&
#16460000
b1100110000 /
0-
0&
#16465000
1"
b11111111111110101000001000010110 #
b11111111111110101000001000010110 M
0N
1&
#16470000
1-
b1100110001 2
b1111 '
b101011110110100001100000010111110 T
b10011010010110101100001100110100 P
b11101110001010000000100111011 Q
b1111100100101011100000111111001 O
b111 R
b111 )
b111 5
b11101110001010000000100111011 +
b11101110001010000000100111011 7
b1111100100101011100000111111001 *
b1111100100101011100000111111001 6
0&
#16475000
b0 A
09
13
1>
0F
b11011 C
b10011010010110101100001100110100 D
b1011110110100001100000010111110 <
b1111 L
b1100001010100001100000011000010 ;
b1111101110101011100000111111011 8
b11100100001010000000100111001 4
1N
b111 J
b11101110001010000000100111011 H
b10011010010110101100001100110100 E
b101011110110100001100000010111110 =
b11001000000000000000000000000000 B
b1111 ?
b1111 @
b1111100100101011100000111111001 G
0"
b1100110000 0
b1100110000 1
1&
#16480000
b1100110001 /
0-
0&
#16485000
1"
b1111 #
b1111 M
0N
1&
#16490000
1-
b1100110010 2
b11111111110101110010100000110000 '
b101010010101101010000111010100110 T
b101011011100110110101001010110110 P
b10000100011100110010001000001000 Q
b11010111001010000011000010101110 O
b1000 R
b1000 )
b1000 5
b10000100011100110010001000001000 +
b10000100011100110010001000001000 7
b11010111001010000011000010101110 *
b11010111001010000011000010101110 6
0&
#16495000
b0 A
09
13
1F
b1000 C
b1011011100110110101001010110110 D
b1010010101101010000111010100110 <
b11111111110101110010100000110000 L
b1010011010110110001001010100110 ;
b11010111011110110011001010101110 8
b10000100001000000010000000001000 4
1N
b1000 J
b10000100011100110010001000001000 H
b101011011100110110101001010110110 E
b101010010101101010000111010100110 =
b101000001100001010111000000000 B
b110101110010100000110000 ?
b11111111110101110010100000110000 @
b11010111001010000011000010101110 G
0"
b1100110001 0
b1100110001 1
1&
#16500000
b1100110010 /
0-
0&
#16505000
1"
b11111111110101110010100000110000 #
b11111111110101110010100000110000 M
0N
1&
#16510000
1-
b1100110011 2
b100101101101101 '
b1000010101111111011011010000101 T
b11010000000110111001111110011111 P
b11000110101011011111010010001101 Q
b1001011011011010101100010010 O
b111 R
b111 )
b111 5
b11000110101011011111010010001101 +
b11000110101011011111010010001101 7
b1001011011011010101100010010 *
b1001011011011010101100010010 6
0&
#16515000
0:
b0 A
09
03
b1101 C
b11010000000110111001111110011111 D
0F
b1000010101111111011011010000101 <
0>
b100101101101101 L
b11001111110000000101111110011111 ;
b11001111111011011111111110011111 8
b1011011010000000000000 4
1N
b111 J
b11000110101011011111010010001101 H
b11010000000110111001111110011111 E
b1000010101111111011011010000101 =
b10110101011000100100000000000000 B
b100101101101101 ?
b100101101101101 @
b1001011011011010101100010010 G
0"
b1100110010 0
b1100110010 1
1&
#16520000
b1100110011 /
0-
0&
#16525000
1"
b100101101101101 #
b100101101101101 M
0N
1&
#16530000
1-
b1100110100 2
b11011010000110001000000000000000 '
b101101011011000001110011011010111 T
b101011001010011001011101010110001 P
b1110110111101011110100111101101 Q
b11100010010101101101000011000100 O
b110 R
b110 )
b110 5
b1110110111101011110100111101101 +
b1110110111101011110100111101101 7
b11100010010101101101000011000100 *
b11100010010101101101000011000100 6
0&
#16535000
b1 A
19
1:
b1011001010011001011101010110001 D
1F
b1101011011000001110011011010111 <
1>
b11011010000110001000000000000000 L
b10010100101000110011100100101001 ;
b11110110111101111111100111101101 8
b1100010010101001100000011000100 4
1N
b110 J
b1110110111101011110100111101101 H
b101011001010011001011101010110001 E
b101101011011000001110011011010111 =
b11011010000110001000000000000000 B
b1110001001010110110 ?
b11111111111111110001001010110110 @
b11100010010101101101000011000100 G
0"
b1100110011 0
b1100110011 1
1&
#16540000
b1100110100 /
0-
0&
#16545000
1"
b11011010000110001000000000000000 #
b11011010000110001000000000000000 M
0N
1&
#16550000
1-
b1100110101 2
b11111010010111001010110101000100 '
b11000011011101010101000110000111 T
b110001000001000000101011100001111 P
b11100010010101011000001011000100 Q
b10100101110010101101010001001011 O
b1000 R
b1000 )
b1000 5
b11100010010101011000001011000100 +
b11100010010101011000001011000100 7
b10100101110010101101010001001011 *
b10100101110010101101010001001011 6
0&
#16555000
0:
0>
b100 C
b10001000001000000101011100001111 D
b11000011011101010101000110000111 <
b11111010010111001010110101000100 L
b1000111100111110101011010001111 ;
b11100111110111111101011011001111 8
b10100000010000001000000001000000 4
1N
b1000 J
b11100010010101011000001011000100 H
b110001000001000000101011100001111 E
b11000011011101010101000110000111 =
b1011100101011010100010010110000 B
b1010010111001010110101000100 ?
b11111010010111001010110101000100 @
b10100101110010101101010001001011 G
0"
b1100110100 0
b1100110100 1
1&
#16560000
b1100110101 /
0-
0&
#16565000
1"
b11111010010111001010110101000100 #
b11111010010111001010110101000100 M
0N
1&
#16570000
1-
b1100110110 2
b10010110100100110001110100101100 '
b10011000110101111000000100110010 T
b10010110100100110001110100101100 P
b1111110110111011100110111111101 Q
b10111101101010100111100101111 O
b0 R
b0 )
b0 5
b1111110110111011100110111111101 +
b1111110110111011100110111111101 7
b10111101101010100111100101111 *
b10111101101010100111100101111 6
0&
#16575000
1K
b1 A
19
13
b11101 C
b10010110100100110001110100101100 D
0F
b10011000110101111000000100110010 <
0I
b10010110100100110001110100101100 L
b1101001011010001000001011010010 ;
b1111111111111011100111111111111 8
b10110100101010100110100101101 4
1N
b0 J
b1111110110111011100110111111101 H
b10010110100100110001110100101100 E
b10011000110101111000000100110010 =
b11100000000000000000000000000000 B
b0 ?
b0 @
b10111101101010100111100101111 G
0"
b1100110101 0
b1100110101 1
1&
#16580000
b1100110110 /
0-
0&
#16585000
1$
1"
b10010110100100110001110100101100 #
b10010110100100110001110100101100 M
0N
1&
#16590000
1-
b1100110111 2
b1 '
1S
b10110100101011011000001101101001 T
b110011000010100001101000100101111 P
b11110001110100011010011011100011 Q
b10100110011111110010101001001100 O
b10 R
b10 )
b10 5
b11110001110100011010011011100011 +
b11110001110100011010011011100011 7
b10100110011111110010101001001100 *
b10100110011111110010101001001100 6
0&
#16595000
b1 A
19
03
b11 C
b10011000010100001101000100101111 D
1F
b10110100101011011000001101101001 <
0>
0K
b1 L
b1010111101011101000110010101111 ;
b11110111111111111010111011101111 8
b10100000010100010010001001000000 4
1N
b10 J
b11110001110100011010011011100011 H
b110011000010100001101000100101111 E
b10110100101011011000001101101001 =
b110011111110010101001001100000 B
b10100110011111110010101001001 ?
b11110100110011111110010101001001 @
b10100110011111110010101001001100 G
0"
b1100110110 0
b1100110110 1
1&
#16600000
b1100110111 /
0-
0&
#16605000
0$
1"
b1 #
b1 M
0N
1&
#16610000
1-
b1100111000 2
b11101111101 '
b111100100110100100100100111001010 T
b11111010100000101010011111110100 P
b1010110110000010111100010101 Q
b11101111101010100111100011011111 O
b111 R
b111 )
b111 5
b1010110110000010111100010101 +
b1010110110000010111100010101 7
b11101111101010100111100011011111 *
b11101111101010100111100011011111 6
0&
#16615000
1>
0F
b10101 C
b11111010100000101010011111110100 D
b11100100110100100100100111001010 <
b11101111101 L
b11100101011100100101011111001010 ;
b11101111111110100111111111011111 8
b1010100010000010100000010101 4
1N
b111 J
b1010110110000010111100010101 H
b11111010100000101010011111110100 E
b111100100110100100100100111001010 =
b11011111000000000000000000000 B
b11101111101 ?
b11111111111111111111111101111101 @
b11101111101010100111100011011111 G
0"
b1100110111 0
b1100110111 1
1&
#16620000
b1100111000 /
0-
0&
#16625000
1"
b11101111101 #
b11101111101 M
0N
1&
#16630000
1-
b1100111001 2
b1 '
b110011110101110110011110100111110 T
b100001101010101110111100000011010 P
b110111010011100001110101101110 Q
b11010110000010010101101010101100 O
b10 R
b10 )
b10 5
b110111010011100001110101101110 +
b110111010011100001110101101110 7
b11010110000010010101101010101100 *
b11010110000010010101101010101100 6
0&
#16635000
1F
b1110 C
b1101010101110111100000011010 D
b10011110101110110011110100111110 <
b1 L
b11100001010001110100011111000010 ;
b11110111010011110101111111101110 8
b10110000010000001100000101100 4
1N
b10 J
b110111010011100001110101101110 H
b100001101010101110111100000011010 E
b110011110101110110011110100111110 =
b1010110101010110000000000000000 B
b110101100000100101 ?
b11111111111111110101100000100101 @
b11010110000010010101101010101100 G
0"
b1100111000 0
b1100111000 1
1&
#16640000
b1100111001 /
0-
0&
#16645000
1"
b1 #
b1 M
0N
1&
#16650000
1-
b1100111010 2
b101101 '
b11011111001110011011000110111110 T
b11011000010101100000000110110000 P
b1111100100011100010011111111001 Q
b1011011110001111101100110110111 O
b111 R
b111 )
b111 5
b1111100100011100010011111111001 +
b1111100100011100010011111111001 7
b1011011110001111101100110110111 *
b1011011110001111101100110110111 6
0&
#16655000
13
b1 A
19
0>
b11001 C
b11011000010101100000000110110000 D
0F
b11011111001110011011000110111110 <
b101101 L
b100111010010011111111001001110 ;
b1111111110011111111111111111111 8
b1011000100001100000000110110001 4
1N
b111 J
b1111100100011100010011111111001 H
b11011000010101100000000110110000 E
b11011111001110011011000110111110 =
b1101110000000000000000000000000 B
b101101 ?
b101101 @
b1011011110001111101100110110111 G
0"
b1100111001 0
b1100111001 1
1&
#16660000
b1100111010 /
0-
0&
#16665000
1"
b101101 #
b101101 M
0N
1&
#16670000
1-
b1100111011 2
b11110010100010001010111111100101 '
b110001011110000110111001100011 T
b100000101000010010011000000001001 P
b11101001110010000110000011010011 Q
b11011010000001100111100110110 O
b101 R
b101 )
b101 5
b11101001110010000110000011010011 +
b11101001110010000110000011010011 7
b11011010000001100111100110110 *
b11011010000001100111100110110 6
0&
#16675000
b0 A
09
03
0:
1F
b10011 C
b101000010010011000000001001 D
b110001011110000110111001100011 <
b11110010100010001010111111100101 L
b11110010100010001010111111100101 ;
b11111011110010001110111111110111 8
b1001010000000100000000010010 4
1N
b101 J
b11101001110010000110000011010011 H
b100000101000010010011000000001001 E
b110001011110000110111001100011 =
b1111001101100000000000000000000 B
b1101101000 ?
b1101101000 @
b11011010000001100111100110110 G
0"
b1100111010 0
b1100111010 1
1&
#16680000
b1100111011 /
0-
0&
#16685000
1"
b11110010100010001010111111100101 #
b11110010100010001010111111100101 M
0N
1&
#16690000
1-
b1100111100 2
b1 '
b110100110100101010010011101001101 T
b11011010000101100101000110110011 P
b11001110000001001010100110011 Q
b11000000010101011011110010000000 O
b10 R
b10 )
b10 5
b11001110000001001010100110011 +
b11001110000001001010100110011 7
b11000000010101011011110010000000 *
b11000000010101011011110010000000 6
0&
#16695000
b1 A
19
0:
1>
0F
b11011010000101100101000110110011 D
b10100110100101010010011101001101 <
b1 L
b11011001100101010010100110110011 ;
b11011001110101011011110110110011 8
b10000001001010000000000 4
1N
b10 J
b11001110000001001010100110011 H
b11011010000101100101000110110011 E
b110100110100101010010011101001101 =
b11100100000000000000000000000000 B
b1100000001010 ?
b11111111111111111111100000001010 @
b11000000010101011011110010000000 G
0"
b1100111011 0
b1100111011 1
1&
#16700000
b1100111100 /
0-
0&
#16705000
1"
b1 #
b1 M
0N
1&
#16710000
1-
b1100111101 2
b1000010010010100001111010000100 '
b100111110001101100000011001111100 T
b110110011010011010101111101100110 P
b10111010100010111010110001110101 Q
b11111000110000011011001011110001 O
b101 R
b101 )
b101 5
b10111010100010111010110001110101 +
b10111010100010111010110001110101 7
b11111000110000011011001011110001 *
b11111000110000011011001011110001 6
0&
#16715000
b0 A
09
b10101 C
b10110011010011010101111101100110 D
1F
b111110001101100000011001111100 <
b1000010010010100001111010000100 L
b1000010010010100001111010000100 ;
b11111010110010111011111011110101 8
b10111000100000011010000001110001 4
1N
b101 J
b10111010100010111010110001110101 H
b110110011010011010101111101100110 E
b100111110001101100000011001111100 =
b1011110001000000000000000000000 B
b11111000110 ?
b11111111111111111111111111000110 @
b11111000110000011011001011110001 G
0"
b1100111100 0
b1100111100 1
1&
#16720000
b1100111101 /
0-
0&
#16725000
1"
b1000010010010100001111010000100 #
b1000010010010100001111010000100 M
0N
1&
#16730000
1-
b1100111110 2
1(
b0 '
0S
b10001111011110110001111100011111 T
b10111001110000110011111101110011 P
b10010101001001000001000000101010 Q
b100100100111110010111101001001 O
b10 R
b10 )
b10 5
b10010101001001000001000000101010 +
b10010101001001000001000000101010 7
b100100100111110010111101001001 *
b100100100111110010111101001001 6
0&
#16735000
1:
b0 A
09
03
b1010 C
b10111001110000110011111101110011 D
0F
b10001111011110110001111100011111 <
0>
b0 L
b10110001101110110011111101100011 ;
b10110101101111110011111101101011 8
b100000001000000000000001000 4
1N
b10 J
b10010101001001000001000000101010 H
b10111001110000110011111101110011 E
b10001111011110110001111100011111 =
b1111100101111010010010000000000 B
b10010010011111001011 ?
b10010010011111001011 @
b100100100111110010111101001001 G
0"
b1100111101 0
b1100111101 1
1&
#16740000
b1100111110 /
0-
0&
#16745000
1!
1"
b0 #
b0 M
0N
1&
#16750000
1-
b1100111111 2
0(
b1111001011111001111111111110010 '
b100101000101010111111011001010010 T
b1111001100001011111010011110010 P
b101000011011001111111101010000 Q
b1010001000110001111010110100010 O
b100 R
b100 )
b100 5
b101000011011001111111101010000 +
b101000011011001111111101010000 7
b1010001000110001111010110100010 *
b1010001000110001111010110100010 6
0&
#16755000
0:
1>
b10000 C
b1111001100001011111010011110010 D
b101000101010111111011001010010 <
b1111001011111001111111111110010 L
b1111001011101000000101011110010 ;
b1111001011111001111111111110010 8
b10001111010100000000 4
1N
b100 J
b101000011011001111111101010000 H
b1111001100001011111010011110010 E
b100101000101010111111011001010010 =
b11110101101000100000000000000000 B
b101000100011000 ?
b101000100011000 @
b1010001000110001111010110100010 G
0"
b1100111110 0
b1100111110 1
1&
#16760000
b1100111111 /
0-
0&
#16765000
0!
1"
b1111001011111001111111111110010 #
b1111001011111001111111111110010 M
0N
1&
#16770000
1-
b1101000000 2
b11100101111 '
b111011011000000010000000110110110 T
b11110000111110101111001111100000 P
b1010111111001111100100010101 Q
b11100101111111011111101011001011 O
b111 R
b111 )
b111 5
b1010111111001111100100010101 +
b1010111111001111100100010101 7
b11100101111111011111101011001011 *
b11100101111111011111101011001011 6
0&
#16775000
b1 A
19
03
0:
b10101 C
b11110000111110101111001111100000 D
b11011011000000010000000110110110 <
b11100101111 L
b11101111000000010000001111011110 ;
b11101111111111011111101111011111 8
b111111001111100000000001 4
1N
b111 J
b1010111111001111100100010101 H
b11110000111110101111001111100000 E
b111011011000000010000000110110110 =
b1011001011000000000000000000000 B
b11100101111 ?
b11111111111111111111111100101111 @
b11100101111111011111101011001011 G
0"
b1100111111 0
b1100111111 1
1&
#16780000
b1101000000 /
0-
0&
#16785000
1"
b11100101111 #
b11100101111 M
0N
1&
#16790000
1-
b1101000001 2
b1101110000000000000000000000000 '
b10111110111010010010100101111110 T
b101111000011101110101001011110000 P
b11011100110001110001010010111001 Q
b10011011101100000011111000110111 O
b110 R
b110 )
b110 5
b11011100110001110001010010111001 +
b11011100110001110001010010111001 7
b10011011101100000011111000110111 *
b10011011101100000011111000110111 6
0&
#16795000
13
0>
1F
b11001 C
b1111000011101110101001011110000 D
b10111110111010010010100101111110 <
b1101110000000000000000000000000 L
b1000111011101110010101010001110 ;
b11011111111101110011111010111111 8
b10011000100000000001010000110001 4
1N
b110 J
b11011100110001110001010010111001 H
b101111000011101110101001011110000 E
b10111110111010010010100101111110 =
b1101110000000000000000000000000 B
b1001101 ?
b11111111111111111111111111001101 @
b10011011101100000011111000110111 G
0"
b1101000000 0
b1101000000 1
1&
#16800000
b1101000001 /
0-
0&
#16805000
1"
b1101110000000000000000000000000 #
b1101110000000000000000000000000 M
0N
1&
#16810000
1-
b1101000010 2
b11101100001010110100010111011001 '
b111101100001010110100010111011001 T
b100000111001000100001100000001101 P
b1101011110110110100100011010 Q
b11111001101001101010111011110011 O
b1 R
b1 )
b1 5
b1101011110110110100100011010 +
b1101011110110110100100011010 7
b11111001101001101010111011110011 *
b11111001101001101010111011110011 6
0&
#16815000
03
0K
0:
b1 A
19
1I
b11010 C
b111001000100001100000001101 D
b11101100001010110100010111011001 <
1>
b11101100001010110100010111011001 L
b11110100110111011100011111101001 ;
b11111101111111111110111111111011 8
b1001001000100010100000010010 4
1N
b1 J
b1101011110110110100100011010 H
b100000111001000100001100000001101 E
b111101100001010110100010111011001 =
b11001100000000000000000000000000 B
b111110 ?
b11111111111111111111111111111110 @
b11111001101001101010111011110011 G
0"
b1101000001 0
b1101000001 1
1&
#16820000
b1101000010 /
0-
0&
#16825000
1%
1"
b11101100001010110100010111011001 #
b11101100001010110100010111011001 M
0N
1&
#16830000
1-
b1101000011 2
b1111000010011111001100011110000 '
b101101000010000111001100011010000 T
b10000100101100000110011100001000 P
b1110001101100110011100011100 Q
b1110110011110011111111111101100 O
b101 R
b101 )
b101 5
b1110001101100110011100011100 +
b1110001101100110011100011100 7
b1110110011110011111111111101100 *
b1110110011110011111111111101100 6
0&
#16835000
13
b0 A
09
b11100 C
b10000100101100000110011100001000 D
0F
b1101000010000111001100011010000 <
0I
b1111000010011111001100011110000 L
b1111000010011111001100011110000 ;
b1111110011111111111111111111100 8
b110001100000110011100001100 4
1N
b101 J
b1110001101100110011100011100 H
b10000100101100000110011100001000 E
b101101000010000111001100011010000 =
b11000000000000000000000000000000 B
b111 ?
b111 @
b1110110011110011111111111101100 G
0"
b1101000010 0
b1101000010 1
1&
#16840000
b1101000011 /
0-
0&
#16845000
0%
1"
b1111000010011111001100011110000 #
b1111000010011111001100011110000 M
0N
1&
#16850000
1-
b1101000100 2
b1 '
1S
b101101100010111010101011011011001 T
b10100110000010111101000101001011 P
b11100110101110011110100111001 Q
b10001001001101001001010000010010 O
b10 R
b10 )
b10 5
b11100110101110011110100111001 +
b11100110101110011110100111001 7
b10001001001101001001010000010010 *
b10001001001101001001010000010010 6
0&
#16855000
b1 A
19
03
1:
b11001 C
b10100110000010111101000101001011 D
b1101100010111010101011011011001 <
b1 L
b10010101111000111010100100101011 ;
b10011101111101111011110100111011 8
b1000000101000001010000010000 4
1N
b10 J
b11100110101110011110100111001 H
b10100110000010111101000101001011 E
b101101100010111010101011011011001 =
b100100000000000000000000000000 B
b1000100 ?
b11111111111111111111111111000100 @
b10001001001101001001010000010010 G
0"
b1101000011 0
b1101000011 1
1&
#16860000
b1101000100 /
0-
0&
#16865000
1"
b1 #
b1 M
0N
1&
#16870000
1-
b1101000101 2
b101010001001000000000 '
b10011011010010000010110100110110 T
b11100101011100101001000111001010 P
b10100101000101010011001001001010 Q
b1000000010111010101111110000000 O
b11 R
b11 )
b11 5
b10100101000101010011001001001010 +
b10100101000101010011001001001010 7
b1000000010111010101111110000000 *
b1000000010111010101111110000000 6
0&
#16875000
b0 A
09
1:
0>
b1010 C
b11100101011100101001000111001010 D
b10011011010010000010110100110110 <
b101010001001000000000 L
b11100101010010000110110111001010 ;
b11100101010111010111111111001010 8
b101010001001000000000 4
1N
b11 J
b10100101000101010011001001001010 H
b11100101011100101001000111001010 E
b10011011010010000010110100110110 =
b1110101011111100000000000000000 B
b100000001011101010111 ?
b100000001011101010111 @
b1000000010111010101111110000000 G
0"
b1101000100 0
b1101000100 1
1&
#16880000
b1101000101 /
0-
0&
#16885000
1"
b101010001001000000000 #
b101010001001000000000 M
0N
1&
#16890000
1-
b1101000110 2
b100101001001000000100001001010 '
b11001110110010011010101110011101 T
b100011101001000011100100000111001 P
b10100111001011000000111001001110 Q
b1110101111101011011100111101011 O
b10100111001011000000111001001110 +
b10100111001011000000111001001110 7
b1110101111101011011100111101011 *
b1110101111101011011100111101011 6
0&
#16895000
b1110 C
b11101001000011100100000111001 D
1F
b11001110110010011010101110011101 <
b100101001001000000100001001010 L
b11010010110110011011011110100101 ;
b11110111111111011011111111101111 8
b100101001001000000100001001010 4
1N
b10100111001011000000111001001110 H
b100011101001000011100100000111001 E
b11001110110010011010101110011101 =
b1101110011110101100000000000000 B
b11101011111010110 ?
b11101011111010110 @
b1110101111101011011100111101011 G
0"
b1101000101 0
b1101000101 1
1&
#16900000
b1101000110 /
0-
0&
#16905000
1"
b100101001001000000100001001010 #
b100101001001000000100001001010 M
0N
1&
#16910000
1-
b1101000111 2
b11000110000110011011111110001011 '
b10001010101010101101011100010101 T
b11000110000110011011111110001011 P
b10011101101101110111010000111011 Q
b101000011000100100101101010000 O
b0 R
b0 )
b0 5
b10011101101101110111010000111011 +
b10011101101101110111010000111011 7
b101000011000100100101101010000 *
b101000011000100100101101010000 6
0&
#16915000
b11011 C
b11000110000110011011111110001011 D
0F
b10001010101010101101011100010101 <
0I
b11000110000110011011111110001011 L
b10110101110101010011111101101011 ;
b10111101111101110111111101111011 8
b1000001000100100000000010000 4
1N
b0 J
b10011101101101110111010000111011 H
b11000110000110011011111110001011 E
b10001010101010101101011100010101 =
b10000000000000000000000000000000 B
b101 ?
b101 @
b101000011000100100101101010000 G
0"
b1101000110 0
b1101000110 1
1&
#16920000
b1101000111 /
0-
0&
#16925000
1"
b11000110000110011011111110001011 #
b11000110000110011011111110001011 M
0N
1&
#16930000
1-
b1101001000 2
b10100010111000011010100101000101 '
b10100010111000011010100101000101 T
b1111011000011000010100011110101 P
b1101100000101010011111111011000 Q
b1110111101101110100100011101 O
b1 R
b1 )
b1 5
b1101100000101010011111111011000 +
b1101100000101010011111111011000 7
b1110111101101110100100011101 *
b1110111101101110100100011101 6
0&
#16935000
0:
b1 A
19
b11000 C
b1111011000011000010100011110101 D
b10100010111000011010100101000101 <
0K
b10100010111000011010100101000101 L
b1100010111000111101011011000101 ;
b1101110111101111111111111011101 8
b1100000101000010100100011000 4
1N
b1 J
b1101100000101010011111111011000 H
b1111011000011000010100011110101 E
b10100010111000011010100101000101 =
b11101000000000000000000000000 B
b1110 ?
b1110 @
b1110111101101110100100011101 G
0"
b1101000111 0
b1101000111 1
1&
#16940000
b1101001000 /
0-
0&
#16945000
1"
b10100010111000011010100101000101 #
b10100010111000011010100101000101 M
0N
1&
#16950000
1-
b1101001001 2
b11000100000001000110000010001000 '
b11111001001101101000100111110011 T
b111000010000001000101011110000011 P
b11100100011001101110011011001000 Q
b11011101100111010111000010111011 O
b11 R
b11 )
b11 5
b11100100011001101110011011001000 +
b11100100011001101110011011001000 7
b11011101100111010111000010111011 *
b11011101100111010111000010111011 6
0&
#16955000
b1 A
19
03
b1000 C
b11000010000001000101011110000011 D
1F
b11111001001101101000100111110011 <
0>
b11000100000001000110000010001000 L
b111001111110111001011001110011 ;
b11111101111111111111011011111011 8
b11000100000001000110000010001000 4
1N
b11 J
b11100100011001101110011011001000 H
b111000010000001000101011110000011 E
b11111001001101101000100111110011 =
b10011101011100001011101100000000 B
b110111011001110101110000 ?
b11111111110111011001110101110000 @
b11011101100111010111000010111011 G
0"
b1101001000 0
b1101001000 1
1&
#16960000
b1101001001 /
0-
0&
#16965000
1"
b11000100000001000110000010001000 #
b11000100000001000110000010001000 M
0N
1&
#16970000
1-
b1101001010 2
b10011010010000000000 '
b100101110001011100101001001011 T
b11100101110110011001001111001011 P
b11100000000010011110010011000000 Q
b101110011111010111100001011 O
b11100000000010011110010011000000 +
b11100000000010011110010011000000 7
b101110011111010111100001011 *
b101110011111010111100001011 6
0&
#16975000
b0 A
09
03
0:
b0 C
b11100101110110011001001111001011 D
0F
b100101110001011100101001001011 <
b10011010010000000000 L
b11100101110001100100101111001011 ;
b11100101110011111110111111001011 8
b10011010010000000000 4
1N
b11100000000010011110010011000000 H
b11100101110110011001001111001011 E
b100101110001011100101001001011 =
b101110011111010111100001011 B
b101110011111010111100001011 ?
b101110011111010111100001011 @
b101110011111010111100001011 G
0"
b1101001001 0
b1101001001 1
1&
#16980000
b1101001010 /
0-
0&
#16985000
1"
b10011010010000000000 #
b10011010010000000000 M
0N
1&
#16990000
1-
b1101001011 2
1(
b0 '
0S
b100100100101111010011001001001001 T
b101110010111110110100001011100101 P
b10100111000111110000100001001110 Q
b11001011110111000011101010010111 O
b10 R
b10 )
b10 5
b10100111000111110000100001001110 +
b10100111000111110000100001001110 7
b11001011110111000011101010010111 *
b11001011110111000011101010010111 6
0&
#16995000
13
b0 A
09
1>
b1110 C
b1110010111110110100001011100101 D
1F
b100100101111010011001001001001 <
b0 L
b1101100110000110011001011011001 ;
b11101111110111110011101011011111 8
b10000011000111000000100000000110 4
1N
b10 J
b10100111000111110000100001001110 H
b101110010111110110100001011100101 E
b100100100101111010011001001001001 =
b1110101001011100000000000000 B
b110010111101110000 ?
b11111111111111110010111101110000 @
b11001011110111000011101010010111 G
0"
b1101001010 0
b1101001010 1
1&
#17000000
b1101001011 /
0-
0&
#17005000
1!
1"
b0 #
b0 M
0N
1&
#17010000
1-
b1101001100 2
0(
b110111000 '
b10000010101101010111100100000110 T
b101011001101001110011101010110010 P
b11101011011110001110000011010110 Q
b1101110001011100101100111011100 O
b111 R
b111 )
b111 5
b11101011011110001110000011010110 +
b11101011011110001110000011010110 7
b1101110001011100101100111011100 *
b1101110001011100101100111011100 6
0&
#17015000
1:
b0 A
09
03
b10110 C
b1011001101001110011101010110010 D
b10000010101101010111100100000110 <
0>
b110111000 L
b10000101010101101011100100001010 ;
b11101111011111101111100111011110 8
b1101010001010000100000011010100 4
1N
b111 J
b11101011011110001110000011010110 H
b101011001101001110011101010110010 E
b10000010101101010111100100000110 =
b1110111000000000000000000000000 B
b110111000 ?
b110111000 @
b1101110001011100101100111011100 G
0"
b1101001011 0
b1101001011 1
1&
#17020000
b1101001100 /
0-
0&
#17025000
0!
1"
b110111000 #
b110111000 M
0N
1&
#17030000
1-
b1101001101 2
b1001000000110011100011010010000 '
b10111000000001111100000101110000 T
b101101010000110011110011011010100 P
b11011001000010010001001010110010 Q
b10010001000100001101010000100010 O
b101 R
b101 )
b101 5
b11011001000010010001001010110010 +
b11011001000010010001001010110010 7
b10010001000100001101010000100010 *
b10010001000100001101010000100010 6
0&
#17035000
13
b1 A
19
0:
b10010 C
b1101010000110011110011011010100 D
b10111000000001111100000101110000 <
b1001000000110011100011010010000 L
b1001000000110011100011010010000 ;
b11011001000110011101011010110010 8
b10010001000000000001000000100010 4
1N
b101 J
b11011001000010010001001010110010 H
b101101010000110011110011011010100 E
b10111000000001111100000101110000 =
b1010000100010000000000000000000 B
b10010001000100 ?
b11111111111111111110010001000100 @
b10010001000100001101010000100010 G
0"
b1101001100 0
b1101001100 1
1&
#17040000
b1101001101 /
0-
0&
#17045000
1"
b1001000000110011100011010010000 #
b1001000000110011100011010010000 M
0N
1&
#17050000
1-
b1101001110 2
b1010100001000111110111110101 '
b100110010011111110010010001100101 T
b1110101110010001011101011101011 P
b100001101001001100101101000011 Q
b1010100001000111110111110101000 O
b111 R
b111 )
b111 5
b100001101001001100101101000011 +
b100001101001001100101101000011 7
b1010100001000111110111110101000 *
b1010100001000111110111110101000 6
0&
#17055000
b0 A
09
03
1>
0F
b11 C
b1110101110010001011101011101011 D
b110010011111110010010001100101 <
b1010100001000111110111110101 L
b1110101100001110010010011101011 ;
b1110101101001111110111111101011 8
b1000001100101100000000 4
1N
b111 J
b100001101001001100101101000011 H
b1110101110010001011101011101011 E
b100110010011111110010010001100101 =
b10100001000111110111110101000000 B
b1010100001000111110111110101 ?
b1010100001000111110111110101 @
b1010100001000111110111110101000 G
0"
b1101001101 0
b1101001101 1
1&
#17060000
b1101001110 /
0-
0&
#17065000
1"
b1010100001000111110111110101 #
b1010100001000111110111110101 M
0N
1&
#17070000
1-
b1101001111 2
b1011101111110001011010 '
b10110011110001100010011101100111 T
b1111011001101100011001011110101 P
b1100011101110000000010111000111 Q
b10111011111100010110100101110 O
b1100011101110000000010111000111 +
b1100011101110000000010111000111 7
b10111011111100010110100101110 *
b10111011111100010110100101110 6
0&
#17075000
b1 A
19
b111 C
b1111011001101100011001011110101 D
b10110011110001100010011101100111 <
0>
b1011101111110001011010 L
b1110100110001100010100011101001 ;
b1110111111111100010110111101111 8
b11001110000000010100000110 4
1N
b1100011101110000000010111000111 H
b1111011001101100011001011110101 E
b10110011110001100010011101100111 =
b10111111000101101001011100000000 B
b1011101111110001011010 ?
b1011101111110001011010 @
b10111011111100010110100101110 G
0"
b1101001110 0
b1101001110 1
1&
#17080000
b1101001111 /
0-
0&
#17085000
1"
b1011101111110001011010 #
b1011101111110001011010 M
0N
1&
#17090000
1-
b1101010000 2
b11010100 '
b11101001111100000100000111010100 T
b10000000011100000100010100000000 P
b1001011010000000000000110010110 Q
b110101001100000100001101101010 O
b1000 R
b1000 )
b1000 5
b1001011010000000000000110010110 +
b1001011010000000000000110010110 7
b110101001100000100001101101010 *
b110101001100000100001101101010 6
0&
#17095000
13
b10110 C
b10000000011100000100010100000000 D
b11101001111100000100000111010100 <
b11010100 L
b1111110011100000100001011111100 ;
b1111111011100000100001111111110 8
b1000000000000000100000010 4
1N
b1000 J
b1001011010000000000000110010110 H
b10000000011100000100010100000000 E
b11101001111100000100000111010100 =
b11011010100000000000000000000000 B
b11010100 ?
b11010100 @
b110101001100000100001101101010 G
0"
b1101001111 0
b1101001111 1
1&
#17100000
b1101010000 /
0-
0&
#17105000
1"
b11010100 #
b11010100 M
0N
1&
#17110000
1-
b1101010001 2
b1000001000010000000000 '
b100111110011111110101010001111101 T
b11000010110010001000001110000101 P
b1000010001001001001011110000100 Q
b10000000101000111110110000000001 O
b11 R
b11 )
b11 5
b1000010001001001001011110000100 +
b1000010001001001001011110000100 7
b10000000101000111110110000000001 *
b10000000101000111110110000000001 6
0&
#17115000
1:
b1 A
19
03
b100 C
b11000010110010001000001110000101 D
b111110011111110101010001111101 <
1>
b1000001000010000000000 L
b11000010100001110111101110000101 ;
b11000010101001111111111110000101 8
b1000001000010000000000 4
1N
b11 J
b1000010001001001001011110000100 H
b11000010110010001000001110000101 E
b100111110011111110101010001111101 =
b1010001111101100000000010000 B
b1000000010100011111011000000 ?
b11111000000010100011111011000000 @
b10000000101000111110110000000001 G
0"
b1101010000 0
b1101010000 1
1&
#17120000
b1101010001 /
0-
0&
#17125000
1"
b1000001000010000000000 #
b1000001000010000000000 M
0N
1&
#17130000
1-
b1101010010 2
b11101000110011011101111111010001 '
b10000111010001010011110100001111 T
b101001000110101100111101010010001 P
b11100000110010001001111011000001 Q
b1101000000011011101101111010000 O
b100 R
b100 )
b100 5
b11100000110010001001111011000001 +
b11100000110010001001111011000001 7
b1101000000011011101101111010000 *
b1101000000011011101101111010000 6
0&
#17135000
b0 A
09
1:
0>
1F
b1 C
b1001000110101100111101010010001 D
b10000111010001010011110100001111 <
b11101000110011011101111111010001 L
b10001000110001010100010100010001 ;
b11101000110011011101111111010001 8
b1100000000010001001101011000000 4
1N
b100 J
b11100000110010001001111011000001 H
b101001000110101100111101010010001 E
b10000111010001010011110100001111 =
b11010000000110111011011110100000 B
b110100000001101110110111101000 ?
b110100000001101110110111101000 @
b1101000000011011101101111010000 G
0"
b1101010001 0
b1101010001 1
1&
#17140000
b1101010010 /
0-
0&
#17145000
1"
b11101000110011011101111111010001 #
b11101000110011011101111111010001 M
0N
1&
#17150000
1-
b1101010011 2
1(
b0 '
b101001011100000010011110010010111 T
b101001110010100111100100010011011 P
b10000001011010010100011000000010 Q
b11001100111010101000001010011001 O
b10 R
b10 )
b10 5
b10000001011010010100011000000010 +
b10000001011010010100011000000010 7
b11001100111010101000001010011001 *
b11001100111010101000001010011001 6
0&
#17155000
13
0:
1>
b10 C
b1001110010100111100100010011011 D
b1001011100000010011110010010111 <
b0 L
b1001101100000111100010010011011 ;
b11001101111010111100011010011011 8
b10000000011010000000001000000000 4
1N
b10 J
b10000001011010010100011000000010 H
b101001110010100111100100010011011 E
b101001011100000010011110010010111 =
b110011101010100000101001100100 B
b110011001110101010000010100110 ?
b11110011001110101010000010100110 @
b11001100111010101000001010011001 G
0"
b1101010010 0
b1101010010 1
1&
#17160000
b1101010011 /
0-
0&
#17165000
1!
1"
b0 #
b0 M
0N
1&
#17170000
1-
b1101010100 2
0(
b11111100111110000001110111111 '
b1101110100110011000100011011101 T
b100001111111000101000011000011111 P
b11010000101001000111111010100001 Q
b111111001111100000011101111110 O
b111 R
b111 )
b111 5
b11010000101001000111111010100001 +
b11010000101001000111111010100001 7
b111111001111100000011101111110 *
b111111001111100000011101111110 6
0&
#17175000
0:
b0 A
09
03
b1 C
b1111111000101000011000011111 D
b1101110100110011000100011011101 <
0>
b11111100111110000001110111111 L
b11101111100110100111100111011111 ;
b11111111101111100111111111111111 8
b10000001001000000011000100000 4
1N
b111 J
b11010000101001000111111010100001 H
b100001111111000101000011000011111 E
b1101110100110011000100011011101 =
b1111110011111000000111011111100 B
b11111100111110000001110111111 ?
b11111100111110000001110111111 @
b111111001111100000011101111110 G
0"
b1101010011 0
b1101010011 1
1&
#17180000
b1101010100 /
0-
0&
#17185000
0!
1"
b11111100111110000001110111111 #
b11111100111110000001110111111 M
0N
1&
#17190000
1-
b1101010101 2
b11100000000011100001000011000000 '
b100001000110100001100100000010010 T
b111001111010011010110100110011110 P
b11100011001111100101000011000110 Q
b11101100000011110001100011011000 O
b11 R
b11 )
b11 5
b11100011001111100101000011000110 +
b11100011001111100101000011000110 7
b11101100000011110001100011011000 *
b11101100000011110001100011011000 6
0&
#17195000
b110 C
b11001111010011010110100110011110 D
b1000110100001100100000010010 <
1>
b11100000000011100001000011000000 L
b1111001100010100100000011110 ;
b11101111001111110101100011011110 8
b11100000000011100001000011000000 4
1N
b11 J
b11100011001111100101000011000110 H
b111001111010011010110100110011110 E
b100001000110100001100100000010010 =
b11110001100011011000000000 B
b11101100000011110001100011 ?
b11111111101100000011110001100011 @
b11101100000011110001100011011000 G
0"
b1101010100 0
b1101010100 1
1&
#17200000
b1101010101 /
0-
0&
#17205000
1"
b11100000000011100001000011000000 #
b11100000000011100001000011000000 M
0N
1&
#17210000
1-
b1101010110 2
b11001000000000000000000000000000 '
b11000101010101111001001110001011 T
b100011111010100100001010000111101 P
b10101100111111010100000001011001 Q
b1110010010101001101001111100100 O
b110 R
b110 )
b110 5
b10101100111111010100000001011001 +
b10101100111111010100000001011001 7
b1110010010101001101001111100100 *
b1110010010101001101001111100100 6
0&
#17215000
1:
b0 A
09
03
b11001 C
b11111010100100001010000111101 D
b11000101010101111001001110001011 <
0>
b11001000000000000000000000000000 L
b11011110101010011001001110111101 ;
b11111110111111011101001111111101 8
b100000010101000100000001000000 4
1N
b110 J
b10101100111111010100000001011001 H
b100011111010100100001010000111101 E
b11000101010101111001001110001011 =
b11001000000000000000000000000000 B
b111001 ?
b111001 @
b1110010010101001101001111100100 G
0"
b1101010101 0
b1101010101 1
1&
#17220000
b1101010110 /
0-
0&
#17225000
1"
b11001000000000000000000000000000 #
b11001000000000000000000000000000 M
0N
1&
#17230000
1-
b1101010111 2
b1010 '
b100000100000110011110101000001000 T
b101000000100001010100101010000000 P
b10011110001101011011000000111100 Q
b10100010010011111001101001000100 O
b111 R
b111 )
b111 5
b10011110001101011011000000111100 +
b10011110001101011011000000111100 7
b10100010010011111001101001000100 *
b10100010010011111001101001000100 6
0&
#17235000
13
0:
1>
b11100 C
b1000000100001010100101010000000 D
b100000110011110101000001000 <
b1010 L
b111100011110100010101001111000 ;
b10111110011111111011101001111100 8
b10000010000001011001000000000100 4
1N
b111 J
b10011110001101011011000000111100 H
b101000000100001010100101010000000 E
b100000100000110011110101000001000 =
b1000000000000000000000000000000 B
b1010 ?
b11111111111111111111111111111010 @
b10100010010011111001101001000100 G
0"
b1101010110 0
b1101010110 1
1&
#17240000
b1101010111 /
0-
0&
#17245000
1"
b1010 #
b1010 M
0N
1&
#17250000
1-
b1101011000 2
b11010000000000000000000000000000 '
b11111100101010001100100111111010 T
b110111011000010100100001101110 P
b11101010111000011111100111010 Q
b11010000001010000100100110100 O
b110 R
b110 )
b110 5
b11101010111000011111100111010 +
b11101010111000011111100111010 7
b11010000001010000100100110100 *
b11010000001010000100100110100 6
0&
#17255000
b1 A
19
03
b11010000000000000000000000000000 B
b11010 C
b110111011000010100100001101110 D
0F
b11111100101010001100100111111010 <
0>
b11010000000000000000000000000000 L
b111010110010011011000001110 ;
b11111010111010011111100111110 8
b11000000001000000100100110000 4
1N
b110 J
b11101010111000011111100111010 H
b110111011000010100100001101110 E
b11111100101010001100100111111010 =
b110 ?
b110 @
b11010000001010000100100110100 G
0"
b1101010111 0
b1101010111 1
1&
#17260000
b1101011000 /
0-
0&
#17265000
1"
b11010000000000000000000000000000 #
b11010000000000000000000000000000 M
0N
1&
#17270000
1-
b1101011001 2
b1 '
1S
b11110110100111111001001111101101 T
b11100110000011011101101111001011 P
b1110111101101110010001111101111 Q
b1101110010101101011011111011100 O
b10 R
b10 )
b10 5
b1110111101101110010001111101111 +
b1110111101101110010001111101111 7
b1101110010101101011011111011100 *
b1101110010101101011011111011100 6
0&
#17275000
13
b1 A
19
b1111 C
b11100110000011011101101111001011 D
b11110110100111111001001111101101 <
0>
b1 L
b11001111000011001010000110011 ;
b1111111111101111011011111111111 8
b1100110000101100010001111001100 4
1N
b10 J
b1110111101101110010001111101111 H
b11100110000011011101101111001011 E
b11110110100111111001001111101101 =
b1011011111011100000000000000000 B
b1101110010101101 ?
b1101110010101101 @
b1101110010101101011011111011100 G
0"
b1101011000 0
b1101011000 1
1&
#17280000
b1101011001 /
0-
0&
#17285000
1"
b1 #
b1 M
0N
1&
#17290000
1-
b1101011010 2
b1000001000100000000 '
b100011010111001011010001000110101 T
b1111010111100101100100011110101 P
b110000000001101001001101100000 Q
b1001010111011000011010110010101 O
b11 R
b11 )
b11 5
b110000000001101001001101100000 +
b110000000001101001001101100000 7
b1001010111011000011010110010101 *
b1001010111011000011010110010101 6
0&
#17295000
b0 A
09
03
1>
b0 C
b1111010111100101100100011110101 D
b11010111001011010001000110101 <
b1000001000100000000 L
b1111010111010101010011011110101 ;
b1111010111011101011011111110101 8
b1000001000100000000 4
1N
b11 J
b110000000001101001001101100000 H
b1111010111100101100100011110101 E
b100011010111001011010001000110101 =
b1001010111011000011010110010101 B
b1001010111011000011010110010101 ?
b1001010111011000011010110010101 @
b1001010111011000011010110010101 G
0"
b1101011001 0
b1101011001 1
1&
#17300000
b1101011010 /
0-
0&
#17305000
1"
b1000001000100000000 #
b1000001000100000000 M
0N
1&
#17310000
1-
b1101011011 2
1(
b0 '
0S
b100101000001010111011011001010000 T
b10001111101000111111100100011110 P
b110011101111000010000101100111 Q
b1011011111001111101011110110111 O
b10 R
b10 )
b10 5
b110011101111000010000101100111 +
b110011101111000010000101100111 7
b1011011111001111101011110110111 *
b1011011111001111101011110110111 6
0&
#17315000
13
b111 C
b10001111101000111111100100011110 D
b101000001010111011011001010000 <
b0 L
b1101000010110111111011011010000 ;
b1111011111111111111011111110111 8
b10011101001000000000100100111 4
1N
b10 J
b110011101111000010000101100111 H
b10001111101000111111100100011110 E
b100101000001010111011011001010000 =
b11110011111010111101101110000000 B
b101101111100111110101111 ?
b101101111100111110101111 @
b1011011111001111101011110110111 G
0"
b1101011010 0
b1101011010 1
1&
#17320000
b1101011011 /
0-
0&
#17325000
1!
1"
b0 #
b0 M
0N
1&
#17330000
1-
b1101011100 2
0(
b11000110000000001000000110 '
b110100000001011000100001101000 T
b100000010001101111011111000000100 P
b11100111000110010001101011001110 Q
b11011000111101010001100110110 O
b11 R
b11 )
b11 5
b11100111000110010001101011001110 +
b11100111000110010001101011001110 7
b11011000111101010001100110110 *
b11011000111101010001100110110 6
0&
#17335000
03
0:
b0 A
09
1F
b1110 C
b10001101111011111000000100 D
b110100000001011000100001101000 <
0>
b11000110000000001000000110 L
b11111100000001111011100111111000 ;
b11111111000111111011101111111110 8
b11000110000000001000000110 4
1N
b11 J
b11100111000110010001101011001110 H
b100000010001101111011111000000100 E
b110100000001011000100001101000 =
b10101000110011011000000000000000 B
b110110001111010 ?
b110110001111010 @
b11011000111101010001100110110 G
0"
b1101011011 0
b1101011011 1
1&
#17340000
b1101011100 /
0-
0&
#17345000
0!
1"
b11000110000000001000000110 #
b11000110000000001000000110 M
0N
1&
#17350000
1-
b1101011101 2
b10110010100111011110000000000000 '
b101011000111111110011111010110010 T
b10000101100101110001010100001010 P
b10110010010111110101100101100 Q
b1101111010010110010100111011110 O
b110 R
b110 )
b110 5
b10110010010111110101100101100 +
b10110010010111110101100101100 7
b1101111010010110010100111011110 *
b1101111010010110010100111011110 6
0&
#17355000
13
b0 A
09
1>
0F
b1100 C
b10000101100101110001010100001010 D
b1011000111111110011111010110010 <
b10110010100111011110000000000000 L
b1111001000000001100001011110010 ;
b1111111010010111110101111111110 8
b110010010110010100100001100 4
1N
b110 J
b10110010010111110101100101100 H
b10000101100101110001010100001010 E
b101011000111111110011111010110010 =
b10110010100111011110000000000000 B
b1101111010010110010 ?
b1101111010010110010 @
b1101111010010110010100111011110 G
0"
b1101011100 0
b1101011100 1
1&
#17360000
b1101011101 /
0-
0&
#17365000
1"
b10110010100111011110000000000000 #
b10110010100111011110000000000000 M
0N
1&
#17370000
1-
b1101011110 2
b1 '
1S
b110000001000011101110101100000010 T
b10111011110101111101010101110110 P
b11101011001000111010100111010 Q
b10011110011100110110000000111100 O
b10 R
b10 )
b10 5
b11101011001000111010100111010 +
b11101011001000111010100111010 7
b10011110011100110110000000111100 *
b10011110011100110110000000111100 6
0&
#17375000
b1 A
19
03
0:
b11010 C
b10111011110101111101010101110110 D
b10000001000011101110101100000010 <
b1 L
b10000011000101110001010100000110 ;
b10011111011101110111010100111110 8
b11100011000000110000000111000 4
1N
b10 J
b11101011001000111010100111010 H
b10111011110101111101010101110110 E
b110000001000011101110101100000010 =
b11110000000000000000000000000000 B
b100111 ?
b11111111111111111111111111100111 @
b10011110011100110110000000111100 G
0"
b1101011101 0
b1101011101 1
1&
#17380000
b1101011110 /
0-
0&
#17385000
1"
b1 #
b1 M
0N
1&
#17390000
1-
b1101011111 2
b11100111110011101110110111001111 '
b100010110000100001110001000101 T
b100001000001100010000111000001111 P
b11110010101101110111100011100101 Q
b10101011110011001010100101010 O
b101 R
b101 )
b101 5
b11110010101101110111100011100101 +
b11110010101101110111100011100101 7
b10101011110011001010100101010 *
b10101011110011001010100101010 6
0&
#17395000
b0 A
09
0:
1F
b101 C
b1000001100010000111000001111 D
b100010110000100001110001000101 <
0>
b11100111110011101110110111001111 L
b11100111110011101110110111001111 ;
b11110111111111111111110111101111 8
b10000001100010001000000100000 4
1N
b101 J
b11110010101101110111100011100101 H
b100001000001100010000111000001111 E
b100010110000100001110001000101 =
b10101111001100101010010101000000 B
b101010111100110010101001 ?
b101010111100110010101001 @
b10101011110011001010100101010 G
0"
b1101011110 0
b1101011110 1
1&
#17400000
b1101011111 /
0-
0&
#17405000
1"
b11100111110011101110110111001111 #
b11100111110011101110110111001111 M
0N
1&
#17410000
1-
b1101100000 2
b10000110100001110100000100001101 '
b10000110100001110100000100001101 T
b11000100100110010011000110001001 P
b10011111000010001111100000111110 Q
b100101100100000011100101001011 O
b1 R
b1 )
b1 5
b10011111000010001111100000111110 +
b10011111000010001111100000111110 7
b100101100100000011100101001011 *
b100101100100000011100101001011 6
0&
#17415000
1K
1:
b0 A
09
0F
b11110 C
b11000100100110010011000110001001 D
b10000110100001110100000100001101 <
b10000110100001110100000100001101 L
b10111010100110001100000101110101 ;
b10111111100110001111100101111111 8
b101000000000011100000001010 4
1N
b1 J
b10011111000010001111100000111110 H
b11000100100110010011000110001001 E
b10000110100001110100000100001101 =
b11000000000000000000000000000000 B
b0 ?
b0 @
b100101100100000011100101001011 G
0"
b1101011111 0
b1101011111 1
1&
#17420000
b1101100000 /
0-
0&
#17425000
1$
1"
b10000110100001110100000100001101 #
b10000110100001110100000100001101 M
0N
1&
#17430000
1-
b1101100001 2
b11000000011100110100000110000001 '
b111000000011100110100000110000001 T
b11001001100111100101011110010011 P
b100100101011000101100001001 Q
b11000101000010001100110010001010 O
b100100101011000101100001001 +
b100100101011000101100001001 7
b11000101000010001100110010001010 *
b11000101000010001100110010001010 6
0&
#17435000
b1 A
19
0:
1I
b1001 C
b11001001100111100101011110010011 D
b11000000011100110100000110000001 <
1>
0K
b11000000011100110100000110000001 L
b11000001100111010100011110000011 ;
b11000101100111011100111110001011 8
b100000000001000100000001000 4
1N
b100100101011000101100001001 H
b11001001100111100101011110010011 E
b111000000011100110100000110000001 =
b10001100110010001010000000000 B
b11000101000010001100110 ?
b11111111111000101000010001100110 @
b11000101000010001100110010001010 G
0"
b1101100000 0
b1101100000 1
1&
#17440000
b1101100001 /
0-
0&
#17445000
0$
1%
1"
b11000000011100110100000110000001 #
b11000000011100110100000110000001 M
0N
1&
#17450000
1-
b1101100010 2
b11111001011101101011011100010010 '
b110111001111000101111001101110100 T
b11011101100010000111110110111010 P
b10001110100101100010100100011 Q
b11001011101101011011100010010111 O
b1000 R
b1000 )
b1000 5
b10001110100101100010100100011 +
b10001110100101100010100100011 7
b11001011101101011011100010010111 *
b11001011101101011011100010010111 6
0&
#17455000
b11 C
b11011101100010000111110110111010 D
b10111001111000101111001101110100 <
0I
b11111001011101101011011100010010 L
b11011010011001110111110110110100 ;
b11011011111101111111110110110111 8
b1100100001000000000000011 4
1N
b1000 J
b10001110100101100010100100011 H
b11011101100010000111110110111010 E
b110111001111000101111001101110100 =
b1011101101011011100010010111000 B
b11001011101101011011100010010 ?
b11111001011101101011011100010010 @
b11001011101101011011100010010111 G
0"
b1101100001 0
b1101100001 1
1&
#17460000
b1101100010 /
0-
0&
#17465000
0%
1"
b11111001011101101011011100010010 #
b11111001011101101011011100010010 M
0N
1&
#17470000
1-
b1101100011 2
b110101101010011010111001101011 '
b100101101010110001001111001011011 T
b101001010010101011100111010010011 P
b10001110011111101001100000011100 Q
b10111011110101110011011001110111 O
b101 R
b101 )
b101 5
b10001110011111101001100000011100 +
b10001110011111101001100000011100 7
b10111011110101110011011001110111 *
b10111011110101110011011001110111 6
0&
#17475000
b0 A
09
13
1F
b11100 C
b1001010010101011100111010010011 D
b101101010110001001111001011011 <
b110101101010011010111001101011 L
b110101101010011010111001101011 ;
b10111111111111111011111001111111 8
b10001010010101100001000000010100 4
1N
b101 J
b10001110011111101001100000011100 H
b101001010010101011100111010010011 E
b100101101010110001001111001011011 =
b1110000000000000000000000000000 B
b1011 ?
b11111111111111111111111111111011 @
b10111011110101110011011001110111 G
0"
b1101100010 0
b1101100010 1
1&
#17480000
b1101100011 /
0-
0&
#17485000
1"
b110101101010011010111001101011 #
b110101101010011010111001101011 M
0N
1&
#17490000
1-
b1101100100 2
b10101100111110000000000000000000 '
b100010101111101010111100000101100 T
b101000101000001101111001010000 P
b1001010101011011001100010010 Q
b11111010010110010101100111110 O
b110 R
b110 )
b110 5
b1001010101011011001100010010 +
b1001010101011011001100010010 7
b11111010010110010101100111110 *
b11111010010110010101100111110 6
0&
#17495000
b0 A
09
03
b10010 C
b101000101000001101111001010000 D
0F
b10101111101010111100000101100 <
1>
b10101100111110000000000000000000 L
b10110000111101001100000101100 ;
b11111010111111011101100111110 8
b1001010000010010001100010010 4
1N
b110 J
b1001010101011011001100010010 H
b101000101000001101111001010000 E
b100010101111101010111100000101100 =
b10101100111110000000000000000000 B
b11111010010 ?
b11111010010 @
b11111010010110010101100111110 G
0"
b1101100011 0
b1101100011 1
1&
#17500000
b1101100100 /
0-
0&
#17505000
1"
b10101100111110000000000000000000 #
b10101100111110000000000000000000 M
0N
1&
#17510000
1-
b1101100101 2
b10001010111011110010000100010101 '
b10001010111011110010000100010101 T
b110000000000000001110001011111111 P
b11111010100010001110000011110101 Q
b10000101011110000000001000001010 O
b1 R
b1 )
b1 5
b11111010100010001110000011110101 +
b11111010100010001110000011110101 7
b10000101011110000000001000001010 *
b10000101011110000000001000001010 6
0&
#17515000
b1 A
19
03
0>
1F
b10101 C
b10000000000000001110001011111111 D
b10001010111011110010000100010101 <
0I
b10001010111011110010000100010101 L
b1111111111100001110001011111111 ;
b11111111111110001110001011111111 8
b10000000000010000000000000000000 4
1N
b1 J
b11111010100010001110000011110101 H
b110000000000000001110001011111111 E
b10001010111011110010000100010101 =
b1000001010000000000000000000000 B
b10000101011 ?
b11111111111111111111110000101011 @
b10000101011110000000001000001010 G
0"
b1101100100 0
b1101100100 1
1&
#17520000
b1101100101 /
0-
0&
#17525000
1"
b10001010111011110010000100010101 #
b10001010111011110010000100010101 M
0N
1&
#17530000
1-
b1101100110 2
b11100010010101010011011111 '
b100001110011000010011100000011101 T
b11010011111100111111111110100111 P
b1100010110010010110001111000101 Q
b1110001001010101001101111100010 O
b111 R
b111 )
b111 5
b1100010110010010110001111000101 +
b1100010110010010110001111000101 7
b1110001001010101001101111100010 *
b1110001001010101001101111100010 6
0&
#17535000
b0 A
09
13
1>
0F
b101 C
b11010011111100111111111110100111 D
b1110011000010011100000011101 <
b11100010010101010011011111 L
b10011111000111111100000100111 ;
b1110011111010111111101111100111 8
b1100000000010000000001111000000 4
1N
b111 J
b1100010110010010110001111000101 H
b11010011111100111111111110100111 E
b100001110011000010011100000011101 =
b100101010100110111110001000000 B
b11100010010101010011011111 ?
b11100010010101010011011111 @
b1110001001010101001101111100010 G
0"
b1101100101 0
b1101100101 1
1&
#17540000
b1101100110 /
0-
0&
#17545000
1"
b11100010010101010011011111 #
b11100010010101010011011111 M
0N
1&
#17550000
1-
b1101100111 2
b101101100101111 '
b10111101110110101011110101111011 T
b110101110111000110111101101011101 P
b11111000100001000101111011110001 Q
b10110110010111110001110001101100 O
b11111000100001000101111011110001 +
b11111000100001000101111011110001 7
b10110110010111110001110001101100 *
b10110110010111110001110001101100 6
0&
#17555000
b1 A
19
03
0>
b10001 C
b10101110111000110111101101011101 D
1F
b10111101110110101011110101111011 <
b101101100101111 L
b1001110110110110100001010011101 ;
b11111110110111110101111011111101 8
b10110000000001000001110001100000 4
1N
b11111000100001000101111011110001 H
b110101110111000110111101101011101 E
b10111101110110101011110101111011 =
b111000110110000000000000000000 B
b101101100101111 ?
b11111111111111111101101100101111 @
b10110110010111110001110001101100 G
0"
b1101100110 0
b1101100110 1
1&
#17560000
b1101100111 /
0-
0&
#17565000
1"
b101101100101111 #
b101101100101111 M
0N
1&
#17570000
1-
b1101101000 2
1(
b0 '
0S
b1010010000001111010100010100100 T
b11011011010100100000010110110110 P
b11000100101001010010111010001001 Q
b10110101011001101011100101101 O
b10 R
b10 )
b10 5
b11000100101001010010111010001001 +
b11000100101001010010111010001001 7
b10110101011001101011100101101 *
b10110101011001101011100101101 6
0&
#17575000
b0 A
09
03
0:
0F
b1001 C
b11011011010100100000010110110110 D
b1010010000001111010100010100100 <
b0 L
b11010010000010011111100110100100 ;
b11010110101011011111111110101101 8
b100101001000000011000001001 4
1N
b10 J
b11000100101001010010111010001001 H
b11011011010100100000010110110110 E
b1010010000001111010100010100100 =
b1011001101011100101101000000000 B
b10110101011001101011 ?
b10110101011001101011 @
b10110101011001101011100101101 G
0"
b1101100111 0
b1101100111 1
1&
#17580000
b1101101000 /
0-
0&
#17585000
1!
1"
b0 #
b0 M
0N
1&
#17590000
1-
b1101101001 2
0(
b11010111111111111110110110101111 '
b110001110101100110000001100100 T
b11011101110000111111100110111010 P
b11010101111101101100110010101011 Q
b111110011010010110100001111 O
b100 R
b100 )
b100 5
b11010101111101101100110010101011 +
b11010101111101101100110010101011 7
b111110011010010110100001111 *
b111110011010010110100001111 6
0&
#17595000
b1011 C
b11011101110000111111100110111010 D
b110001110101100110000001100100 <
b11010111111111111110110110101111 L
b11010010001110111110000110100100 ;
b11010111111111111110110110101111 8
b101110001000000110000001011 4
1N
b100 J
b11010101111101101100110010101011 H
b11011101110000111111100110111010 E
b110001110101100110000001100100 =
b1101001011010000111100000000000 B
b1111100110100101 ?
b1111100110100101 @
b111110011010010110100001111 G
0"
b1101101000 0
b1101101000 1
1&
#17600000
b1101101001 /
0-
0&
#17605000
0!
1"
b11010111111111111110110110101111 #
b11010111111111111110110110101111 M
0N
1&
#17610000
1-
b1101101010 2
b11111111111111111111111111110101 '
b11001100011110010011011110011001 T
b110001000011100011001100100001111 P
b11011101111111000011000010111011 Q
b10101010011101010110100001010100 O
b1000 R
b1000 )
b1000 5
b11011101111111000011000010111011 +
b11011101111111000011000010111011 7
b10101010011101010110100001010100 *
b10101010011101010110100001010100 6
0&
#17615000
b1 A
19
b11011 C
b10001000011100011001100100001111 D
1F
b11001100011110010011011110011001 <
b11111111111111111111111111110101 L
b1110111100010010101100011101111 ;
b11111111111111010111100011111111 8
b10001000011101000010000000010000 4
1N
b1000 J
b11011101111111000011000010111011 H
b110001000011100011001100100001111 E
b11001100011110010011011110011001 =
b10100000000000000000000000000000 B
b10101 ?
b11111111111111111111111111110101 @
b10101010011101010110100001010100 G
0"
b1101101001 0
b1101101001 1
1&
#17620000
b1101101010 /
0-
0&
#17625000
1"
b11111111111111111111111111110101 #
b11111111111111111111111111110101 M
0N
1&
#17630000
1-
b1101101011 2
b10100111010001000000000 '
b110110100101000111111011101101001 T
b11001100010100110100110110010111 P
b1011110101111010101100010111 Q
b11000000011110111010001010000000 O
b11 R
b11 )
b11 5
b1011110101111010101100010111 +
b1011110101111010101100010111 7
b11000000011110111010001010000000 *
b11000000011110111010001010000000 6
0&
#17635000
1>
0F
b10111 C
b11001100010100110100110110010111 D
b10110100101000111111011101101001 <
b10100111010001000000000 L
b11001011101011000000100110010111 ;
b11001011111111111010101110010111 8
b10100111010001000000000 4
1N
b11 J
b1011110101111010101100010111 H
b11001100010100110100110110010111 E
b110110100101000111111011101101001 =
b1000000000000000000000000000000 B
b110000000 ?
b11111111111111111111111110000000 @
b11000000011110111010001010000000 G
0"
b1101101010 0
b1101101010 1
1&
#17640000
b1101101011 /
0-
0&
#17645000
1"
b10100111010001000000000 #
b10100111010001000000000 M
0N
1&
#17650000
1-
b1101101100 2
b11010111111111111101111110101111 '
b1010110011001010101100010101100 T
b11011001100101111110010110110010 P
b11000001100110010100011010000011 Q
b10111111111101001111100101111 O
b100 R
b100 )
b100 5
b11000001100110010100011010000011 +
b11000001100110010100011010000011 7
b10111111111101001111100101111 *
b10111111111101001111100101111 6
0&
#17655000
b0 A
09
0:
0>
b11 C
b11011001100101111110010110110010 D
b1010110011001010101100010101100 <
b11010111111111111101111110101111 L
b11010110011001111101100110101100 ;
b11010111111111111101111110101111 8
b1100110000000011000000011 4
1N
b100 J
b11000001100110010100011010000011 H
b11011001100101111110010110110010 E
b1010110011001010101100010101100 =
b10111111111101001111100101111000 B
b10111111111101001111100101 ?
b10111111111101001111100101 @
b10111111111101001111100101111 G
0"
b1101101011 0
b1101101011 1
1&
#17660000
b1101101100 /
0-
0&
#17665000
1"
b11010111111111111101111110101111 #
b11010111111111111101111110101111 M
0N
1&
#17670000
1-
b1101101101 2
b11010100000101001101101110101000 '
b1010111111111000111101010110000 T
b11010100000101001101101110101000 P
b10111110000011000011000001111100 Q
b10110000010001010101100101100 O
b0 R
b0 )
b0 5
b10111110000011000011000001111100 +
b10111110000011000011000001111100 7
b10110000010001010101100101100 *
b10110000010001010101100101100 6
0&
#17675000
b11100 C
b11010100000101001101101110101000 D
b1010111111111000111101010110000 <
b11010100000101001101101110101000 L
b10101000000001001001101101010000 ;
b10111110000011001011101101111100 8
b10110000010000010000000101100 4
1N
b0 J
b10111110000011000011000001111100 H
b11010100000101001101101110101000 E
b1010111111111000111101010110000 =
b11000000000000000000000000000000 B
b1 ?
b1 @
b10110000010001010101100101100 G
0"
b1101101100 0
b1101101100 1
1&
#17680000
b1101101101 /
0-
0&
#17685000
1"
b11010100000101001101101110101000 #
b11010100000101001101101110101000 M
0N
1&
#17690000
1-
b1101101110 2
b11111111111111111111111011110010 '
b110000101000010100111001100001010 T
b101110110110000001001001011101100 P
b1111000110110110000111111110001 Q
b11111101111001011000001011111011 O
b1000 R
b1000 )
b1000 5
b1111000110110110000111111110001 +
b1111000110110110000111111110001 7
b11111101111001011000001011111011 *
b11111101111001011000001011111011 6
0&
#17695000
b1 A
19
0:
b10001 C
b1110110110000001001001011101100 D
1F
b10000101000010100111001100001010 <
1>
b11111111111111111111111011110010 L
b10000101001111101000110100001010 ;
b11111101111111111000111111111011 8
b1111000110000010000001011110001 4
1N
b1000 J
b1111000110110110000111111110001 H
b101110110110000001001001011101100 E
b110000101000010100111001100001010 =
b101111101100000000000000000 B
b111111011110010 ?
b11111111111111111111111011110010 @
b11111101111001011000001011111011 G
0"
b1101101101 0
b1101101101 1
1&
#17700000
b1101101110 /
0-
0&
#17705000
1"
b11111111111111111111111011110010 #
b11111111111111111111111011110010 M
0N
1&
#17710000
1-
b1101101111 2
b10100000001000110000111001000000 '
b101001010011111111101000010010101 T
b110011011110001101000110100110111 P
b10101000101000110101111001010001 Q
b11110011001000110010111011100110 O
b11 R
b11 )
b11 5
b10101000101000110101111001010001 +
b10101000101000110101111001010001 7
b11110011001000110010111011100110 *
b11110011001000110010111011100110 6
0&
#17715000
b0 A
09
b10011011110001101000110100110111 D
b1001010011111111101000010010101 <
b10100000001000110000111001000000 L
b1011011100000000111000010110111 ;
b11111011101000110111111011110111 8
b10100000001000110000111001000000 4
1N
b11 J
b10101000101000110101111001010001 H
b110011011110001101000110100110111 E
b101001010011111111101000010010101 =
b1011101110011000000000000000000 B
b111100110010001 ?
b11111111111111111111100110010001 @
b11110011001000110010111011100110 G
0"
b1101101110 0
b1101101110 1
1&
#17720000
b1101101111 /
0-
0&
#17725000
1"
b10100000001000110000111001000000 #
b10100000001000110000111001000000 M
0N
1&
#17730000
1-
b1101110000 2
b10100010010001011110000001000100 '
b100001000101001100000000000010001 T
b101011101010001011100000010111001 P
b10101010010011111110000001010100 Q
b10110010111101011110000001100101 O
b10101010010011111110000001010100 +
b10101010010011111110000001010100 7
b10110010111101011110000001100101 *
b10110010111101011110000001100101 6
0&
#17735000
13
b10100 C
b1011101010001011100000010111001 D
b1000101001100000000000010001 <
b10100010010001011110000001000100 L
b11000101110100000000000110001 ;
b10111010111111111110000001110101 8
b10100010010001011110000001000100 4
1N
b10101010010011111110000001010100 H
b101011101010001011100000010111001 E
b100001000101001100000000000010001 =
b110010100000000000000000000 B
b101100101111 ?
b11111111111111111111101100101111 @
b10110010111101011110000001100101 G
0"
b1101101111 0
b1101101111 1
1&
#17740000
b1101110000 /
0-
0&
#17745000
1"
b10100010010001011110000001000100 #
b10100010010001011110000001000100 M
0N
1&
#17750000
1-
b1101110001 2
b11111000101001110011011111110001 '
b10010111101001001110111100101111 T
b100000101010010001100100000001001 P
b10110110110100011110110001101101 Q
b1001110011101101101101110011100 O
b101 R
b101 )
b101 5
b10110110110100011110110001101101 +
b10110110110100011110110001101101 7
b1001110011101101101101110011100 *
b1001110011101101101101110011100 6
0&
#17755000
1:
b0 A
09
03
b1101 C
b101010010001100100000001001 D
b10010111101001001110111100101111 <
0>
b11111000101001110011011111110001 L
b11111000101001110011011111110001 ;
b11111110111101111111111111111101 8
b110010100001100100000001100 4
1N
b101 J
b10110110110100011110110001101101 H
b100000101010010001100100000001001 E
b10010111101001001110111100101111 =
b11011011011100111000000000000000 B
b100111001110110110 ?
b100111001110110110 @
b1001110011101101101101110011100 G
0"
b1101110000 0
b1101110000 1
1&
#17760000
b1101110001 /
0-
0&
#17765000
1"
b11111000101001110011011111110001 #
b11111000101001110011011111110001 M
0N
1&
#17770000
1-
b1101110010 2
b11110000000100000100001011100000 '
b100001001111001000110110000010011 T
b111101010000010000010000111010011 P
b11110000000100011101101011100000 Q
b11111001111101100100011011110011 O
b11 R
b11 )
b11 5
b11110000000100011101101011100000 +
b11110000000100011101101011100000 7
b11111001111101100100011011110011 *
b11111001111101100100011011110011 6
0&
#17775000
0:
b0 C
b11101010000010000010000111010011 D
b1001111001000110110000010011 <
1>
b11110000000100000100001011100000 L
b1001111001111001110000010011 ;
b11111001111101111101111011110011 8
b11110000000100000100001011100000 4
1N
b11 J
b11110000000100011101101011100000 H
b111101010000010000010000111010011 E
b100001001111001000110110000010011 =
b11111001111101100100011011110011 B
b11111001111101100100011011110011 ?
b11111001111101100100011011110011 @
b11111001111101100100011011110011 G
0"
b1101110001 0
b1101110001 1
1&
#17780000
b1101110010 /
0-
0&
#17785000
1"
b11110000000100000100001011100000 #
b11110000000100000100001011100000 M
0N
1&
#17790000
1-
b1101110011 2
1(
b0 '
b110111110101010011100000101111101 T
b100111110000001100111010001111011 P
b111111101011100101100101111111 Q
b11111110010110000001101011111100 O
b110 R
b110 )
b110 5
b111111101011100101100101111111 +
b111111101011100101100101111111 7
b11111110010110000001101011111100 *
b11111110010110000001101011111100 6
0&
#17795000
b1 A
19
0:
b11111 C
b111110000001100111010001111011 D
b10111110101010011100000101111101 <
b0 L
b11000001111101100100001110000011 ;
b11111111111111100101101111111111 8
b111110000010000001100001111100 4
1N
b110 J
b111111101011100101100101111111 H
b100111110000001100111010001111011 E
b110111110101010011100000101111101 =
b0 B
b1 ?
b11111111111111111111111111111111 @
b11111110010110000001101011111100 G
0"
b1101110010 0
b1101110010 1
1&
#17800000
b1101110011 /
0-
0&
#17805000
1!
1"
b0 #
b0 M
0N
1&
#17810000
1-
b1101110100 2
0(
b11111011000000000000000000000000 '
b11110110010100010010011111101101 T
b1101010000101101101011011010011 P
b111001111000101101011101110011 Q
b110000001100111111111101100000 O
b111001111000101101011101110011 +
b111001111000101101011101110011 7
b110000001100111111111101100000 *
b110000001100111111111101100000 6
0&
#17815000
b11111011000000000000000000000000 L
b11111011000000000000000000000000 B
b10011 C
b1101010000101101101011011010011 D
0F
b11110110010100010010011111101101 <
0>
b1001110100010010100000010011 ;
b111001111100111111111101110011 8
b110000001000101101011101100000 4
1N
b111001111000101101011101110011 H
b1101010000101101101011011010011 E
b11110110010100010010011111101101 =
b11000000110 ?
b11000000110 @
b110000001100111111111101100000 G
0"
b1101110011 0
b1101110011 1
1&
#17820000
b1101110100 /
0-
0&
#17825000
0!
1"
b11111011000000000000000000000000 #
b11111011000000000000000000000000 M
0N
1&
#17830000
1-
b1101110101 2
1(
b0 '
b100010000100000110011111000100001 T
b101011001110111001111101010110011 P
b10100100101011001101111001001001 Q
b10110101001100000001110001101010 O
b10 R
b10 )
b10 5
b10100100101011001101111001001001 +
b10100100101011001101111001001001 7
b10110101001100000001110001101010 *
b10110101001100000001110001101010 6
0&
#17835000
b0 A
09
13
1F
b1001 C
b1011001110111001111101010110011 D
b10000100000110011111000100001 <
1>
b0 L
b10001100111001100001000100011 ;
b10110101101111001101111001101011 8
b10100100001000000001110001001000 4
1N
b10 J
b10100100101011001101111001001001 H
b101011001110111001111101010110011 E
b100010000100000110011111000100001 =
b1100000001110001101010000000000 B
b10110101001100000001110 ?
b11111111110110101001100000001110 @
b10110101001100000001110001101010 G
0"
b1101110100 0
b1101110100 1
1&
#17840000
b1101110101 /
0-
0&
#17845000
1!
1"
b0 #
b0 M
0N
1&
#17850000
1-
b1101110110 2
0(
b11010111110011110111010110101111 '
b100101011110001101001111001010111 T
b11011001110101111000100110110011 P
b1010111000010000111010110101110 Q
b10000010110011110001010000000101 O
b100 R
b100 )
b100 5
b1010111000010000111010110101110 +
b1010111000010000111010110101110 7
b10000010110011110001010000000101 *
b10000010110011110001010000000101 6
0&
#17855000
1:
03
b1 A
19
0F
b1110 C
b11011001110101111000100110110011 D
b101011110001101001111001010111 <
1>
b11010111110011110111010110101111 L
b11010101110001110110000110101011 ;
b11010111110011110111010110101111 8
b10000010000001010000000100 4
1N
b100 J
b1010111000010000111010110101110 H
b11011001110101111000100110110011 E
b100101011110001101001111001010111 =
b11000101000000010100000000000000 B
b100000101100111100 ?
b11111111111111100000101100111100 @
b10000010110011110001010000000101 G
0"
b1101110101 0
b1101110101 1
1&
#17860000
b1101110110 /
0-
0&
#17865000
0!
1"
b11010111110011110111010110101111 #
b11010111110011110111010110101111 M
0N
1&
#17870000
1-
b1101110111 2
b101000000000000000000000000000 '
b11000100110011010101000110001010 T
b101100000100001000100011011000000 P
b11001101110110110111101010011011 Q
b10010010101010001100110000100101 O
b110 R
b110 )
b110 5
b11001101110110110111101010011011 +
b11001101110110110111101010011011 7
b10010010101010001100110000100101 *
b10010010101010001100110000100101 6
0&
#17875000
13
0:
0>
1F
b11011 C
b1100000100001000100011011000000 D
b11000100110011010101000110001010 <
b101000000000000000000000000000 L
b1011111011100111011011010111110 ;
b11011111111110111111111010111111 8
b10000000100010000100100000000001 4
1N
b110 J
b11001101110110110111101010011011 H
b101100000100001000100011011000000 E
b11000100110011010101000110001010 =
b101000000000000000000000000000 B
b10010 ?
b11111111111111111111111111110010 @
b10010010101010001100110000100101 G
0"
b1101110110 0
b1101110110 1
1&
#17880000
b1101110111 /
0-
0&
#17885000
1"
b101000000000000000000000000000 #
b101000000000000000000000000000 M
0N
1&
#17890000
1-
b1101111000 2
b111011011000110010101111 '
b11110010110111100100100111100110 T
b11111010101011100110010111110100 P
b10000011111010000000111000000111 Q
b1110110110001100101011111101101 O
b111 R
b111 )
b111 5
b10000011111010000000111000000111 +
b10000011111010000000111000000111 7
b1110110110001100101011111101101 *
b1110110110001100101011111101101 6
0&
#17895000
b0 A
09
03
1:
0F
b111 C
b11111010101011100110010111110100 D
b11110010110111100100100111100110 <
b111011011000110010101111 L
b11110101001011100101100111101010 ;
b11110111111011100101111111101111 8
b10110000000000011000000101 4
1N
b111 J
b10000011111010000000111000000111 H
b11111010101011100110010111110100 E
b11110010110111100100100111100110 =
b1100011001010111111011010000000 B
b111011011000110010101111 ?
b111011011000110010101111 @
b1110110110001100101011111101101 G
0"
b1101110111 0
b1101110111 1
1&
#17900000
b1101111000 /
0-
0&
#17905000
1"
b111011011000110010101111 #
b111011011000110010101111 M
0N
1&
#17910000
1-
b1101111001 2
1(
b0 '
b10110101101110101110101101101100 T
b100110101011101101011110001101010 P
b10111111110111011110100001111111 Q
b1110101100110001101001111101011 O
b1000 R
b1000 )
b1000 5
b10111111110111011110100001111111 +
b10111111110111011110100001111111 7
b1110101100110001101001111101011 *
b1110101100110001101001111101011 6
0&
#17915000
1F
b11111 C
b110101011101101011110001101010 D
b10110101101110101110101101101100 <
b0 L
b11001010010001010011101110010100 ;
b11111111110111011111101111111111 8
b110101100110001100000001101011 4
1N
b1000 J
b10111111110111011110100001111111 H
b100110101011101101011110001101010 E
b10110101101110101110101101101100 =
b10000000000000000000000000000000 B
b0 ?
b0 @
b1110101100110001101001111101011 G
0"
b1101111000 0
b1101111000 1
1&
#17920000
b1101111001 /
0-
0&
#17925000
1!
1"
b0 #
b0 M
0N
1&
#17930000
1-
b1101111010 2
0(
b10000111010000100000111000001110 '
b100111000011000001001000001110001 T
b101100111001001100000110011001101 P
b10010111011000101011111000101110 Q
b11001111110000110100111010011111 O
b11 R
b11 )
b11 5
b10010111011000101011111000101110 +
b10010111011000101011111000101110 7
b11001111110000110100111010011111 *
b11001111110000110100111010011111 6
0&
#17935000
13
0:
b11010011101001111100000000000000 B
b1110 C
b1100111001001100000110011001101 D
b111000011000001001000001110001 <
1>
b10000111010000100000111000001110 L
b1011000101000011111000010110001 ;
b11011111111000111111111010111111 8
b10000111010000100000111000001110 4
1N
b11 J
b10010111011000101011111000101110 H
b101100111001001100000110011001101 E
b100111000011000001001000001110001 =
b110011111100001101 ?
b11111111111111110011111100001101 @
b11001111110000110100111010011111 G
0"
b1101111001 0
b1101111001 1
1&
#17940000
b1101111010 /
0-
0&
#17945000
0!
1"
b10000111010000100000111000001110 #
b10000111010000100000111000001110 M
0N
1&
#17950000
1-
b1101111011 2
b1000010101010011010000010000101 '
b110110011000001011111110101100110 T
b101000010010110010100010010000100 P
b1000111101010011010001110001111 Q
b11111010101011111010000011110101 O
b1000111101010011010001110001111 +
b1000111101010011010001110001111 7
b11111010101011111010000011110101 *
b11111010101011111010000011110101 6
0&
#17955000
b1 A
19
03
0:
b1111 C
b1000010010110010100010010000100 D
b10110011000001011111110101100110 <
b1000010101010011010000010000101 L
b10111101000001100000001101111010 ;
b11111111101011111010001111111111 8
b1000010101010011010000010000101 4
1N
b1000111101010011010001110001111 H
b101000010010110010100010010000100 E
b110110011000001011111110101100110 =
b11010000011110101000000000000000 B
b11111010101011111 ?
b11111111111111111111010101011111 @
b11111010101011111010000011110101 G
0"
b1101111010 0
b1101111010 1
1&
#17960000
b1101111011 /
0-
0&
#17965000
1"
b1000010101010011010000010000101 #
b1000010101010011010000010000101 M
0N
1&
#17970000
1-
b1101111100 2
b1 '
1S
b101110101101101001110011011101100 T
b11001101100101111010110110011010 P
b101011111100010110001101010111 Q
b10100001101001100100101001000011 O
b10 R
b10 )
b10 5
b101011111100010110001101010111 +
b101011111100010110001101010111 7
b10100001101001100100101001000011 *
b10100001101001100100101001000011 6
0&
#17975000
1:
b1 A
19
b10111 C
b11001101100101111010110110011010 D
0F
b1110101101101001110011011101100 <
b1 L
b10001010010101110010100100010100 ;
b10101011111101110110101101010111 8
b100001101000000100001001000011 4
1N
b10 J
b101011111100010110001101010111 H
b11001101100101111010110110011010 E
b101110101101101001110011011101100 =
b100001100000000000000000000000 B
b101000011 ?
b11111111111111111111111101000011 @
b10100001101001100100101001000011 G
0"
b1101111011 0
b1101111011 1
1&
#17980000
b1101111100 /
0-
0&
#17985000
1"
b1 #
b1 M
0N
1&
#17990000
1-
b1101111101 2
b1101001111100001 '
b101011011110111110111001010110111 T
b101001011111000110100011010010111 P
b1111000000000011110100111110000 Q
b11010011111000010101110010100111 O
b111 R
b111 )
b111 5
b1111000000000011110100111110000 +
b1111000000000011110100111110000 7
b11010011111000010101110010100111 *
b11010011111000010101110010100111 6
0&
#17995000
1:
b1 A
19
1F
b10000 C
b1001011111000110100011010010111 D
b1011011110111110111001010110111 <
b1101001111100001 L
b10101011111000001011010101010111 ;
b11111011111000011111110111110111 8
b1010000000000010100100010100000 4
1N
b111 J
b1111000000000011110100111110000 H
b101001011111000110100011010010111 E
b101011011110111110111001010110111 =
b1011100101001110000000000000000 B
b1101001111100001 ?
b11111111111111111101001111100001 @
b11010011111000010101110010100111 G
0"
b1101111100 0
b1101111100 1
1&
#18000000
b1101111101 /
0-
0&
#18005000
1"
b1101001111100001 #
b1101001111100001 M
0N
1&
#18010000
1-
b1101111110 2
b11111000110100101101011111110001 '
b111000010100011011110001110000 T
b11111001010100101110100111110010 P
b11100000100000001001011011000001 Q
b11000110100100101001100110001 O
b100 R
b100 )
b100 5
b11100000100000001001011011000001 +
b11100000100000001001011011000001 7
b11000110100100101001100110001 *
b11000110100100101001100110001 6
0&
#18015000
b0 A
09
0:
b1 C
b11111001010100101110100111110010 D
0F
b111000010100011011110001110000 <
0>
b11111000110100101101011111110001 L
b11111000010100101100010111110000 ;
b11111000110100101101011111110001 8
b100000000001001000000001 4
1N
b100 J
b11100000100000001001011011000001 H
b11111001010100101110100111110010 E
b111000010100011011110001110000 =
b110001101001001010011001100010 B
b1100011010010010100110011000 ?
b1100011010010010100110011000 @
b11000110100100101001100110001 G
0"
b1101111101 0
b1101111101 1
1&
#18020000
b1101111110 /
0-
0&
#18025000
1"
b11111000110100101101011111110001 #
b11111000110100101101011111110001 M
0N
1&
#18030000
1-
b1101111111 2
b11111111111100100100100101111011 '
b101101111110111110100001011100000 T
b101011001010001101010101010110010 P
b1110100101100111011001111101001 Q
b11100100100100101111011011001001 O
b1000 R
b1000 )
b1000 5
b1110100101100111011001111101001 +
b1110100101100111011001111101001 7
b11100100100100101111011011001001 *
b11100100100100101111011011001001 6
0&
#18035000
b1 A
19
1:
b1001 C
b1011001010001101010101010110010 D
1F
b1101111110111110100001011100000 <
1>
b11111111111100100100100101111011 L
b10010000001000010100010100100000 ;
b11110100101100111111011111101001 8
b1100100100100101011001011001001 4
1N
b1000 J
b1110100101100111011001111101001 H
b101011001010001101010101010110010 E
b101101111110111110100001011100000 =
b100101111011011001001000000000 B
b11100100100100101111011 ?
b11111111111100100100100101111011 @
b11100100100100101111011011001001 G
0"
b1101111110 0
b1101111110 1
1&
#18040000
b1101111111 /
0-
0&
#18045000
1"
b11111111111100100100100101111011 #
b11111111111100100100100101111011 M
0N
1&
#18050000
1-
b1110000000 2
b10001 '
b10111000001011001000000101110000 T
b11010010010001011111000110100100 P
b10001101000011001011100000011010 Q
b1000101001110010011100110001010 O
b111 R
b111 )
b111 5
b10001101000011001011100000011010 +
b10001101000011001011100000011010 7
b1000101001110010011100110001010 *
b1000101001110010011100110001010 6
0&
#18055000
b0 A
09
1:
b11010 C
b11010010010001011111000110100100 D
0F
b10111000001011001000000101110000 <
0>
b10001 L
b11001000001101011000000110010000 ;
b11001101001111011011100110011010 8
b101000010000011100000001010 4
1N
b111 J
b10001101000011001011100000011010 H
b11010010010001011111000110100100 E
b10111000001011001000000101110000 =
b101000000000000000000000000000 B
b10001 ?
b10001 @
b1000101001110010011100110001010 G
0"
b1101111111 0
b1101111111 1
1&
#18060000
b1110000000 /
0-
0&
#18065000
1"
b10001 #
b10001 M
0N
1&
#18070000
1-
b1110000001 2
b1001110100001100 '
b10000110111101000101101100001110 T
b100010110000101111101100000101100 P
b11000111100100011011111010001111 Q
b1001110100001100001100110011101 O
b11000111100100011011111010001111 +
b11000111100100011011111010001111 7
b1001110100001100001100110011101 *
b1001110100001100001100110011101 6
0&
#18075000
1F
b1111 C
b10110000101111101100000101100 D
b10000110111101000101101100001110 <
b1001110100001100 L
b10001001000101111010011100010010 ;
b11001111100101111011111110011111 8
b1000110100000000001100010001101 4
1N
b11000111100100011011111010001111 H
b100010110000101111101100000101100 E
b10000110111101000101101100001110 =
b1100110011101000000000000000 B
b1001110100001100 ?
b1001110100001100 @
b1001110100001100001100110011101 G
0"
b1110000000 0
b1110000000 1
1&
#18080000
b1110000001 /
0-
0&
#18085000
1"
b1001110100001100 #
b1001110100001100 M
0N
1&
#18090000
1-
b1110000010 2
b1111010000100111100 '
b111101101001010011010001111011011 T
b11111011001001010110000111110101 P
b110111111011101111100001101 Q
b11110100001001111000001011101000 O
b110111111011101111100001101 +
b110111111011101111100001101 7
b11110100001001111000001011101000 *
b11110100001001111000001011101000 6
0&
#18095000
b1 A
19
0:
0F
b1101 C
b11111011001001010110000111110101 D
b11101101001010011010001111011011 <
1>
b1111010000100111100 L
b11110010110110100101110111100101 ;
b11110110111111111101111111101101 8
b100001001011000001000001000 4
1N
b110111111011101111100001101 H
b11111011001001010110000111110101 E
b111101101001010011010001111011011 =
b11110000010111010000000000000000 B
b1111010000100111100 ?
b11111111111111111010000100111100 @
b11110100001001111000001011101000 G
0"
b1110000001 0
b1110000001 1
1&
#18100000
b1110000010 /
0-
0&
#18105000
1"
b1111010000100111100 #
b1111010000100111100 M
0N
1&
#18110000
1-
b1110000011 2
b100000010101001010011001000001 '
b100100000010101001010011001000001 T
b10010110101101011011110100101101 P
b111011001100001000101101110110 Q
b1011011100001010011000110110111 O
b1 R
b1 )
b1 5
b111011001100001000101101110110 +
b111011001100001000101101110110 7
b1011011100001010011000110110111 *
b1011011100001010011000110110111 6
0&
#18115000
13
b0 A
09
b10110 C
b10010110101101011011110100101101 D
b100000010101001010011001000001 <
1I
b100000010101001010011001000001 L
b1100000101101011011101011000001 ;
b1111011101101011011101111110111 8
b11011000000000000000100110110 4
1N
b1 J
b111011001100001000101101110110 H
b10010110101101011011110100101101 E
b100100000010101001010011001000001 =
b1101101110000000000000000000000 B
b101101110 ?
b101101110 @
b1011011100001010011000110110111 G
0"
b1110000010 0
b1110000010 1
1&
#18120000
b1110000011 /
0-
0&
#18125000
1%
1"
b100000010101001010011001000001 #
b100000010101001010011001000001 M
0N
1&
#18130000
1-
b1110000100 2
b10010011010000100000011100100100 '
b10010011100011001001011100100111 T
b100110110000101000110110001101011 P
b11010001010000111110101010100010 Q
b1100100110100001000000111001001 O
b110 R
b110 )
b110 5
b11010001010000111110101010100010 +
b11010001010000111110101010100010 7
b1100100110100001000000111001001 *
b1100100110100001000000111001001 6
0&
#18135000
1:
b0 A
09
03
0>
1F
b10 C
b110110000101000110110001101011 D
b10010011100011001001011100100111 <
0I
b10010011010000100000011100100100 L
b10110101100100110110101101101011 ;
b11110101110100111110101111101011 8
b1000000010000001000000010000000 4
1N
b110 J
b11010001010000111110101010100010 H
b100110110000101000110110001101011 E
b10010011100011001001011100100111 =
b10010011010000100000011100100100 B
b11001001101000010000001110010 ?
b11001001101000010000001110010 @
b1100100110100001000000111001001 G
0"
b1110000011 0
b1110000011 1
1&
#18140000
b1110000100 /
0-
0&
#18145000
0%
1"
b10010011010000100000011100100100 #
b10010011010000100000011100100100 M
0N
1&
#18150000
1-
b1110000101 2
b11100111001100011011011111001101 '
b11111000011011010001100111110001 T
b111100111001100011011011111001101 P
b11110111011000100100111011101110 Q
b11101111110011110110100011011111 O
b0 R
b0 )
b0 5
b11110111011000100100111011101110 +
b11110111011000100100111011101110 7
b11101111110011110110100011011111 *
b11101111110011110110100011011111 6
0&
#18155000
b1 A
19
0:
b1110 C
b11100111001100011011011111001101 D
b11111000011011010001100111110001 <
0>
1I
b11100111001100011011011111001101 L
b11000101011010010011000110001 ;
b11111111111011110110111011111111 8
b11100111010000100100100011001110 4
1N
b0 J
b11110111011000100100111011101110 H
b111100111001100011011011111001101 E
b11111000011011010001100111110001 =
b11011010001101111100000000000000 B
b111011111100111101 ?
b11111111111111111011111100111101 @
b11101111110011110110100011011111 G
0"
b1110000100 0
b1110000100 1
1&
#18160000
b1110000101 /
0-
0&
#18165000
1%
1"
b11100111001100011011011111001101 #
b11100111001100011011011111001101 M
0N
1&
#18170000
1-
b1110000110 2
b11000111001101000111111 '
b10001111011001111100100100011111 T
b100110111110011001011011001101111 P
b11010100001100100111011010101000 Q
b1100011100110100011111111000111 O
b111 R
b111 )
b111 5
b11010100001100100111011010101000 +
b11010100001100100111011010101000 7
b1100011100110100011111111000111 *
b1100011100110100011111111000111 6
0&
#18175000
b0 A
09
03
1:
b1000 C
b110111110011001011011001101111 D
b10001111011001111100100100011111 <
0I
b11000111001101000111111 L
b10110111101010000100100101101111 ;
b11110111101110100111111111101111 8
b1000000000100100011011010000000 4
1N
b111 J
b11010100001100100111011010101000 H
b100110111110011001011011001101111 E
b10001111011001111100100100011111 =
b10011010001111111100011100000000 B
b11000111001101000111111 ?
b11000111001101000111111 @
b1100011100110100011111111000111 G
0"
b1110000101 0
b1110000101 1
1&
#18180000
b1110000110 /
0-
0&
#18185000
0%
1"
b11000111001101000111111 #
b11000111001101000111111 M
0N
1&
#18190000
1-
b1110000111 2
b10101010001101111010101101010100 '
b110010101110100011010010100101100 T
b101001100101101111011010010011000 P
b1011011011100110000011110110110 Q
b11110001010001001010110011100010 O
b101 R
b101 )
b101 5
b1011011011100110000011110110110 +
b1011011011100110000011110110110 7
b11110001010001001010110011100010 *
b11110001010001001010110011100010 6
0&
#18195000
b1 A
19
0:
b10110 C
b1001100101101111011010010011000 D
b10010101110100011010010100101100 <
1>
b10101010001101111010101101010100 L
b10101010001101111010101101010100 ;
b11111011011101111010111111110110 8
b1010001010000000000010010100010 4
1N
b101 J
b1011011011100110000011110110110 H
b101001100101101111011010010011000 E
b110010101110100011010010100101100 =
b111000100000000000000000000000 B
b1111000101 ?
b11111111111111111111111111000101 @
b11110001010001001010110011100010 G
0"
b1110000110 0
b1110000110 1
1&
#18200000
b1110000111 /
0-
0&
#18205000
1"
b10101010001101111010101101010100 #
b10101010001101111010101101010100 M
0N
1&
#18210000
1-
b1110001000 2
b11100001001101010101100111000010 '
b11111000011001010100000111110 T
b100010001010001100110011000100010 P
b11111001000111001101111011110010 Q
b11000001010011000011100110000 O
b11111001000111001101111011110010 +
b11111001000111001101111011110010 7
b11000001010011000011100110000 *
b11000001010011000011100110000 6
0&
#18215000
b0 A
09
0:
b10010 C
b10001010001100110011000100010 D
b11111000011001010100000111110 <
0>
b11100001001101010101100111000010 L
b11100001001101010101100111000010 ;
b11111001001111011101111111110010 8
b11000000010001000011000110000 4
1N
b11111001000111001101111011110010 H
b100010001010001100110011000100010 E
b11111000011001010100000111110 =
b11100110000000000000000000000 B
b11000001010 ?
b11000001010 @
b11000001010011000011100110000 G
0"
b1110000111 0
b1110000111 1
1&
#18220000
b1110001000 /
0-
0&
#18225000
1"
b11100001001101010101100111000010 #
b11100001001101010101100111000010 M
0N
1&
#18230000
1-
b1110001001 2
b10100001011101100001110101000010 '
b11111101001011010011011111111010 T
b110100001011101100001110101000010 P
b11010010001001000111001010100100 Q
b11001111010100011010101010011110 O
b0 R
b0 )
b0 5
b11010010001001000111001010100100 +
b11010010001001000111001010100100 7
b11001111010100011010101010011110 *
b11001111010100011010101010011110 6
0&
#18235000
b1 A
19
b100 C
b10100001011101100001110101000010 D
b11111101001011010011011111111010 <
1I
b10100001011101100001110101000010 L
b11101011101011101100000111010 ;
b11011111011101011111101010111110 8
b11000010000000000010001010000100 4
1N
b0 J
b11010010001001000111001010100100 H
b110100001011101100001110101000010 E
b11111101001011010011011111111010 =
b11110101000110101010100111100000 B
b1100111101010001101010101001 ?
b11111100111101010001101010101001 @
b11001111010100011010101010011110 G
0"
b1110001000 0
b1110001000 1
1&
#18240000
b1110001001 /
0-
0&
#18245000
1%
1"
b10100001011101100001110101000010 #
b10100001011101100001110101000010 M
0N
1&
#18250000
1-
b1110001010 2
b11010111100111111101100110101111 '
b101001100011110111010011010011001 T
b11010111111000000010000110101111 P
b1000101101100100011110110001011 Q
b10010010001011011110010000100100 O
b101 R
b101 )
b101 5
b1000101101100100011110110001011 +
b1000101101100100011110110001011 7
b10010010001011011110010000100100 *
b10010010001011011110010000100100 6
0&
#18255000
1:
b1 A
19
1>
0F
b1011 C
b11010111111000000010000110101111 D
b1001100011110111010011010011001 <
0I
b11010111100111111101100110101111 L
b11010111100111111101100110101111 ;
b11010111101111111111110110101111 8
b1000000010010000000000 4
1N
b101 J
b1000101101100100011110110001011 H
b11010111111000000010000110101111 E
b101001100011110111010011010011001 =
b1101111001000010010000000000000 B
b100100100010110111100 ?
b11111111111100100100010110111100 @
b10010010001011011110010000100100 G
0"
b1110001001 0
b1110001001 1
1&
#18260000
b1110001010 /
0-
0&
#18265000
0%
1"
b11010111100111111101100110101111 #
b11010111100111111101100110101111 M
0N
1&
#18270000
1-
b1110001011 2
b10001100111100011100000100011001 '
b1111100001100011100000011111001 T
b10110011000001011101100101100101 P
b10011011011010100000110000110110 Q
b10111100110111100110100101111 O
b10011011011010100000110000110110 +
b10011011011010100000110000110110 7
b10111100110111100110100101111 *
b10111100110111100110100101111 6
0&
#18275000
b0 A
09
0:
b10110 C
b10110011000001011101100101100101 D
b1111100001100011100000011111001 <
0>
b10001100111100011100000100011001 L
b10001100111100011100000100011001 ;
b10011111111110111100110100111111 8
b10011000010100000110000100110 4
1N
b10011011011010100000110000110110 H
b10110011000001011101100101100101 E
b1111100001100011100000011111001 =
b1001011110000000000000000000000 B
b1011110 ?
b1011110 @
b10111100110111100110100101111 G
0"
b1110001010 0
b1110001010 1
1&
#18280000
b1110001011 /
0-
0&
#18285000
1"
b10001100111100011100000100011001 #
b10001100111100011100000100011001 M
0N
1&
#18290000
1-
b1110001100 2
b1101110101000011011000011011 '
b100001101110101000011011000011011 T
b110110100000001110001001101100111 P
b11010011000110010110111010100110 Q
b11100000111011011010010011000001 O
b1 R
b1 )
b1 5
b11010011000110010110111010100110 +
b11010011000110010110111010100110 7
b11100000111011011010010011000001 *
b11100000111011011010010011000001 6
0&
#18295000
1I
b110 C
b10110100000001110001001101100111 D
1F
b1101110101000011011000011011 <
1>
b1101110101000011011000011011 L
b110011111101001100101001100111 ;
b11110011111111011110111011100111 8
b11000000000010010010010010000000 4
1N
b1 J
b11010011000110010110111010100110 H
b110110100000001110001001101100111 E
b100001101110101000011011000011011 =
b111011011010010011000001000000 B
b11100000111011011010010011 ?
b11111111100000111011011010010011 @
b11100000111011011010010011000001 G
0"
b1110001011 0
b1110001011 1
1&
#18300000
b1110001100 /
0-
0&
#18305000
1%
1"
b1101110101000011011000011011 #
b1101110101000011011000011011 M
0N
1&
#18310000
1-
b1110001101 2
b1000011011001010000111010000110 '
b101111011100010000010111011110111 T
b100001011010100100100111000010101 P
b1000111111001010000111110001111 Q
b11000011011011010011111010000110 O
b11 R
b11 )
b11 5
b1000111111001010000111110001111 +
b1000111111001010000111110001111 7
b11000011011011010011111010000110 *
b11000011011011010011111010000110 6
0&
#18315000
1:
b1 A
19
b1111 C
b1011010100100100111000010101 D
b1111011100010000010111011110111 <
1>
0I
b1000011011001010000111010000110 L
b10000100100010000011000100001001 ;
b11000111111011010011111110001111 8
b1000011011001010000111010000110 4
1N
b11 J
b1000111111001010000111110001111 H
b100001011010100100100111000010101 E
b101111011100010000010111011110111 =
b10011111010000110000000000000000 B
b11000011011011010 ?
b11111111111111111000011011011010 @
b11000011011011010011111010000110 G
0"
b1110001100 0
b1110001100 1
1&
#18320000
b1110001101 /
0-
0&
#18325000
0%
1"
b1000011011001010000111010000110 #
b1000011011001010000111010000110 M
0N
1&
#18330000
1-
b1110001110 2
b11111101110111011101010111111011 '
b10000100110001001100010100001010 T
b11111110010111101110010111111100 P
b10111100110011010001000001111001 Q
b1000001100100011101010110000011 O
b100 R
b100 )
b100 5
b10111100110011010001000001111001 +
b10111100110011010001000001111001 7
b1000001100100011101010110000011 *
b1000001100100011101010110000011 6
0&
#18335000
b0 A
09
1:
b11001 C
b11111110010111101110010111111100 D
0F
b10000100110001001100010100001010 <
0>
b11111101110111011101010111111011 L
b11111101010111001100010111111010 ;
b11111101110111011101010111111011 8
b100000010001000000000001 4
1N
b100 J
b10111100110011010001000001111001 H
b11111110010111101110010111111100 E
b10000100110001001100010100001010 =
b110000000000000000000000000 B
b100000 ?
b100000 @
b1000001100100011101010110000011 G
0"
b1110001101 0
b1110001101 1
1&
#18340000
b1110001110 /
0-
0&
#18345000
1"
b11111101110111011101010111111011 #
b11111101110111011101010111111011 M
0N
1&
#18350000
1-
b1110001111 2
b1 '
b101000111110000000111010010001111 T
b100001100000000010110100000010111 P
b1100010001000000111100111000100 Q
b10101001111000001110111001010011 O
b10 R
b10 )
b10 5
b1100010001000000111100111000100 +
b1100010001000000111100111000100 7
b10101001111000001110111001010011 *
b10101001111000001110111001010011 6
0&
#18355000
b1 A
19
1:
1>
b100 C
b1100000000010110100000010111 D
1F
b1000111110000000111010010001111 <
b1 L
b11001011110000001001011110010111 ;
b11101011111000001111111111010111 8
b100000001000000110100001000000 4
1N
b10 J
b1100010001000000111100111000100 H
b100001100000000010110100000010111 E
b101000111110000000111010010001111 =
b10011110000011101110010100110000 B
b1010100111100000111011100101 ?
b11111010100111100000111011100101 @
b10101001111000001110111001010011 G
0"
b1110001110 0
b1110001110 1
1&
#18360000
b1110001111 /
0-
0&
#18365000
1"
b1 #
b1 M
0N
1&
#18370000
1-
b1110010000 2
b10100000001100100011111001000000 '
b11001100111110101011111110011010 T
b110010011011010011011110100100110 P
b11100011001101110111111011000110 Q
b10110000001100100011111001100000 O
b11 R
b11 )
b11 5
b11100011001101110111111011000110 +
b11100011001101110111111011000110 7
b10110000001100100011111001100000 *
b10110000001100100011111001100000 6
0&
#18375000
0:
0>
b110 C
b10010011011010011011110100100110 D
b11001100111110101011111110011010 <
b10100000001100100011111001000000 L
b1010011000001010100000010100110 ;
b11110011001101110111111011100110 8
b10100000001100100011111001000000 4
1N
b11 J
b11100011001101110111111011000110 H
b110010011011010011011110100100110 E
b11001100111110101011111110011010 =
b1100100011111001100000000000 B
b10110000001100100011111001 ?
b11111110110000001100100011111001 @
b10110000001100100011111001100000 G
0"
b1110001111 0
b1110001111 1
1&
#18380000
b1110010000 /
0-
0&
#18385000
1"
b10100000001100100011111001000000 #
b10100000001100100011111001000000 M
0N
1&
#18390000
1-
b1110010001 2
b11000011110011111000011110000111 '
b11000001010000011000010110000010 T
b11000100010110111000100110001000 P
b10000001100011010000001000000011 Q
b1000010110011101000011110000101 O
b100 R
b100 )
b100 5
b10000001100011010000001000000011 +
b10000001100011010000001000000011 7
b1000010110011101000011110000101 *
b1000010110011101000011110000101 6
0&
#18395000
b0 A
09
03
1:
0F
b11 C
b11000100010110111000100110001000 D
b11000001010000011000010110000010 <
b11000011110011111000011110000111 L
b11000011010000111000010110000110 ;
b11000011110011111000011110000111 8
b100011000000001000000001 4
1N
b100 J
b10000001100011010000001000000011 H
b11000100010110111000100110001000 E
b11000001010000011000010110000010 =
b10110011101000011110000101000 B
b1000010110011101000011110000 ?
b1000010110011101000011110000 @
b1000010110011101000011110000101 G
0"
b1110010000 0
b1110010000 1
1&
#18400000
b1110010001 /
0-
0&
#18405000
1"
b11000011110011111000011110000111 #
b11000011110011111000011110000111 M
0N
1&
#18410000
1-
b1110010010 2
b11001001100100101001101110010011 '
b111001001100100101001101110010011 T
b100000101101100000100011000001011 P
b11110000011101101010100111100 Q
b11100111101000010111000011001111 O
b1 R
b1 )
b1 5
b11110000011101101010100111100 +
b11110000011101101010100111100 7
b11100111101000010111000011001111 *
b11100111101000010111000011001111 6
0&
#18415000
b1 A
19
0:
1I
b11100 C
b101101100000100011000001011 D
1F
b11001001100100101001101110010011 <
1>
0K
b11001001100100101001101110010011 L
b11111001101011111010010111110011 ;
b11111111101011111111010111111111 8
b110000000000101000000001100 4
1N
b1 J
b11110000011101101010100111100 H
b100000101101100000100011000001011 E
b111001001100100101001101110010011 =
b11110000000000000000000000000000 B
b1110 ?
b11111111111111111111111111111110 @
b11100111101000010111000011001111 G
0"
b1110010001 0
b1110010001 1
1&
#18420000
b1110010010 /
0-
0&
#18425000
1%
1"
b11001001100100101001101110010011 #
b11001001100100101001101110010011 M
0N
1&
#18430000
1-
b1110010011 2
b11100011001110010100100111000110 '
b11100011001110010100100111000110 T
b101101001101100111001111011010010 P
b11000011001111010010101010000110 Q
b10100110011101100111010001001100 O
b11000011001111010010101010000110 +
b11000011001111010010101010000110 7
b10100110011101100111010001001100 *
b10100110011101100111010001001100 6
0&
#18435000
13
0>
b110 C
b1101001101100111001111011010010 D
b11100011001110010100100111000110 <
0I
b11100011001110010100100111000110 L
b1100101010010110101111011001010 ;
b11100111011111110111111011001110 8
b10000010001101000010000000000100 4
1N
b11000011001111010010101010000110 H
b101101001101100111001111011010010 E
b11100011001110010100100111000110 =
b10011101100111010001001100000000 B
b10100110011101100111010001 ?
b11111110100110011101100111010001 @
b10100110011101100111010001001100 G
0"
b1110010010 0
b1110010010 1
1&
#18440000
b1110010011 /
0-
0&
#18445000
0%
1"
b11100011001110010100100111000110 #
b11100011001110010100100111000110 M
0N
1&
#18450000
1-
b1110010100 2
b10111011111110001111111101110111 '
b101100001100001111100010011000011 T
b11010110011010011010001110101011 P
b111010011100001110111101110100 Q
b10011011111110001011010000110111 O
b100 R
b100 )
b100 5
b111010011100001110111101110100 +
b111010011100001110111101110100 7
b10011011111110001011010000110111 *
b10011011111110001011010000110111 6
0&
#18455000
1:
b1 A
19
03
1>
0F
b10100 C
b11010110011010011010001110101011 D
b1100001100001111100010011000011 <
b10111011111110001111111101110111 L
b10100001100010000101101101000011 ;
b10111011111110001111111101110111 8
b11010011100001010010000110100 4
1N
b100 J
b111010011100001110111101110100 H
b11010110011010011010001110101011 E
b101100001100001111100010011000011 =
b1000011011100000000000000000000 B
b100110111111 ?
b11111111111111111111100110111111 @
b10011011111110001011010000110111 G
0"
b1110010011 0
b1110010011 1
1&
#18460000
b1110010100 /
0-
0&
#18465000
1"
b10111011111110001111111101110111 #
b10111011111110001111111101110111 M
0N
1&
#18470000
1-
b1110010101 2
b1100100011000010010000111001000 '
b100010001100011001011011000100011 T
b11011010010011110001000110110011 P
b1100100011000010010110111001000 Q
b1110101111011011110001111101011 O
b11 R
b11 )
b11 5
b1100100011000010010110111001000 +
b1100100011000010010110111001000 7
b1110101111011011110001111101011 *
b1110101111011011110001111101011 6
0&
#18475000
13
b0 A
09
0:
b1000 C
b11011010010011110001000110110011 D
b10001100011001011011000100011 <
b1100100011000010010000111001000 L
b10001100011001100111000100011 ;
b1110101111011011110111111101011 8
b1100100011000010010000111001000 4
1N
b11 J
b1100100011000010010110111001000 H
b11011010010011110001000110110011 E
b100010001100011001011011000100011 =
b11101101111000111110101100000000 B
b11101011110110111100011 ?
b11101011110110111100011 @
b1110101111011011110001111101011 G
0"
b1110010100 0
b1110010100 1
1&
#18480000
b1110010101 /
0-
0&
#18485000
1"
b1100100011000010010000111001000 #
b1100100011000010010000111001000 M
0N
1&
#18490000
1-
b1110010110 2
b111101111100100000101111111011 '
b10011011001001001010111100110110 T
b101011100101000111000000010111000 P
b11100000101111110110100011000001 Q
b1111011111001000001011111110111 O
b1000 R
b1000 )
b1000 5
b11100000101111110110100011000001 +
b11100000101111110110100011000001 7
b1111011111001000001011111110111 *
b1111011111001000001011111110111 6
0&
#18495000
1:
b0 A
09
03
0>
1F
b1 C
b1011100101000111000000010111000 D
b10011011001001001010111100110110 <
b111101111100100000101111111011 L
b10011011010110110111111100110110 ;
b11111011111111110111111111110111 8
b1100000101001000000000011000001 4
1N
b1000 J
b11100000101111110110100011000001 H
b101011100101000111000000010111000 E
b10011011001001001010111100110110 =
b11110111110010000010111111101110 B
b111101111100100000101111111011 ?
b111101111100100000101111111011 @
b1111011111001000001011111110111 G
0"
b1110010101 0
b1110010101 1
1&
#18500000
b1110010110 /
0-
0&
#18505000
1"
b111101111100100000101111111011 #
b111101111100100000101111111011 M
0N
1&
#18510000
1-
b1110010111 2
b11000000000100000010000110000 '
b11101110001111011100000111011 T
b100010010110011011100001000100101 P
b11111010100000110000010011110101 Q
b11000010010101011110100110000 O
b11 R
b11 )
b11 5
b11111010100000110000010011110101 +
b11111010100000110000010011110101 7
b11000010010101011110100110000 *
b11000010010101011110100110000 6
0&
#18515000
0:
b0 A
09
b10101 C
b10010110011011100001000100101 D
b11101110001111011100000111011 <
b11000000000100000010000110000 L
b11100010110010011011100111000101 ;
b11111010110010111011110111110101 8
b11000000000100000010000110000 4
1N
b11 J
b11111010100000110000010011110101 H
b100010010110011011100001000100101 E
b11101110001111011100000111011 =
b10100110000000000000000000000000 B
b11000010 ?
b11000010 @
b11000010010101011110100110000 G
0"
b1110010110 0
b1110010110 1
1&
#18520000
b1110010111 /
0-
0&
#18525000
1"
b11000000000100000010000110000 #
b11000000000100000010000110000 M
0N
1&
#18530000
1-
b1110011000 2
b1111110101111111111110111111101 '
b100000110011100101100100000001101 T
b10000010111010100000001100000101 P
b111110001110111001110101111100 Q
b1000100101011100110010110001001 O
b100 R
b100 )
b100 5
b111110001110111001110101111100 +
b111110001110111001110101111100 7
b1000100101011100110010110001001 *
b1000100101011100110010110001001 6
0&
#18535000
13
1>
0F
b11100 C
b10000010111010100000001100000101 D
b110011100101100100000001101 <
b1111110101111111111110111111101 L
b1111010100101011111100011110101 ;
b1111110101111111111110111111101 8
b100001010100000010100001000 4
1N
b100 J
b111110001110111001110101111100 H
b10000010111010100000001100000101 E
b100000110011100101100100000001101 =
b10010000000000000000000000000000 B
b100 ?
b100 @
b1000100101011100110010110001001 G
0"
b1110010111 0
b1110010111 1
1&
#18540000
b1110011000 /
0-
0&
#18545000
1"
b1111110101111111111110111111101 #
b1111110101111111111110111111101 M
0N
1&
#18550000
1-
b1110011001 2
b11110011000011010100001111100110 '
b11110011000011010100001111100110 T
b11111110000100100001111111111100 P
b10000101100000100110111000001011 Q
b1111000100011111011000111110001 O
b1 R
b1 )
b1 5
b10000101100000100110111000001011 +
b10000101100000100110111000001011 7
b1111000100011111011000111110001 *
b1111000100011111011000111110001 6
0&
#18555000
1K
1:
03
b0 A
09
0>
b1011 C
b11111110000100100001111111111100 D
b11110011000011010100001111100110 <
0I
b11110011000011010100001111100110 L
b11111101000011011101111111111010 ;
b11111101100011111111111111111011 8
b100000100010000000000001 4
1N
b1 J
b10000101100000100110111000001011 H
b11111110000100100001111111111100 E
b11110011000011010100001111100110 =
b1111101100011111000100000000000 B
b11110001000111110110 ?
b11110001000111110110 @
b1111000100011111011000111110001 G
0"
b1110011000 0
b1110011000 1
1&
#18560000
b1110011001 /
0-
0&
#18565000
1$
1"
b11110011000011010100001111100110 #
b11110011000011010100001111100110 M
0N
1&
#18570000
1-
b1110011010 2
b11011011111101010000000110 '
b111100110101010100111110111001110 T
b100000011011011111101010000000110 P
b1110011000101010101100011100 Q
b11110101000011010010100011101010 O
b0 R
b0 )
b0 5
b1110011000101010101100011100 +
b1110011000101010101100011100 7
b11110101000011010010100011101010 *
b11110101000011010010100011101010 6
0&
#18575000
b1 A
19
0:
1I
b11100 C
b11011011111101010000000110 D
1F
b11100110101010100111110111001110 <
1>
0K
b11011011111101010000000110 L
b11111011011011111000001111110110 ;
b11111111011011111010101111111110 8
b100000000000010100000001000 4
1N
b0 J
b1110011000101010101100011100 H
b100000011011011111101010000000110 E
b111100110101010100111110111001110 =
b10100000000000000000000000000000 B
b1111 ?
b11111111111111111111111111111111 @
b11110101000011010010100011101010 G
0"
b1110011001 0
b1110011001 1
1&
#18580000
b1110011010 /
0-
0&
#18585000
0$
1%
1"
b11011011111101010000000110 #
b11011011111101010000000110 M
0N
1&
#18590000
1-
b1110011011 2
b1100111000010001100110011001110 '
b11011001000001110100001110110010 T
b10000111101010010000111100001110 P
b1010111010100001110010110101110 Q
b110000010110000010100101100000 O
b101 R
b101 )
b101 5
b1010111010100001110010110101110 +
b1010111010100001110010110101110 7
b110000010110000010100101100000 *
b110000010110000010100101100000 6
0&
#18595000
13
b1 A
19
0>
b1110 C
b10000111101010010000111100001110 D
0F
b11011001000001110100001110110010 <
0I
b1100111000010001100110011001110 L
b1100111000010001100110011001110 ;
b1110111010110001110110111101110 8
b10000010100000010000100100000 4
1N
b101 J
b1010111010100001110010110101110 H
b10000111101010010000111100001110 E
b11011001000001110100001110110010 =
b1010010110000000000000000000 B
b1100000101100000 ?
b1100000101100000 @
b110000010110000010100101100000 G
0"
b1110011010 0
b1110011010 1
1&
#18600000
b1110011011 /
0-
0&
#18605000
0%
1"
b1100111000010001100110011001110 #
b1100111000010001100110011001110 M
0N
1&
#18610000
1-
b1110011100 2
b11101010101011001011000011010101 '
b110001010101000110100010100010101 T
b101001010101101100001110010010101 P
b1100000000010010110101111000000 Q
b11101010101011001011000011010101 O
b111 R
b111 )
b111 5
b1100000000010010110101111000000 +
b1100000000010010110101111000000 7
b11101010101011001011000011010101 *
b11101010101011001011000011010101 6
0&
#18615000
03
b0 C
b1001010101101100001110010010101 D
1F
b10001010101000110100010100010101 <
1>
b11101010101011001011000011010101 L
b10001010101001011101101100010101 ;
b11101010101011011111101111010101 8
b1100000000010000010000011000000 4
1N
b111 J
b1100000000010010110101111000000 H
b101001010101101100001110010010101 E
b110001010101000110100010100010101 =
b11101010101011001011000011010101 B
b11101010101011001011000011010101 ?
b11101010101011001011000011010101 @
b11101010101011001011000011010101 G
0"
b1110011011 0
b1110011011 1
1&
#18620000
b1110011100 /
0-
0&
#18625000
1"
b11101010101011001011000011010101 #
b11101010101011001011000011010101 M
0N
1&
#18630000
1-
b1110011101 2
b11001111011011011111011010011110 '
b100111101110101101010101001111100 T
b101011000101100011111011010110000 P
b10001101011011011010011000011010 Q
b11001011010001000101000010010110 O
b100 R
b100 )
b100 5
b10001101011011011010011000011010 +
b10001101011011011010011000011010 7
b11001011010001000101000010010110 *
b11001011010001000101000010010110 6
0&
#18635000
13
b0 A
09
b11010 C
b1011000101100011111011010110000 D
b111101110101101010101001111100 <
b11001111011011011111011010011110 L
b1000110001010011111011010001100 ;
b11001111011011011111011010011110 8
b10001001010001000000000000010010 4
1N
b100 J
b10001101011011011010011000011010 H
b101011000101100011111011010110000 E
b100111101110101101010101001111100 =
b1011000000000000000000000000000 B
b110010 ?
b11111111111111111111111111110010 @
b11001011010001000101000010010110 G
0"
b1110011100 0
b1110011100 1
1&
#18640000
b1110011101 /
0-
0&
#18645000
1"
b11001111011011011111011010011110 #
b11001111011011011111011010011110 M
0N
1&
#18650000
1-
b1110011110 2
b10101000101101001000001101010000 '
b101000100010000111000110010001000 T
b10101000101101001000001101010000 P
b110010001110000111101101100100 Q
b1110110011111000000011111101100 O
b0 R
b0 )
b0 5
b110010001110000111101101100100 +
b110010001110000111101101100100 7
b1110110011111000000011111101100 *
b1110110011111000000011111101100 6
0&
#18655000
b0 A
09
13
0F
b100 C
b10101000101101001000001101010000 D
b1000100010000111000110010001000 <
1>
1K
0I
b10101000101101001000001101010000 L
b1000100010001000111110010001000 ;
b1110110011111000111111111101100 8
b110010001110000000001101100100 4
1N
b0 J
b110010001110000111101101100100 H
b10101000101101001000001101010000 E
b101000100010000111000110010001000 =
b1100111110000000111111011000000 B
b111011001111100000001111110 ?
b111011001111100000001111110 @
b1110110011111000000011111101100 G
0"
b1110011101 0
b1110011101 1
1&
#18660000
b1110011110 /
0-
0&
#18665000
1$
1"
b10101000101101001000001101010000 #
b10101000101101001000001101010000 M
0N
1&
#18670000
1-
b1110011111 2
b10001000001000010000010000010000 '
b11110111000000110110100111101110 T
b100100111010001101100001001001110 P
b10011000001000011010110000110000 Q
b10001111001001010001011000011110 O
b11 R
b11 )
b11 5
b10011000001000011010110000110000 +
b10011000001000011010110000110000 7
b10001111001001010001011000011110 *
b10001111001001010001011000011110 6
0&
#18675000
b1 A
19
13
0>
1F
b10000 C
b100111010001101100001001001110 D
b11110111000000110110100111101110 <
0K
b10001000001000010000010000010000 L
b10111000001001011101000101110 ;
b10011111001001011011111000111110 8
b10001000001000010000010000010000 4
1N
b11 J
b10011000001000011010110000110000 H
b100100111010001101100001001001110 E
b11110111000000110110100111101110 =
b10110000111100000000000000000 B
b1000111100100101 ?
b11111111111111111000111100100101 @
b10001111001001010001011000011110 G
0"
b1110011110 0
b1110011110 1
1&
#18680000
b1110011111 /
0-
0&
#18685000
0$
1"
b10001000001000010000010000010000 #
b10001000001000010000010000010000 M
0N
1&
#18690000
1-
b1110100000 2
b11111000100000010010110111110000 '
b1101110111100001100000011011110 T
b11111000100000010010110111110000 P
b11000100110010000011011010001001 Q
b110011101110001111011101100111 O
b0 R
b0 )
b0 5
b11000100110010000011011010001001 +
b11000100110010000011011010001001 7
b110011101110001111011101100111 *
b110011101110001111011101100111 6
0&
#18695000
b0 A
09
03
0:
b1001 C
b11111000100000010010110111110000 D
0F
b1101110111100001100000011011110 <
0K
0I
b11111000100000010010110111110000 L
b11110111011100001100000111101110 ;
b11110111111110001111011111101111 8
b100010000011011000000001 4
1N
b0 J
b11000100110010000011011010001001 H
b11111000100000010010110111110000 E
b1101110111100001100000011011110 =
b1110001111011101100111000000000 B
b110011101110001111011 ?
b110011101110001111011 @
b110011101110001111011101100111 G
0"
b1110011111 0
b1110011111 1
1&
#18700000
b1110100000 /
0-
0&
#18705000
1"
b11111000100000010010110111110000 #
b11111000100000010010110111110000 M
0N
1&
#18710000
1-
b1110100001 2
b11111111111111111111111111010011 '
b111101001011011000110111111010011 T
b100000000011000111101100111111111 P
b1011011110111011010100010110 Q
b11110100111010000010010011101001 O
b1000 R
b1000 )
b1000 5
b1011011110111011010100010110 +
b1011011110111011010100010110 7
b11110100111010000010010011101001 *
b11110100111010000010010011101001 6
0&
#18715000
b1 A
19
0:
b10110 C
b11000111101100111111111 D
1F
b11101001011011000110111111010011 <
1>
b11111111111111111111111111010011 L
b11111111100100111001000111111111 ;
b11111111111110111011010111111111 8
b11010000010010000000000 4
1N
b1000 J
b1011011110111011010100010110 H
b100000000011000111101100111111111 E
b111101001011011000110111111010011 =
b111010010000000000000000000000 B
b1111010011 ?
b11111111111111111111111111010011 @
b11110100111010000010010011101001 G
0"
b1110100000 0
b1110100000 1
1&
#18720000
b1110100001 /
0-
0&
#18725000
1"
b11111111111111111111111111010011 #
b11111111111111111111111111010011 M
0N
1&
#18730000
1-
b1110100010 2
b1100110011110001100101011001100 '
b11110100111111110101001111101010 T
b1100110011110001100101011001100 P
b111000101111001011101101110001 Q
b101101101111000000111101011011 O
b0 R
b0 )
b0 5
b111000101111001011101101110001 +
b111000101111001011101101110001 7
b101101101111000000111101011011 *
b101101101111000000111101011011 6
0&
#18735000
b1 A
19
0>
b10001 C
b1100110011110001100101011001100 D
0F
b11110100111111110101001111101010 <
0I
b1100110011110001100101011001100 L
b10101000000001011010000101010 ;
b111101101111001011111101111011 8
b101000101111000000101101010001 4
1N
b0 J
b111000101111001011101101110001 H
b1100110011110001100101011001100 E
b11110100111111110101001111101010 =
b11110101101100000000000000000 B
b1011011011110 ?
b1011011011110 @
b101101101111000000111101011011 G
0"
b1110100001 0
b1110100001 1
1&
#18740000
b1110100010 /
0-
0&
#18745000
1"
b1100110011110001100101011001100 #
b1100110011110001100101011001100 M
0N
1&
#18750000
1-
b1110100011 2
b111110100001111100000000000000 '
b100001000001101111010111000010000 T
b101110100010100000010001011101000 P
b10110110000011000011101001101100 Q
b10111110010000111110100001111100 O
b110 R
b110 )
b110 5
b10110110000011000011101001101100 +
b10110110000011000011101001101100 7
b10111110010000111110100001111100 *
b10111110010000111110100001111100 6
0&
#18755000
b0 A
09
13
1F
b1100 C
b1110100010100000010001011101000 D
b1000001101111010111000010000 <
1>
b111110100001111100000000000000 L
b1000010011111101001000010000 ;
b10111110010011111111101001111100 8
b10110110000000000010100001101100 4
1N
b110 J
b10110110000011000011101001101100 H
b101110100010100000010001011101000 E
b100001000001101111010111000010000 =
b111110100001111100000000000000 B
b10111110010000111110 ?
b11111111111110111110010000111110 @
b10111110010000111110100001111100 G
0"
b1110100010 0
b1110100010 1
1&
#18760000
b1110100011 /
0-
0&
#18765000
1"
b111110100001111100000000000000 #
b111110100001111100000000000000 M
0N
1&
#18770000
1-
b1110100100 2
b1111100111001010111101011111001 '
b11000100001000101011010110001001 T
b101111100111001100111101011111001 P
b11011100011000011110001010111000 Q
b10100000100001001001100001000001 O
b101 R
b101 )
b101 5
b11011100011000011110001010111000 +
b11011100011000011110001010111000 7
b10100000100001001001100001000001 *
b10100000100001001001100001000001 6
0&
#18775000
b1 A
19
b11000 C
b1111100111001100111101011111001 D
b11000100001000101011010110001001 <
0>
b1111100111001010111101011111001 L
b1111100111001010111101011111001 ;
b11111100111001011111101011111001 8
b10000000000000001000000000000000 4
1N
b101 J
b11011100011000011110001010111000 H
b101111100111001100111101011111001 E
b11000100001000101011010110001001 =
b1000001000000000000000000000000 B
b10100000 ?
b11111111111111111111111110100000 @
b10100000100001001001100001000001 G
0"
b1110100011 0
b1110100011 1
1&
#18780000
b1110100100 /
0-
0&
#18785000
1"
b1111100111001010111101011111001 #
b1111100111001010111101011111001 M
0N
1&
#18790000
1-
b1110100101 2
b11111101011000111111111111111010 '
b10011010110000100001001100110110 T
b100001101100001010000100000011010 P
b10111001011000010111101001110010 Q
b1010100001000111000110110101000 O
b100 R
b100 )
b100 5
b10111001011000010111101001110010 +
b10111001011000010111101001110010 7
b1010100001000111000110110101000 *
b1010100001000111000110110101000 6
0&
#18795000
b0 A
09
03
1:
b10010 C
b1101100001010000100000011010 D
b10011010110000100001001100110110 <
b11111101011000111111111111111010 L
b11101101010000101111011111011010 ;
b11111101011000111111111111111010 8
b10000001000010000100000100000 4
1N
b100 J
b10111001011000010111101001110010 H
b100001101100001010000100000011010 E
b10011010110000100001001100110110 =
b110110101000000000000000000000 B
b1010100001000 ?
b1010100001000 @
b1010100001000111000110110101000 G
0"
b1110100100 0
b1110100100 1
1&
#18800000
b1110100101 /
0-
0&
#18805000
1"
b11111101011000111111111111111010 #
b11111101011000111111111111111010 M
0N
1&
#18810000
1-
b1110100110 2
b11111111001001111110101111111110 '
b110100000110111010101010101000010 T
b100011111001010111110110000111110 P
b111111001001110100101101111110 Q
b11100000000001001010000011000000 O
b111111001001110100101101111110 +
b111111001001110100101101111110 7
b11100000000001001010000011000000 *
b11100000000001001010000011000000 6
0&
#18815000
b1 A
19
0:
b11110 C
b11111001010111110110000111110 D
b10100000110111010101010101000010 <
1>
b11111111001001111110101111111110 L
b11011111001000111110101110111110 ;
b11111111001001111110101111111110 8
b100000000001000000000001000000 4
1N
b111111001001110100101101111110 H
b100011111001010111110110000111110 E
b110100000110111010101010101000010 =
b0 B
b11 ?
b11111111111111111111111111111111 @
b11100000000001001010000011000000 G
0"
b1110100101 0
b1110100101 1
1&
#18820000
b1110100110 /
0-
0&
#18825000
1"
b11111111001001111110101111111110 #
b11111111001001111110101111111110 M
0N
1&
#18830000
1-
b1110100111 2
b11111001110100111111110111110011 '
b110111001100011111000101101110011 T
b11111010000101100110110111110011 P
b100000010000110111000101000000 Q
b11011001110100101111110010110011 O
b100000010000110111000101000000 +
b100000010000110111000101000000 7
b11011001110100101111110010110011 *
b11011001110100101111110010110011 6
0&
#18835000
0F
b11011001110100101111110010110011 ?
b11011001110100101111110010110011 @
b0 C
b11111010000101100110110111110011 D
b10111001100011111000101101110011 <
b11111001110100111111110111110011 L
b11111001100100011000110111110011 ;
b11111001110100111111110111110011 8
b10000100111000000000000 4
1N
b100000010000110111000101000000 H
b11111010000101100110110111110011 E
b110111001100011111000101101110011 =
b11011001110100101111110010110011 B
b11011001110100101111110010110011 G
0"
b1110100110 0
b1110100110 1
1&
#18840000
b1110100111 /
0-
0&
#18845000
1"
b11111001110100111111110111110011 #
b11111001110100111111110111110011 M
0N
1&
#18850000
1-
b1110101000 2
b11001000111100001010011110010010 '
b11001000111100001010011110010010 T
b110011011011010010100000100110110 P
b11101001001111000100110011010010 Q
b10110010001011001111010001100100 O
b1 R
b1 )
b1 5
b11101001001111000100110011010010 +
b11101001001111000100110011010010 7
b10110010001011001111010001100100 *
b10110010001011001111010001100100 6
0&
#18855000
0>
1F
b10010 C
b10011011011010010100000100110110 D
b11001000111100001010011110010010 <
0I
b11001000111100001010011110010010 L
b1011011000100001011100010110110 ;
b11111011001111001111110011110110 8
b10100000001011000100010001000000 4
1N
b1 J
b11101001001111000100110011010010 H
b110011011011010010100000100110110 E
b11001000111100001010011110010010 =
b11010001100100000000000000000000 B
b10110010001011 ?
b11111111111111111110110010001011 @
b10110010001011001111010001100100 G
0"
b1110100111 0
b1110100111 1
1&
#18860000
b1110101000 /
0-
0&
#18865000
1"
b11001000111100001010011110010010 #
b11001000111100001010011110010010 M
0N
1&
#18870000
1-
b1110101001 2
b11110010001110110000110111100100 '
b11110010001110110000110111100100 T
b1001111100110101100000010011110 P
b101110101011111101100101011101 Q
b100000111010101110011101000001 O
b101110101011111101100101011101 +
b101110101011111101100101011101 7
b100000111010101110011101000001 *
b100000111010101110011101000001 6
0&
#18875000
b1 A
19
03
0F
b11101 C
b1001111100110101100000010011110 D
b11110010001110110000110111100100 <
b11110010001110110000110111100100 L
b1110010001010011111000011100 ;
b101110111011111111111101011101 8
b100000101010101100000101000001 4
1N
b101110101011111101100101011101 H
b1001111100110101100000010011110 E
b11110010001110110000110111100100 =
b100000000000000000000000000000 B
b1 ?
b1 @
b100000111010101110011101000001 G
0"
b1110101000 0
b1110101000 1
1&
#18880000
b1110101001 /
0-
0&
#18885000
1"
b11110010001110110000110111100100 #
b11110010001110110000110111100100 M
0N
1&
#18890000
1-
b1110101010 2
b11110111001000111110100111100000 '
b11010100110011010001010110101010 T
b1111010101001010010100011110100 P
b1010010111011000000100110100101 Q
b100111101110010001111101001111 O
b110 R
b110 )
b110 5
b1010010111011000000100110100101 +
b1010010111011000000100110100101 7
b100111101110010001111101001111 *
b100111101110010001111101001111 6
0&
#18895000
b1001111011100100011111010 ?
b1001111011100100011111010 @
b101 C
b1111010101001010010100011110100 D
b11010100110011010001010110101010 <
b11110111001000111110100111100000 L
b1110101010101010001011011101010 ;
b1110111111111010001111111101111 8
b10101010000000100100000101 4
1N
b110 J
b1010010111011000000100110100101 H
b1111010101001010010100011110100 E
b11010100110011010001010110101010 =
b11110111001000111110100111100000 B
b100111101110010001111101001111 G
0"
b1110101001 0
b1110101001 1
1&
#18900000
b1110101010 /
0-
0&
#18905000
1"
b11110111001000111110100111100000 #
b11110111001000111110100111100000 M
0N
1&
#18910000
1-
b1110101011 2
b1110011010101001101000011100 '
b100000010011001101000011000000100 T
b11010001100100101110010110100010 P
b1100111100101100010111111001111 Q
b1101001111111001011010111010011 O
b101 R
b101 )
b101 5
b1100111100101100010111111001111 +
b1100111100101100010111111001111 7
b1101001111111001011010111010011 *
b1101001111111001011010111010011 6
0&
#18915000
13
b0 A
09
b1111 C
b11010001100100101110010110100010 D
b10011001101000011000000100 <
1>
b1110011010101001101000011100 L
b1110011010101001101000011100 ;
b1101111111111101011111111011111 8
b1100001100101000010010111000011 4
1N
b101 J
b1100111100101100010111111001111 H
b11010001100100101110010110100010 E
b100000010011001101000011000000100 =
b1011010111010011000000000000000 B
b1101001111111001 ?
b1101001111111001 @
b1101001111111001011010111010011 G
0"
b1110101010 0
b1110101010 1
1&
#18920000
b1110101011 /
0-
0&
#18925000
1"
b1110011010101001101000011100 #
b1110011010101001101000011100 M
0N
1&
#18930000
1-
b1110101100 2
b1 '
b101001000000000100001010010010000 T
b100110111011101001100010001101110 P
b1110111101110010101011111101111 Q
b10111111101110110110110001111111 O
b10 R
b10 )
b10 5
b1110111101110010101011111101111 +
b1110111101110010101011111101111 7
b10111111101110110110110001111111 *
b10111111101110110110110001111111 6
0&
#18935000
b1 A
19
03
1:
b110111011101001100010001101110 D
1F
b1001000000000100001010010010000 <
b1 L
b11001000000000100011101110010000 ;
b11111111101110110111111111111111 8
b110111101110010100010001101111 4
1N
b10 J
b1110111101110010101011111101111 H
b100110111011101001100010001101110 E
b101001000000000100001010010010000 =
b10110110001111111000000000000000 B
b10111111101110110 ?
b11111111111111110111111101110110 @
b10111111101110110110110001111111 G
0"
b1110101011 0
b1110101011 1
1&
#18940000
b1110101100 /
0-
0&
#18945000
1"
b1 #
b1 M
0N
1&
#18950000
1-
b1110101101 2
b10011101111111111011110100111011 '
b110011001101010101110011100110011 T
b10100010010100100100000101000011 P
b100010100111010110100001000 Q
b10011101111111101001010000111011 O
b100 R
b100 )
b100 5
b100010100111010110100001000 +
b100010100111010110100001000 7
b10011101111111101001010000111011 *
b10011101111111101001010000111011 6
0&
#18955000
0:
b1 A
19
0F
b1000 C
b10100010010100100100000101000011 D
b10011001101010101110011100110011 <
b10011101111111111011110100111011 L
b10011001101011010011100100110011 ;
b10011101111111111011110100111011 8
b100010100101000010000001000 4
1N
b100 J
b100010100111010110100001000 H
b10100010010100100100000101000011 E
b110011001101010101110011100110011 =
b11111110100101000011101100000000 B
b100111011111111010010100 ?
b11111111100111011111111010010100 @
b10011101111111101001010000111011 G
0"
b1110101100 0
b1110101100 1
1&
#18960000
b1110101101 /
0-
0&
#18965000
1"
b10011101111111111011110100111011 #
b10011101111111111011110100111011 M
0N
1&
#18970000
1-
b1110101110 2
b1000000110100100011110010000001 '
b101000000101011100001010010000001 T
b10000011001000111011111100000101 P
b100001001110101101010101000010 Q
b1100001111010001110100111000011 O
b101 R
b101 )
b101 5
b100001001110101101010101000010 +
b100001001110101101010101000010 7
b1100001111010001110100111000011 *
b1100001111010001110100111000011 6
0&
#18975000
13
b0 A
09
b10 C
b10000011001000111011111100000101 D
b1000000101011100001010010000001 <
b1000000110100100011110010000001 L
b1000000110100100011110010000001 ;
b1100001111110101111110111000011 8
b100001001010001100000101000010 4
1N
b101 J
b100001001110101101010101000010 H
b10000011001000111011111100000101 E
b101000000101011100001010010000001 =
b10000111101000111010011100001100 B
b11000011110100011101001110000 ?
b11000011110100011101001110000 @
b1100001111010001110100111000011 G
0"
b1110101101 0
b1110101101 1
1&
#18980000
b1110101110 /
0-
0&
#18985000
1"
b1000000110100100011110010000001 #
b1000000110100100011110010000001 M
0N
1&
#18990000
1-
b1110101111 2
1(
b0 '
0S
b100010010100010000001111000100101 T
b11000110011001101100000110001011 P
b1011001111011110101000110110011 Q
b1101100011101110110111111011000 O
b10 R
b10 )
b10 5
b1011001111011110101000110110011 +
b1011001111011110101000110110011 7
b1101100011101110110111111011000 *
b1101100011101110110111111011000 6
0&
#18995000
b10011 C
b11000110011001101100000110001011 D
b10010100010000001111000100101 <
b0 L
b110101100110000011111001101011 ;
b1111101111111110111111111111011 8
b1001000011001110100000110010000 4
1N
b10 J
b1011001111011110101000110110011 H
b11000110011001101100000110001011 E
b100010010100010000001111000100101 =
b1111110110000000000000000000000 B
b110110001110 ?
b110110001110 @
b1101100011101110110111111011000 G
0"
b1110101110 0
b1110101110 1
1&
#19000000
b1110101111 /
0-
0&
#19005000
1!
1"
b0 #
b0 M
0N
1&
#19010000
1-
b1110110000 2
0(
b1000001101001000101111010000011 '
b10110101111011101000000101101100 T
b101000001010111000011111010000010 P
b11000101101101101101111010001011 Q
b1111011101001010101111111110111 O
b11 R
b11 )
b11 5
b11000101101101101101111010001011 +
b11000101101101101101111010001011 7
b1111011101001010101111111110111 *
b1111011101001010101111111110111 6
0&
#19015000
1:
b0 A
09
03
0>
1F
b1011 C
b1000001010111000011111010000010 D
b10110101111011101000000101101100 <
b1000001101001000101111010000011 L
b10111110000100111000000101111100 ;
b11111111101101111101111111111111 8
b1000001101001000101111010000011 4
1N
b11 J
b11000101101101101101111010001011 H
b101000001010111000011111010000010 E
b10110101111011101000000101101100 =
b101010111111111011100000000000 B
b11110111010010101011 ?
b11110111010010101011 @
b1111011101001010101111111110111 G
0"
b1110101111 0
b1110101111 1
1&
#19020000
b1110110000 /
0-
0&
#19025000
0!
1"
b1000001101001000101111010000011 #
b1000001101001000101111010000011 M
0N
1&
#19030000
1-
b1110110001 2
b111101001101010 '
b100010010010101010001110000100100 T
b11100010100000001100111111000100 P
b1101000000101011101100111010000 Q
b1111010011010101111010111110100 O
b1000 R
b1000 )
b1000 5
b1101000000101011101100111010000 +
b1101000000101011101100111010000 7
b1111010011010101111010111110100 *
b1111010011010101111010111110100 6
0&
#19035000
13
0:
1>
0F
b10000 C
b11100010100000001100111111000100 D
b10010010101010001110000100100 <
b111101001101010 L
b10010011111110010110000100100 ;
b1111010011111111111110111110100 8
b1101000000000001101000111010000 4
1N
b1000 J
b1101000000101011101100111010000 H
b11100010100000001100111111000100 E
b100010010010101010001110000100100 =
b11110101111101000000000000000000 B
b111101001101010 ?
b111101001101010 @
b1111010011010101111010111110100 G
0"
b1110110000 0
b1110110000 1
1&
#19040000
b1110110001 /
0-
0&
#19045000
1"
b111101001101010 #
b111101001101010 M
0N
1&
#19050000
1-
b1110110010 2
b10110101010011111100101101101011 '
b10110101010011111100101101101011 T
b11100010010011101110101111000011 P
b10010110011111111001000000101100 Q
b1001011110011110101101110010111 O
b1 R
b1 )
b1 5
b10010110011111111001000000101100 +
b10010110011111111001000000101100 7
b1001011110011110101101110010111 *
b1001011110011110101101110010111 6
0&
#19055000
03
1K
1:
b0 A
09
b1100 C
b11100010010011101110101111000011 D
b10110101010011111100101101101011 <
0>
0I
b10110101010011111100101101101011 L
b11011101101100001100101110111011 ;
b11011111111111111101101110111111 8
b10010011110001000000000100 4
1N
b1 J
b10010110011111111001000000101100 H
b11100010010011101110101111000011 E
b10110101010011111100101101101011 =
b11110101101110010111000000000000 B
b1001011110011110101 ?
b1001011110011110101 @
b1001011110011110101101110010111 G
0"
b1110110001 0
b1110110001 1
1&
#19060000
b1110110010 /
0-
0&
#19065000
1$
1"
b10110101010011111100101101101011 #
b10110101010011111100101101101011 M
0N
1&
#19070000
1-
b1110110011 2
b11111111111111111111111111110001 '
b100000000001011111101000000000001 T
b100011011110110110100100000110111 P
b10001101110101011011110000011011 Q
b10001110000001011000110000011100 O
b1000 R
b1000 )
b1000 5
b10001101110101011011110000011011 +
b10001101110101011011110000011011 7
b10001110000001011000110000011100 *
b10001110000001011000110000011100 6
0&
#19075000
13
0:
1>
b11011 C
b11011110110110100100000110111 D
1F
b1011111101000000000001 <
0K
b11111111111111111111111111110001 L
b11110100000011000000000111 ;
b10001111110101011011110000011111 8
b10001100000001011000110000011000 4
1N
b1000 J
b10001101110101011011110000011011 H
b100011011110110110100100000110111 E
b100000000001011111101000000000001 =
b11100000000000000000000000000000 B
b10001 ?
b11111111111111111111111111110001 @
b10001110000001011000110000011100 G
0"
b1110110010 0
b1110110010 1
1&
#19080000
b1110110011 /
0-
0&
#19085000
0$
1"
b11111111111111111111111111110001 #
b11111111111111111111111111110001 M
0N
1&
#19090000
1-
b1110110100 2
b1010010100 '
b100001111001111010110010000011110 T
b1000011010110101111001010000110 P
b11010000011101100011100110100 Q
b101001010011000010101101010010 O
b11010000011101100011100110100 +
b11010000011101100011100110100 7
b101001010011000010101101010010 *
b101001010011000010101101010010 6
0&
#19095000
b0 A
09
03
b10100 C
b1000011010110101111001010000110 D
0F
b1111001111010110010000011110 <
1>
b1010010100 L
b110011010000101110110001100110 ;
b111011010011101110111101110110 8
b1000000011000000001100010000 4
1N
b11010000011101100011100110100 H
b1000011010110101111001010000110 E
b100001111001111010110010000011110 =
b10110101001000000000000000000000 B
b1010010100 ?
b1010010100 @
b101001010011000010101101010010 G
0"
b1110110011 0
b1110110011 1
1&
#19100000
b1110110100 /
0-
0&
#19105000
1"
b1010010100 #
b1010010100 M
0N
1&
#19110000
1-
b1110110101 2
b1100011000110110111111111000110 '
b101000010111011010010110010000110 T
b10000011001000111010001100000110 P
b100000000110110011101101000000 Q
b1100011000010000110011111000110 O
b100 R
b100 )
b100 5
b100000000110110011101101000000 +
b100000000110110011101101000000 7
b1100011000010000110011111000110 *
b1100011000010000110011111000110 6
0&
#19115000
13
b0 C
b10000011001000111010001100000110 D
b1000010111011010010110010000110 <
b1100011000110110111111111000110 L
b1000011000100110101110010000110 ;
b1100011000110110111111111000110 8
b100000000010000010001101000000 4
1N
b100 J
b100000000110110011101101000000 H
b10000011001000111010001100000110 E
b101000010111011010010110010000110 =
b1100011000010000110011111000110 B
b1100011000010000110011111000110 ?
b1100011000010000110011111000110 @
b1100011000010000110011111000110 G
0"
b1110110100 0
b1110110100 1
1&
#19120000
b1110110101 /
0-
0&
#19125000
1"
b1100011000110110111111111000110 #
b1100011000110110111111111000110 M
0N
1&
#19130000
1-
b1110110110 2
b1111101111100111101111111111011 '
b11100010011100011011110111000101 T
b10111110001101011111100101111011 P
b1101101111000100001110111011011 Q
b1010000010100111101101110100000 O
b1101101111000100001110111011011 +
b1101101111000100001110111011011 7
b1010000010100111101101110100000 *
b1010000010100111101101110100000 6
0&
#19135000
b1 A
19
0>
b11011 C
b10111110001101011111100101111011 D
b11100010011100011011110111000101 <
b1111101111100111101111111111011 L
b111101101100011100011001111011 ;
b1111101111100111101111111111011 8
b1000000010000100001100110000000 4
1N
b1101101111000100001110111011011 H
b10111110001101011111100101111011 E
b11100010011100011011110111000101 =
b0 B
b1010 ?
b1010 @
b1010000010100111101101110100000 G
0"
b1110110101 0
b1110110101 1
1&
#19140000
b1110110110 /
0-
0&
#19145000
1"
b1111101111100111101111111111011 #
b1111101111100111101111111111011 M
0N
1&
#19150000
1-
b1110110111 2
b11111111111111111111111111110010 '
b100110110000010010001110001101100 T
b11110001111000011011101111100010 P
b1011101111011000100111110111011 Q
b10010011111101010110110000100111 O
b1000 R
b1000 )
b1000 5
b1011101111011000100111110111011 +
b1011101111011000100111110111011 7
b10010011111101010110110000100111 *
b10010011111101010110110000100111 6
0&
#19155000
1:
b1 A
19
03
b11110001111000011011101111100010 D
b110110000010010001110001101100 <
1>
b11111111111111111111111111110010 L
b11001110000110010010001110011100 ;
b11011111111111010110111110111111 8
b10001111001000100110000100011 4
1N
b1000 J
b1011101111011000100111110111011 H
b11110001111000011011101111100010 E
b100110110000010010001110001101100 =
b111000000000000000000000000000 B
b10010 ?
b11111111111111111111111111110010 @
b10010011111101010110110000100111 G
0"
b1110110110 0
b1110110110 1
1&
#19160000
b1110110111 /
0-
0&
#19165000
1"
b11111111111111111111111111110010 #
b11111111111111111111111111110010 M
0N
1&
#19170000
1-
b1110111000 2
b10001110011111111111110100011100 '
b101110110011001100100011011101100 T
b10001110100101000010000100011100 P
b1100000101101110110100011000 Q
b10000010011111010011010000000100 O
b100 R
b100 )
b100 5
b1100000101101110110100011000 +
b1100000101101110110100011000 7
b10000010011111010011010000000100 *
b10000010011111010011010000000100 6
0&
#19175000
b11000 C
b10001110100101000010000100011100 D
b1110110011001100100011011101100 <
b10001110011111111111110100011100 L
b10001110011010111101100100011100 ;
b10001110011111111111110100011100 8
b101000010010000000000 4
1N
b100 J
b1100000101101110110100011000 H
b10001110100101000010000100011100 E
b101110110011001100100011011101100 =
b100000000000000000000000000 B
b10000010 ?
b11111111111111111111111110000010 @
b10000010011111010011010000000100 G
0"
b1110110111 0
b1110110111 1
1&
#19180000
b1110111000 /
0-
0&
#19185000
1"
b10001110011111111111110100011100 #
b10001110011111111111110100011100 M
0N
1&
#19190000
1-
b1110111001 2
b11000010011000000000000010000100 '
b11000101100101101001100110001011 T
b111000010010111111111111110000011 P
b11111110011001001011001011111100 Q
b11000011111110110100110010000111 O
b11 R
b11 )
b11 5
b11111110011001001011001011111100 +
b11111110011001001011001011111100 7
b11000011111110110100110010000111 *
b11000011111110110100110010000111 6
0&
#19195000
0:
b1 A
19
0>
1F
b11100 C
b11000010010111111111111110000011 D
b11000101100101101001100110001011 <
b11000010011000000000000010000100 L
b111101100111111111111001111011 ;
b11111111111111111111111011111111 8
b11000010011000000000000010000100 4
1N
b11 J
b11111110011001001011001011111100 H
b111000010010111111111111110000011 E
b11000101100101101001100110001011 =
b1110000000000000000000000000000 B
b1100 ?
b11111111111111111111111111111100 @
b11000011111110110100110010000111 G
0"
b1110111000 0
b1110111000 1
1&
#19200000
b1110111001 /
0-
0&
#19205000
1"
b11000010011000000000000010000100 #
b11000010011000000000000010000100 M
0N
1&
#19210000
1-
b1110111010 2
b10110101110011111101011001101011 '
b11010100110000110110110110101010 T
b100110110010100000001101001101100 P
b10110000110001100101011001100001 Q
b10000101100010011100010000001011 O
b100 R
b100 )
b100 5
b10110000110001100101011001100001 +
b10110000110001100101011001100001 7
b10000101100010011100010000001011 *
b10000101100010011100010000001011 6
0&
#19215000
13
b1 C
b110110010100000001101001101100 D
b11010100110000110110110110101010 <
b10110101110011111101011001101011 L
b110101010011111001001001101010 ;
b10110101110011111101011001101011 8
b10000000100000000100010000000001 4
1N
b100 J
b10110000110001100101011001100001 H
b100110110010100000001101001101100 E
b11010100110000110110110110101010 =
b1011000100111000100000010110 B
b1000010110001001110001000000101 ?
b11000010110001001110001000000101 @
b10000101100010011100010000001011 G
0"
b1110111001 0
b1110111001 1
1&
#19220000
b1110111010 /
0-
0&
#19225000
1"
b10110101110011111101011001101011 #
b10110101110011111101011001101011 M
0N
1&
#19230000
1-
b1110111011 2
b11111111111101011010000101110000 '
b110100001001011111000100101000011 T
b101001010000100110101100010010011 P
b1010100011100011110011110101000 Q
b11110101101000010111000011101011 O
b1000 R
b1000 )
b1000 5
b1010100011100011110011110101000 +
b1010100011100011110011110101000 7
b11110101101000010111000011101011 *
b11110101101000010111000011101011 6
0&
#19235000
03
0:
b1 A
19
b1000 C
b1001010000100110101100010010011 D
b10100001001011111000100101000011 <
1>
b11111111111101011010000101110000 L
b10100001110100001001011101000011 ;
b11110101111100011111011111101011 8
b1010100001000010110000010101000 4
1N
b1000 J
b1010100011100011110011110101000 H
b101001010000100110101100010010011 E
b110100001001011111000100101000011 =
b10100001011100001110101100000000 B
b111101011010000101110000 ?
b11111111111101011010000101110000 @
b11110101101000010111000011101011 G
0"
b1110111010 0
b1110111010 1
1&
#19240000
b1110111011 /
0-
0&
#19245000
1"
b11111111111101011010000101110000 #
b11111111111101011010000101110000 M
0N
1&
#19250000
1-
b1110111100 2
b11110111110100001110010111101111 '
b10010001110100001010010100100011 T
b100001000000100110000101000001111 P
b10111011001000010011001001110110 Q
b1001100111100011101011110011001 O
b101 R
b101 )
b101 5
b10111011001000010011001001110110 +
b10111011001000010011001001110110 7
b1001100111100011101011110011001 *
b1001100111100011101011110011001 6
0&
#19255000
b0 A
09
1:
b10110 C
b1000000100110000101000001111 D
b10010001110100001010010100100011 <
0>
b11110111110100001110010111101111 L
b11110111110100001110010111101111 ;
b11111111111100011111011111111111 8
b1000001000010001001000010000 4
1N
b101 J
b10111011001000010011001001110110 H
b100001000000100110000101000001111 E
b10010001110100001010010100100011 =
b11100110010000000000000000000000 B
b100110011 ?
b100110011 @
b1001100111100011101011110011001 G
0"
b1110111011 0
b1110111011 1
1&
#19260000
b1110111100 /
0-
0&
#19265000
1"
b11110111110100001110010111101111 #
b11110111110100001110010111101111 M
0N
1&
#19270000
1-
b1110111101 2
b110100000001100111010000000000 '
b11110101111001001110000111101100 T
b101111110100000110010101011111100 P
b11000100010011110010010010001000 Q
b10111010001101000000011001110100 O
b110 R
b110 )
b110 5
b11000100010011110010010010001000 +
b11000100010011110010010010001000 7
b10111010001101000000011001110100 *
b10111010001101000000011001110100 6
0&
#19275000
13
b1 A
19
0:
b1000 C
b1111110100000110010101011111100 D
b11110101111001001110000111101100 <
b110100000001100111010000000000 L
b1111110011110110010001011111100 ;
b11111110011111110010011011111100 8
b10000000000001000000010000000000 4
1N
b110 J
b11000100010011110010010010001000 H
b101111110100000110010101011111100 E
b11110101111001001110000111101100 =
b110100000001100111010000000000 B
b101110100011010000000110 ?
b11111111101110100011010000000110 @
b10111010001101000000011001110100 G
0"
b1110111100 0
b1110111100 1
1&
#19280000
b1110111101 /
0-
0&
#19285000
1"
b110100000001100111010000000000 #
b110100000001100111010000000000 M
0N
1&
#19290000
1-
b1110111110 2
b1011010001100000111 '
b100110011111001000101101001101000 T
b10000000011111001001100100000000 P
b100110010011000001111101001100 Q
b1011010001100000111100110110100 O
b1000 R
b1000 )
b1000 5
b100110010011000001111101001100 +
b100110010011000001111101001100 7
b1011010001100000111100110110100 *
b1011010001100000111100110110100 6
0&
#19295000
b0 A
09
13
1>
0F
b1100 C
b10000000011111001001100100000000 D
b110011111001000101101001101000 <
b1011010001100000111 L
b1111100011111000110011011111000 ;
b1111110011111000111111111111100 8
b10000000000001100100000100 4
1N
b1000 J
b100110010011000001111101001100 H
b10000000011111001001100100000000 E
b100110011111001000101101001101000 =
b111100110110100000000000000 B
b1011010001100000111 ?
b1011010001100000111 @
b1011010001100000111100110110100 G
0"
b1110111101 0
b1110111101 1
1&
#19300000
b1110111110 /
0-
0&
#19305000
1"
b1011010001100000111 #
b1011010001100000111 M
0N
1&
#19310000
1-
b1110111111 2
b10100111111011111111111101001111 '
b110011111001011101001000100111110 T
b10101100101100010101111101011000 P
b110110000010110011100001101 Q
b10100101111011111111100001001011 O
b100 R
b100 )
b100 5
b110110000010110011100001101 +
b110110000010110011100001101 7
b10100101111011111111100001001011 *
b10100101111011111111100001001011 6
0&
#19315000
b1 A
19
03
0:
b1101 C
b10101100101100010101111101011000 D
b10011111001011101001000100111110 <
b10100111111011111111111101001111 L
b10100011001011101001111101000110 ;
b10100111111011111111111101001111 8
b100110000010110000000001001 4
1N
b100 J
b110110000010110011100001101 H
b10101100101100010101111101011000 E
b110011111001011101001000100111110 =
b11111111000010010110000000000000 B
b1010010111101111111 ?
b11111111111111010010111101111111 @
b10100101111011111111100001001011 G
0"
b1110111110 0
b1110111110 1
1&
#19320000
b1110111111 /
0-
0&
#19325000
1"
b10100111111011111111111101001111 #
b10100111111011111111111101001111 M
0N
1&
#19330000
1-
b1111000000 2
b1 '
1S
b10101001110100111111110101010100 T
b110010101110010101110101100101010 P
b11110101111110110111011011101011 Q
b10011111110011110111010000111111 O
b10 R
b10 )
b10 5
b11110101111110110111011011101011 +
b11110101111110110111011011101011 7
b10011111110011110111010000111111 *
b10011111110011110111010000111111 6
0&
#19335000
0>
1F
b1011 C
b10010101110010101110101100101010 D
b10101001110100111111110101010100 <
b1 L
b1101010001101000000001011010100 ;
b11111111111111110111011011111111 8
b10010101110010110111010000101011 4
1N
b10 J
b11110101111110110111011011101011 H
b110010101110010101110101100101010 E
b10101001110100111111110101010100 =
b1111011101000011111100000000000 B
b100111111100111101110 ?
b11111111111100111111100111101110 @
b10011111110011110111010000111111 G
0"
b1110111111 0
b1110111111 1
1&
#19340000
b1111000000 /
0-
0&
#19345000
1"
b1 #
b1 M
0N
1&
#19350000
1-
b1111000001 2
b110100111011101111 '
b10111110110110111000011101111101 T
b10101011000000100101111101010101 P
b1110110000100110110101111101100 Q
b110100111011101111001101101001 O
b1000 R
b1000 )
b1000 5
b1110110000100110110101111101100 +
b1110110000100110110101111101100 7
b110100111011101111001101101001 *
b110100111011101111001101101001 6
0&
#19355000
b1 A
19
13
0F
b1100 C
b10101011000000100101111101010101 D
b10111110110110111000011101111101 <
b110100111011101111 L
b1000010111111011001100010000101 ;
b1110110111111111111101111101101 8
b110100000000100110001101101000 4
1N
b1000 J
b1110110000100110110101111101100 H
b10101011000000100101111101010101 E
b10111110110110111000011101111101 =
b11101111001101101001000000000000 B
b110100111011101111 ?
b110100111011101111 @
b110100111011101111001101101001 G
0"
b1111000000 0
b1111000000 1
1&
#19360000
b1111000001 /
0-
0&
#19365000
1"
b110100111011101111 #
b110100111011101111 M
0N
1&
#19370000
1-
b1111000010 2
b1100110011010110001110011000000 '
b101000000011001000000001010000001 T
b110100110000000101010111101001011 P
b10110010110011110101011001100101 Q
b11110011001100110101100011100110 O
b110 R
b110 )
b110 5
b10110010110011110101011001100101 +
b10110010110011110101011001100101 7
b11110011001100110101100011100110 *
b11110011001100110101100011100110 6
0&
#19375000
b0 A
09
03
b101 C
b10100110000000101010111101001011 D
1F
b1000000011001000000001010000001 <
1>
b1100110011010110001110011000000 L
b1000001111111000000111010000011 ;
b11110011111111110101111011100111 8
b10110010000000110101000001100100 4
1N
b110 J
b10110010110011110101011001100101 H
b110100110000000101010111101001011 E
b101000000011001000000001010000001 =
b1100110011010110001110011000000 B
b111100110011001101011000111 ?
b11111111100110011001101011000111 @
b11110011001100110101100011100110 G
0"
b1111000001 0
b1111000001 1
1&
#19380000
b1111000010 /
0-
0&
#19385000
1"
b1100110011010110001110011000000 #
b1100110011010110001110011000000 M
0N
1&
#19390000
1-
b1111000011 2
b110011010011011000010001100 '
b10101100000000011011001101011000 T
b1101101101001010000111011011010 P
b1100000110100011010110111000001 Q
b1100110100110110000100011001 O
b111 R
b111 )
b111 5
b1100000110100011010110111000001 +
b1100000110100011010110111000001 7
b1100110100110110000100011001 *
b1100110100110110000100011001 6
0&
#19395000
b1 A
19
03
b1 C
b1101101101001010000111011011010 D
0F
b10101100000000011011001101011000 <
0>
b110011010011011000010001100 L
b1101100000000101100110011011000 ;
b1101100110100111110110111011001 8
b110100010010000100000001 4
1N
b111 J
b1100000110100011010110111000001 H
b1101101101001010000111011011010 E
b10101100000000011011001101011000 =
b11001101001101100001000110010 B
b110011010011011000010001100 ?
b110011010011011000010001100 @
b1100110100110110000100011001 G
0"
b1111000010 0
b1111000010 1
1&
#19400000
b1111000011 /
0-
0&
#19405000
1"
b110011010011011000010001100 #
b110011010011011000010001100 M
0N
1&
#19410000
1-
b1111000100 2
b10001011010010001111010100010110 '
b110000110101101111101001100001110 T
b100101011100101110000101001010110 P
b1010010011011111001101110100100 Q
b11011001001001110110111010110010 O
b101 R
b101 )
b101 5
b1010010011011111001101110100100 +
b1010010011011111001101110100100 7
b11011001001001110110111010110010 *
b11011001001001110110111010110010 6
0&
#19415000
0:
b1 A
19
03
b100 C
b101011100101110000101001010110 D
1F
b10000110101101111101001100001110 <
1>
b10001011010010001111010100010110 L
b10001011010010001111010100010110 ;
b11011011011011111111111110110110 8
b1010000001001110000101010100000 4
1N
b101 J
b1010010011011111001101110100100 H
b100101011100101110000101001010110 E
b110000110101101111101001100001110 =
b10010010011101101110101100100000 B
b1101100100100111011011101011 ?
b11111101100100100111011011101011 @
b11011001001001110110111010110010 G
0"
b1111000011 0
b1111000011 1
1&
#19420000
b1111000100 /
0-
0&
#19425000
1"
b10001011010010001111010100010110 #
b10001011010010001111010100010110 M
0N
1&
#19430000
1-
b1111000101 2
b100 '
b100101000111011100000100001010010 T
b1100101011110101101101011001010 P
b11110010001100110100100111100 Q
b1000111001101000111000110001110 O
b1000 R
b1000 )
b1000 5
b11110010001100110100100111100 +
b11110010001100110100100111100 7
b1000111001101000111000110001110 *
b1000111001101000111000110001110 6
0&
#19435000
b0 A
09
b11100 C
b1100101011110101101101011001010 D
0F
b101000111011100000100001010010 <
1>
b100 L
b1011001011100100001100010110010 ;
b1011111011101100111100110111110 8
b110000001000110000100001100 4
1N
b1000 J
b11110010001100110100100111100 H
b1100101011110101101101011001010 E
b100101000111011100000100001010010 =
b11100000000000000000000000000000 B
b100 ?
b100 @
b1000111001101000111000110001110 G
0"
b1111000100 0
b1111000100 1
1&
#19440000
b1111000101 /
0-
0&
#19445000
1"
b100 #
b100 M
0N
1&
#19450000
1-
b1111000110 2
b10111111011011111101111101111110 '
b10010001110000011110011100100100 T
b11100000100100011010001111000000 P
b10100111011001111101111001001110 Q
b111001001010011100010101110010 O
b100 R
b100 )
b100 5
b10100111011001111101111001001110 +
b10100111011001111101111001001110 7
b111001001010011100010101110010 *
b111001001010011100010101110010 6
0&
#19455000
1:
b0 A
09
0>
b1110 C
b11100000100100011010001111000000 D
b10010001110000011110011100100100 <
b10111111011011111101111101111110 L
b10011110010011100001101100111100 ;
b10111111011011111101111101111110 8
b100001001000011100010001000010 4
1N
b100 J
b10100111011001111101111001001110 H
b11100000100100011010001111000000 E
b10010001110000011110011100100100 =
b1110001010111001000000000000000 B
b1110010010100111 ?
b1110010010100111 @
b111001001010011100010101110010 G
0"
b1111000101 0
b1111000101 1
1&
#19460000
b1111000110 /
0-
0&
#19465000
1"
b10111111011011111101111101111110 #
b10111111011011111101111101111110 M
0N
1&
#19470000
1-
b1111000111 2
b1110000111111111001111111100001 '
b11010000000101000111001110100000 T
b10010001011111111010101100100010 P
b1100000101101011001101111000001 Q
b110000110010100000111101100001 O
b1100000101101011001101111000001 +
b1100000101101011001101111000001 7
b110000110010100000111101100001 *
b110000110010100000111101100001 6
0&
#19475000
13
b1 A
19
0:
b1 C
b10010001011111111010101100100010 D
b11010000000101000111001110100000 <
b1110000111111111001111111100001 L
b1010000011111111001010010100000 ;
b1110000111111111001111111100001 8
b100000100000000000101101000001 4
1N
b1100000101101011001101111000001 H
b10010001011111111010101100100010 E
b11010000000101000111001110100000 =
b1100001100101000001111011000010 B
b11000011001010000011110110000 ?
b11000011001010000011110110000 @
b110000110010100000111101100001 G
0"
b1111000110 0
b1111000110 1
1&
#19480000
b1111000111 /
0-
0&
#19485000
1"
b1110000111111111001111111100001 #
b1110000111111111001111111100001 M
0N
1&
#19490000
1-
b1111001000 2
b1000011011101110010001 '
b100001110101100111010011000011101 T
b1111000001110101010000011101111 P
b110100110000110111110101101001 Q
b1000011011101110010001110000110 O
b111 R
b111 )
b111 5
b110100110000110111110101101001 +
b110100110000110111110101101001 7
b1000011011101110010001110000110 *
b1000011011101110010001110000110 6
0&
#19495000
b0 A
09
03
1>
b1001 C
b1111000001110101010000011101111 D
b1110101100111010011000011101 <
b1000011011101110010001 L
b1110111101101000101111011101111 ;
b1110111111101110111111111101111 8
b10000110010000100000000 4
1N
b111 J
b110100110000110111110101101001 H
b1111000001110101010000011101111 E
b100001110101100111010011000011101 =
b11101110010001110000110000000000 B
b1000011011101110010001 ?
b1000011011101110010001 @
b1000011011101110010001110000110 G
0"
b1111000111 0
b1111000111 1
1&
#19500000
b1111001000 /
0-
0&
#19505000
1"
b1000011011101110010001 #
b1000011011101110010001 M
0N
1&
#19510000
1-
b1111001001 2
b10101001010110001111111101010010 '
b110100111111111111110001101010000 T
b10101010101100011110000101010100 P
b1010110001111111100000010 Q
b10101001010110001110001001010010 O
b100 R
b100 )
b100 5
b1010110001111111100000010 +
b1010110001111111100000010 7
b10101001010110001110001001010010 *
b10101001010110001110001001010010 6
0&
#19515000
b1 A
19
03
0:
b10 C
b10101010101100011110000101010100 D
b10100111111111111110001101010000 <
b10101001010110001111111101010010 L
b10101000000000000001110101010000 ;
b10101001010110001111111101010010 8
b1010110001110001000000010 4
1N
b100 J
b1010110001111111100000010 H
b10101010101100011110000101010100 E
b110100111111111111110001101010000 =
b10100101011000111000100101001000 B
b101010010101100011100010010100 ?
b11101010010101100011100010010100 @
b10101001010110001110001001010010 G
0"
b1111001000 0
b1111001000 1
1&
#19520000
b1111001001 /
0-
0&
#19525000
1"
b10101001010110001111111101010010 #
b10101001010110001111111101010010 M
0N
1&
#19530000
1-
b1111001010 2
b10010100011011011000001100101001 '
b110010100011011011000001100101001 T
b10010111010000001010110100101101 P
b1011010011001010100000010 Q
b10010101110101110001100000101011 O
b1 R
b1 )
b1 5
b1011010011001010100000010 +
b1011010011001010100000010 7
b10010101110101110001100000101011 *
b10010101110101110001100000101011 6
0&
#19535000
b10010111010000001010110100101101 D
b10010100011011011000001100101001 <
1I
b10010100011011011000001100101001 L
b10010100101111101000110100101001 ;
b10010101111111111001110100101011 8
b1010000010001000000000010 4
1N
b1 J
b1011010011001010100000010 H
b10010111010000001010110100101101 E
b110010100011011011000001100101001 =
b1010111010111000110000010101100 B
b100101011101011100011000001010 ?
b11100101011101011100011000001010 @
b10010101110101110001100000101011 G
0"
b1111001001 0
b1111001001 1
1&
#19540000
b1111001010 /
0-
0&
#19545000
1%
1"
b10010100011011011000001100101001 #
b10010100011011011000001100101001 M
0N
1&
#19550000
1-
b1111001011 2
b101111001011101001000000000 '
b11001110010000100100110110011100 T
b1010010011110100110110010100100 P
b1000010000111000000111110000100 Q
b10000010111100101110100100000 O
b110 R
b110 )
b110 5
b1000010000111000000111110000100 +
b1000010000111000000111110000100 7
b10000010111100101110100100000 *
b10000010111100101110100100000 6
0&
#19555000
b1 A
19
0>
b100 C
b1010010011110100110110010100100 D
b11001110010000100100110110011100 <
0I
b101111001011101001000000000 L
b1010010010000100101001010100100 ;
b1010010010111100101111110100100 8
b111000000110100000000 4
1N
b110 J
b1000010000111000000111110000100 H
b1010010011110100110110010100100 E
b11001110010000100100110110011100 =
b101111001011101001000000000 B
b1000001011110010111010010 ?
b1000001011110010111010010 @
b10000010111100101110100100000 G
0"
b1111001010 0
b1111001010 1
1&
#19560000
b1111001011 /
0-
0&
#19565000
0%
1"
b101111001011101001000000000 #
b101111001011101001000000000 M
0N
1&
#19570000
1-
b1111001100 2
b110010011000001111001001100100 '
b10100011111011101111010101001000 T
b100110010011000001111001001100100 P
b11000111001110001111111010001110 Q
b1101011001001111111001111010110 O
b0 R
b0 )
b0 5
b11000111001110001111111010001110 +
b11000111001110001111111010001110 7
b1101011001001111111001111010110 *
b1101011001001111111001111010110 6
0&
#19575000
1:
b0 A
09
1I
1F
b1110 C
b110010011000001111001001100100 D
b10100011111011101111010101001000 <
0>
b110010011000001111001001100100 L
b10101100000111110000110101011000 ;
b11101111001111111111111111011110 8
b1000011001000001111001010000110 4
1N
b0 J
b11000111001110001111111010001110 H
b100110010011000001111001001100100 E
b10100011111011101111010101001000 =
b11111100111101011000000000000000 B
b11010110010011111 ?
b11010110010011111 @
b1101011001001111111001111010110 G
0"
b1111001011 0
b1111001011 1
1&
#19580000
b1111001100 /
0-
0&
#19585000
1%
1"
b110010011000001111001001100100 #
b110010011000001111001001100100 M
0N
1&
#19590000
1-
b1111001101 2
b10101011100101001011010101010110 '
b100101001011001001001111001010010 T
b10101011100101001011010101010110 P
b1000001000110000000101110000010 Q
b1101010011111001010100111010100 O
b1000001000110000000101110000010 +
b1000001000110000000101110000010 7
b1101010011111001010100111010100 *
b1101010011111001010100111010100 6
0&
#19595000
1K
13
0:
1>
0F
b10 C
b10101011100101001011010101010110 D
b101001011001001001111001010010 <
0I
b10101011100101001011010101010110 L
b101011011001001010001001010110 ;
b1101011011111001010101111010110 8
b1000000000110000000100110000000 4
1N
b1000001000110000000101110000010 H
b10101011100101001011010101010110 E
b100101001011001001001111001010010 =
b10101001111100101010011101010000 B
b11010100111110010101001110101 ?
b11010100111110010101001110101 @
b1101010011111001010100111010100 G
0"
b1111001100 0
b1111001100 1
1&
#19600000
b1111001101 /
0-
0&
#19605000
1$
0%
1"
b10101011100101001011010101010110 #
b10101011100101001011010101010110 M
0N
1&
#19610000
1-
b1111001110 2
b110000110101 '
b11000111110001100110001110010000 T
b11111011100011110001001111110110 P
b10011001111001000101100000110011 Q
b1100001101010101011101111000011 O
b111 R
b111 )
b111 5
b10011001111001000101100000110011 +
b10011001111001000101100000110011 7
b1100001101010101011101111000011 *
b1100001101010101011101111000011 6
0&
#19615000
1:
03
b0 A
09
0>
b10011 C
b11111011100011110001001111110110 D
b11000111110001100110001110010000 <
0K
b110000110101 L
b11111000010011101110001111110000 ;
b11111001111011101111101111110011 8
b1101000000001100000000011 4
1N
b111 J
b10011001111001000101100000110011 H
b11111011100011110001001111110110 E
b11000111110001100110001110010000 =
b11011110000110000000000000000000 B
b110000110101 ?
b110000110101 @
b1100001101010101011101111000011 G
0"
b1111001101 0
b1111001101 1
1&
#19620000
b1111001110 /
0-
0&
#19625000
0$
1"
b110000110101 #
b110000110101 M
0N
1&
#19630000
1-
b1111001111 2
b1000101011101101001110010001010 '
b100010001110101101100011000100100 T
b1000101011101101001110010001010 P
b11001110011111110101100110011 Q
b101011101001101011000101010111 O
b0 R
b0 )
b0 5
b11001110011111110101100110011 +
b11001110011111110101100110011 7
b101011101001101011000101010111 *
b101011101001101011000101010111 6
0&
#19635000
0:
1>
b1000101011101101001110010001010 D
b10001110101101100011000100100 <
b1000101011101101001110010001010 L
b110010011010010101101001100100 ;
b111011111011111111101101110111 8
b1001100001101010000100010011 4
1N
b0 J
b11001110011111110101100110011 H
b1000101011101101001110010001010 E
b100010001110101101100011000100100 =
b10001010101110000000000000000000 B
b10101110100 ?
b10101110100 @
b101011101001101011000101010111 G
0"
b1111001110 0
b1111001110 1
1&
#19640000
b1111001111 /
0-
0&
#19645000
1"
b1000101011101101001110010001010 #
b1000101011101101001110010001010 M
0N
1&
#19650000
1-
b1111010000 2
b11000101100000101100001110001011 '
b1000010100000010011111010000101 T
b100000101100111010011110000001011 P
b11100001100011011111111011000011 Q
b100100000011110011110101001000 O
b101 R
b101 )
b101 5
b11100001100011011111111011000011 +
b11100001100011011111111011000011 7
b100100000011110011110101001000 *
b100100000011110011110101001000 6
0&
#19655000
0>
1F
b11 C
b101100111010011110000001011 D
b1000010100000010011111010000101 <
b11000101100000101100001110001011 L
b11000101100000101100001110001011 ;
b11100101100011111111111111001011 8
b100000000011010011110001000000 4
1N
b101 J
b11100001100011011111111011000011 H
b100000101100111010011110000001011 E
b1000010100000010011111010000101 =
b100000011110011110101001000000 B
b100100000011110011110101001 ?
b100100000011110011110101001 @
b100100000011110011110101001000 G
0"
b1111001111 0
b1111001111 1
1&
#19660000
b1111010000 /
0-
0&
#19665000
1"
b11000101100000101100001110001011 #
b11000101100000101100001110001011 M
0N
1&
#19670000
1-
b1111010001 2
b11010000000011000010000010100000 '
b11100001110111111011000111000100 T
b111000010001110001000111110000100 P
b11110000001011000110111011100000 Q
b11010010000011000010000010100100 O
b11 R
b11 )
b11 5
b11110000001011000110111011100000 +
b11110000001011000110111011100000 7
b11010010000011000010000010100100 *
b11010010000011000010000010100100 6
0&
#19675000
b1 A
19
b0 C
b11000010001110001000111110000100 D
b11100001110111111011000111000100 <
b11010000000011000010000010100000 L
b100010001000000100111001000100 ;
b11110010001011000110111011100100 8
b11010000000011000010000010100000 4
1N
b11 J
b11110000001011000110111011100000 H
b111000010001110001000111110000100 E
b11100001110111111011000111000100 =
b11010010000011000010000010100100 B
b11010010000011000010000010100100 ?
b11010010000011000010000010100100 @
b11010010000011000010000010100100 G
0"
b1111010000 0
b1111010000 1
1&
#19680000
b1111010001 /
0-
0&
#19685000
1"
b11010000000011000010000010100000 #
b11010000000011000010000010100000 M
0N
1&
#19690000
1-
b1111010010 2
b111000000100000000000 '
b10111100000110111111100101111000 T
b1000110011001000001010010001100 P
b1000101001001000000110110001010 Q
b1010000000000011100000010 O
b110 R
b110 )
b110 5
b1000101001001000000110110001010 +
b1000101001001000000110110001010 7
b1010000000000011100000010 *
b1010000000000011100000010 6
0&
#19695000
b1 A
19
03
b1010 C
b1000110011001000001010010001100 D
0F
b10111100000110111111100101111000 <
b111000000100000000000 L
b1000100011001000000101010001000 ;
b1000101011001000000111110001010 8
b1000000000000010100000010 4
1N
b110 J
b1000101001001000000110110001010 H
b1000110011001000001010010001100 E
b10111100000110111111100101111000 =
b111000000100000000000 B
b101000000000001 ?
b101000000000001 @
b1010000000000011100000010 G
0"
b1111010001 0
b1111010001 1
1&
#19700000
b1111010010 /
0-
0&
#19705000
1"
b111000000100000000000 #
b111000000100000000000 M
0N
1&
#19710000
1-
b1111010011 2
1(
b0 '
0S
b1011100100011010101100010111001 T
b100011110111111010111011000111101 P
b11100001001110000000111011000010 Q
b111101110001010110011101111011 O
b10 R
b10 )
b10 5
b11100001001110000000111011000010 +
b11100001001110000000111011000010 7
b111101110001010110011101111011 *
b111101110001010110011101111011 6
0&
#19715000
b0 A
09
0:
1F
b10 C
b11110111111010111011000111101 D
b1011100100011010101100010111001 <
b0 L
b11011100111111010110100110111001 ;
b11111101111111010110111111111011 8
b100001000000000000011001000010 4
1N
b10 J
b11100001001110000000111011000010 H
b100011110111111010111011000111101 E
b1011100100011010101100010111001 =
b11110111000101011001110111101100 B
b1111011100010101100111011110 ?
b1111011100010101100111011110 @
b111101110001010110011101111011 G
0"
b1111010010 0
b1111010010 1
1&
#19720000
b1111010011 /
0-
0&
#19725000
1!
1"
b0 #
b0 M
0N
1&
#19730000
1-
b1111010100 2
0(
b111110111011100110001101111101 '
b1011110011100100000010010111101 T
b100011111011010101100001000111101 P
b11100000011111000101111011000000 Q
b111110111011100110001101111101 O
b110 R
b110 )
b110 5
b11100000011111000101111011000000 +
b11100000011111000101111011000000 7
b111110111011100110001101111101 *
b111110111011100110001101111101 6
0&
#19735000
b0 C
b11111011010101100001000111101 D
b1011110011100100000010010111101 <
b111110111011100110001101111101 L
b11011110100100100011110110111101 ;
b11111110111111100111111111111101 8
b100000011011000100001001000000 4
1N
b110 J
b11100000011111000101111011000000 H
b100011111011010101100001000111101 E
b1011110011100100000010010111101 =
b111110111011100110001101111101 B
b111110111011100110001101111101 ?
b111110111011100110001101111101 @
b111110111011100110001101111101 G
0"
b1111010011 0
b1111010011 1
1&
#19740000
b1111010100 /
0-
0&
#19745000
0!
1"
b111110111011100110001101111101 #
b111110111011100110001101111101 M
0N
1&
#19750000
1-
b1111010101 2
1(
b0 '
b11011011101001001010001110110111 T
b100000110110110101011010000001101 P
b10010101100110110000100000101011 Q
b1110001001111111010101111100010 O
b10 R
b10 )
b10 5
b10010101100110110000100000101011 +
b10010101100110110000100000101011 7
b1110001001111111010101111100010 *
b1110001001111111010101111100010 6
0&
#19755000
1:
b0 A
09
b1011 C
b110110110101011010000001101 D
b11011011101001001010001110110111 <
b0 L
b11100100101001001010001111001001 ;
b11110101101111111010101111101011 8
b10001000110110000100000100010 4
1N
b10 J
b10010101100110110000100000101011 H
b100000110110110101011010000001101 E
b11011011101001001010001110110111 =
b11111101010111110001000000000000 B
b11100010011111110101 ?
b11100010011111110101 @
b1110001001111111010101111100010 G
0"
b1111010100 0
b1111010100 1
1&
#19760000
b1111010101 /
0-
0&
#19765000
1!
1"
b0 #
b0 M
0N
1&
#19770000
1-
b1111010110 2
0(
b1011001011011110010111000110 '
b11010000101011011100101110100001 T
b110010101000011101110110100101001 P
b11100010001100001001000011000100 Q
b10110010110111100101110001100101 O
b111 R
b111 )
b111 5
b11100010001100001001000011000100 +
b11100010001100001001000011000100 7
b10110010110111100101110001100101 *
b10110010110111100101110001100101 6
0&
#19775000
b1 A
19
0:
b100 C
b10010101000011101110110100101001 D
b11010000101011011100101110100001 <
0>
b1011001011011110010111000110 L
b1010000111011101100110010100001 ;
b11110010111111101101110011100101 8
b10100010000100000001000001000100 4
1N
b111 J
b11100010001100001001000011000100 H
b110010101000011101110110100101001 E
b11010000101011011100101110100001 =
b101101111001011100011001010000 B
b1011001011011110010111000110 ?
b11111011001011011110010111000110 @
b10110010110111100101110001100101 G
0"
b1111010101 0
b1111010101 1
1&
#19780000
b1111010110 /
0-
0&
#19785000
0!
1"
b1011001011011110010111000110 #
b1011001011011110010111000110 M
0N
1&
#19790000
1-
b1111010111 2
b110011010001101111101001100000 '
b110100100100011000011001101001 T
b100011000010000000011100000101111 P
b11110001110101110101100011100011 Q
b100110011010001101111101001100 O
b110 R
b110 )
b110 5
b11110001110101110101100011100011 +
b11110001110101110101100011100011 7
b100110011010001101111101001100 *
b100110011010001101111101001100 6
0&
#19795000
b0 A
09
03
0:
b11 C
b11000010000000011100000101111 D
b110100100100011000011001101001 <
b110011010001101111101001100000 L
b11010111101111111000011110101111 ;
b11110111111111111101111111101111 8
b100000010000000101100001000000 4
1N
b110 J
b11110001110101110101100011100011 H
b100011000010000000011100000101111 E
b110100100100011000011001101001 =
b110011010001101111101001100000 B
b100110011010001101111101001 ?
b100110011010001101111101001 @
b100110011010001101111101001100 G
0"
b1111010110 0
b1111010110 1
1&
#19800000
b1111010111 /
0-
0&
#19805000
1"
b110011010001101111101001100000 #
b110011010001101111101001100000 M
0N
1&
#19810000
1-
b1111011000 2
b1 '
1S
b110000001101110001100010100000011 T
b101011100001011001100000010110111 P
b1101101001110011111110111011010 Q
b11101110111100101100001011011101 O
b10 R
b10 )
b10 5
b1101101001110011111110111011010 +
b1101101001110011111110111011010 7
b11101110111100101100001011011101 *
b11101110111100101100001011011101 6
0&
#19815000
b1 A
19
0:
1>
b11010 C
b1011100001011001100000010110111 D
b10000001101110001100010100000011 <
b1 L
b10000011110010110011111100000111 ;
b11101111111110111111111111011111 8
b1101100001100001100000011011000 4
1N
b10 J
b1101101001110011111110111011010 H
b101011100001011001100000010110111 E
b110000001101110001100010100000011 =
b1110100000000000000000000000000 B
b111011 ?
b11111111111111111111111111111011 @
b11101110111100101100001011011101 G
0"
b1111010111 0
b1111010111 1
1&
#19820000
b1111011000 /
0-
0&
#19825000
1"
b1 #
b1 M
0N
1&
#19830000
1-
b1111011001 2
b1000100010101101111001010001001 '
b101000100010101101111001010001001 T
b10000100111000000110010100001001 P
b100000010001001011100101000000 Q
b1100100100110111010101111001001 O
b1 R
b1 )
b1 5
b100000010001001011100101000000 +
b100000010001001011100101000000 7
b1100100100110111010101111001001 *
b1100100100110111010101111001001 6
0&
#19835000
b0 A
09
13
b0 C
b10000100111000000110010100001001 D
0F
b1000100010101101111001010001001 <
1>
1I
b1000100010101101111001010001001 L
b1000100110111110001001010001001 ;
b1100100110111111011101111001001 8
b100000000000001010100101000000 4
1N
b1 J
b100000010001001011100101000000 H
b10000100111000000110010100001001 E
b101000100010101101111001010001001 =
b1100100100110111010101111001001 B
b1100100100110111010101111001001 ?
b1100100100110111010101111001001 @
b1100100100110111010101111001001 G
0"
b1111011000 0
b1111011000 1
1&
#19840000
b1111011001 /
0-
0&
#19845000
1%
1"
b1000100010101101111001010001001 #
b1000100010101101111001010001001 M
0N
1&
#19850000
1-
b1111011010 2
b1010010010010000001100010100 '
b10110001101010110101101101100011 T
b1100110010001101110001011001011 P
b1011010010011011100001110110100 Q
b1011111110010001111100010111 O
b11 R
b11 )
b11 5
b1011010010011011100001110110100 +
b1011010010011011100001110110100 7
b1011111110010001111100010111 *
b1011111110010001111100010111 6
0&
#19855000
03
b1 A
19
b10100 C
b1100110010001101110001011001011 D
b10110001101010110101101101100011 <
0>
0I
b1010010010010000001100010100 L
b1010001101101001101110010100011 ;
b1011011111111011101111110110111 8
b1010010010010000001100010100 4
1N
b11 J
b1011010010011011100001110110100 H
b1100110010001101110001011001011 E
b10110001101010110101101101100011 =
b11110001011100000000000000000000 B
b10111111 ?
b10111111 @
b1011111110010001111100010111 G
0"
b1111011001 0
b1111011001 1
1&
#19860000
b1111011010 /
0-
0&
#19865000
0%
1"
b1010010010010000001100010100 #
b1010010010010000001100010100 M
0N
1&
#19870000
1-
b1111011011 2
b10010000010100000000000 '
b10010011111101101001000100101 T
b11110100000110000010001111100111 P
b11110000110011001010100011100001 Q
b11010010110111101100000110 O
b11110000110011001010100011100001 +
b11110000110011001010100011100001 7
b11010010110111101100000110 *
b11010010110111101100000110 6
0&
#19875000
b0 A
09
0:
b1 C
b11110100000110000010001111100111 D
b10010011111101101001000100101 <
b10010000010100000000000 L
b11110011100001111101001111100111 ;
b11110011110011111111101111100111 8
b10010000010100000000000 4
1N
b11110000110011001010100011100001 H
b11110100000110000010001111100111 E
b10010011111101101001000100101 =
b110100101101111011000001100 B
b1101001011011110110000011 ?
b1101001011011110110000011 @
b11010010110111101100000110 G
0"
b1111011010 0
b1111011010 1
1&
#19880000
b1111011011 /
0-
0&
#19885000
1"
b10010000010100000000000 #
b10010000010100000000000 M
0N
1&
#19890000
1-
b1111011100 2
b11011111001101011011111 '
b110101010001111010000001101010101 T
b100010100001011100111101000100111 P
b110100111110001011101101101001 Q
b11011111001101011011111010111110 O
b111 R
b111 )
b111 5
b110100111110001011101101101001 +
b110100111110001011101101101001 7
b11011111001101011011111010111110 *
b11011111001101011011111010111110 6
0&
#19895000
b1 A
19
0:
1>
b1001 C
b10100001011100111101000100111 D
1F
b10101010001111010000001101010101 <
b11011111001101011011111 L
b11101011110011010000010111010111 ;
b11111111111111011011111111111111 8
b10100001100001011101000101000 4
1N
b111 J
b110100111110001011101101101001 H
b100010100001011100111101000100111 E
b110101010001111010000001101010101 =
b1101011011111010111110000000000 B
b11011111001101011011111 ?
b11111111111011111001101011011111 @
b11011111001101011011111010111110 G
0"
b1111011011 0
b1111011011 1
1&
#19900000
b1111011100 /
0-
0&
#19905000
1"
b11011111001101011011111 #
b11011111001101011011111 M
0N
1&
#19910000
1-
b1111011101 2
b11111111111111111111110001010111 '
b101111011000010100001100011110110 T
b100001111110101101101110000011110 P
b1001010011001100110000110010100 Q
b11000101011100000111101010001010 O
b1000 R
b1000 )
b1000 5
b1001010011001100110000110010100 +
b1001010011001100110000110010100 7
b11000101011100000111101010001010 *
b11000101011100000111101010001010 6
0&
#19915000
1:
b1 A
19
b10100 C
b1111110101101101110000011110 D
b1111011000010100001100011110110 <
b11111111111111111111110001010111 L
b10001111000101100001101100011110 ;
b11001111011101100111101110011110 8
b1000000011000000110000010000000 4
1N
b1000 J
b1001010011001100110000110010100 H
b100001111110101101101110000011110 E
b101111011000010100001100011110110 =
b10101000101000000000000000000000 B
b110001010111 ?
b11111111111111111111110001010111 @
b11000101011100000111101010001010 G
0"
b1111011100 0
b1111011100 1
1&
#19920000
b1111011101 /
0-
0&
#19925000
1"
b11111111111111111111110001010111 #
b11111111111111111111110001010111 M
0N
1&
#19930000
1-
b1111011110 2
b1010111000000000000000 '
b10010110001101000010101100101101 T
b10110111001010110010111101101101 P
b10010000011110111000001000100000 Q
b100110101011111010110101001101 O
b11 R
b11 )
b11 5
b10010000011110111000001000100000 +
b10010000011110111000001000100000 7
b100110101011111010110101001101 *
b100110101011111010110101001101 6
0&
#19935000
b0 A
09
1:
b0 C
b10110111001010110010111101101101 D
0F
b10010110001101000010101100101101 <
0>
b1010111000000000000000 L
b10110110110101000010111101101101 ;
b10110110111111111010111101101101 8
b1010111000000000000000 4
1N
b11 J
b10010000011110111000001000100000 H
b10110111001010110010111101101101 E
b10010110001101000010101100101101 =
b100110101011111010110101001101 B
b100110101011111010110101001101 ?
b100110101011111010110101001101 @
b100110101011111010110101001101 G
0"
b1111011101 0
b1111011101 1
1&
#19940000
b1111011110 /
0-
0&
#19945000
1"
b1010111000000000000000 #
b1010111000000000000000 M
0N
1&
#19950000
1-
b1111011111 2
b11110011011 '
b101001111011000001011100010011111 T
b10100100000001100111101101000111 P
b101010010100101110000101010100 Q
b1111001101100111001100111110011 O
b1000 R
b1000 )
b1000 5
b101010010100101110000101010100 +
b101010010100101110000101010100 7
b1111001101100111001100111110011 *
b1111001101100111001100111110011 6
0&
#19955000
13
0:
1>
b10100 C
b10100100000001100111101101000111 D
b1001111011000001011100010011111 <
b11110011011 L
b1010011111000010111100010100111 ;
b1111011111100111111100111110111 8
b101000000100101000000101010000 4
1N
b1000 J
b101010010100101110000101010100 H
b10100100000001100111101101000111 E
b101001111011000001011100010011111 =
b10011111001100000000000000000000 B
b11110011011 ?
b11110011011 @
b1111001101100111001100111110011 G
0"
b1111011110 0
b1111011110 1
1&
#19960000
b1111011111 /
0-
0&
#19965000
1"
b11110011011 #
b11110011011 M
0N
1&
#19970000
1-
b1111100000 2
b11111000011111101111011011110000 '
b101100111110101100011111011010000 T
b110001000101000110010101100010000 P
b10010000011001100111011000100000 Q
b11111000001111001011010011110000 O
b100 R
b100 )
b100 5
b10010000011001100111011000100000 +
b10010000011001100111011000100000 7
b11111000001111001011010011110000 *
b11111000001111001011010011110000 6
0&
#19975000
b0 A
09
03
b0 C
b10001000101000110010101100010000 D
1F
b1100111110101100011111011010000 <
b11111000011111101111011011110000 L
b1101000010110101100001011010000 ;
b11111000011111101111011011110000 8
b10010000001001000011010000100000 4
1N
b100 J
b10010000011001100111011000100000 H
b110001000101000110010101100010000 E
b101100111110101100011111011010000 =
b11111000001111001011010011110000 B
b11111000001111001011010011110000 ?
b11111000001111001011010011110000 @
b11111000001111001011010011110000 G
0"
b1111011111 0
b1111011111 1
1&
#19980000
b1111100000 /
0-
0&
#19985000
1"
b11111000011111101111011011110000 #
b11111000011111101111011011110000 M
0N
1&
#19990000
1-
b1111100001 2
b1011000000000000000000000000000 '
b11011110010000011001110110111100 T
b10111000011100110110000101110000 P
b1101101000110001110000111011010 Q
b1001011010110100111111110010110 O
b110 R
b110 )
b110 5
b1101101000110001110000111011010 +
b1101101000110001110000111011010 7
b1001011010110100111111110010110 *
b1001011010110100111111110010110 6
0&
#19995000
b1 A
19
13
b11010 C
b10111000011100110110000101110000 D
0F
b11011110010000011001110110111100 <
0>
b1011000000000000000000000000000 L
b100110010000101001111001001100 ;
b1101111010110101111111111011110 8
b1001001000110000110000110010010 4
1N
b110 J
b1101101000110001110000111011010 H
b10111000011100110110000101110000 E
b11011110010000011001110110111100 =
b1011000000000000000000000000000 B
b10010 ?
b10010 @
b1001011010110100111111110010110 G
0"
b1111100000 0
b1111100000 1
1&
#20000000
b1111100001 /
0-
0&
#20005000
1"
b1011000000000000000000000000000 #
b1011000000000000000000000000000 M
0N
1&
#20010000
1-
b1111100010 2
b11111110100110101100101111111100 '
b100111110010101111011001001111101 T
b11000000010000110001100101111111 P
b1000000111101011011001110000001 Q
b1111111010011010110010111111110 O
b1000000111101011011001110000001 +
b1000000111101011011001110000001 7
b1111111010011010110010111111110 *
b1111111010011010110010111111110 6
0&
#20015000
b0 A
09
b1 C
b11000000010000110001100101111111 D
b111110010101111011001001111101 <
1>
b11111110100110101100101111111100 L
b111111101110001101011001111111 ;
b1111111111111011111011111111111 8
b1000000010001010010000110000000 4
1N
b1000000111101011011001110000001 H
b11000000010000110001100101111111 E
b100111110010101111011001001111101 =
b11111110100110101100101111111100 B
b111111101001101011001011111111 ?
b111111101001101011001011111111 @
b1111111010011010110010111111110 G
0"
b1111100001 0
b1111100001 1
1&
#20020000
b1111100010 /
0-
0&
#20025000
1"
b11111110100110101100101111111100 #
b11111110100110101100101111111100 M
0N
1&
#20030000
1-
b1111100011 2
b11010010101100101011101110100101 '
b11010010101100101011101110100101 T
b10001101001101000111101100011001 P
b1011101010000001101111110111010 Q
b101111111100111001101101011111 O
b1 R
b1 )
b1 5
b1011101010000001101111110111010 +
b1011101010000001101111110111010 7
b101111111100111001101101011111 *
b101111111100111001101101011111 6
0&
#20035000
b1 A
19
b11010 C
b10001101001101000111101100011001 D
b11010010101100101011101110100101 <
0>
0I
b11010010101100101011101110100101 L
b1110010101100110100010011100101 ;
b1111111111100111101111111111111 8
b1101010000001001101100011010 4
1N
b1 J
b1011101010000001101111110111010 H
b10001101001101000111101100011001 E
b11010010101100101011101110100101 =
b1111100000000000000000000000000 B
b1011 ?
b1011 @
b101111111100111001101101011111 G
0"
b1111100010 0
b1111100010 1
1&
#20040000
b1111100011 /
0-
0&
#20045000
1"
b11010010101100101011101110100101 #
b11010010101100101011101110100101 M
0N
1&
#20050000
1-
b1111100100 2
b11011111011111010001011110111110 '
b110111010010010111111001101110100 T
b11110000101001100001100111100000 P
b11011001011010001001100110110 Q
b11010101011110010000011010101010 O
b100 R
b100 )
b100 5
b11011001011010001001100110110 +
b11011001011010001001100110110 7
b11010101011110010000011010101010 *
b11010101011110010000011010101010 6
0&
#20055000
0:
b1 A
19
03
b10110 C
b11110000101001100001100111100000 D
b10111010010010111111001101110100 <
1>
b11011111011111010001011110111110 L
b11001110010101000001010110011100 ;
b11011111011111010001011110111110 8
b10001001010010000001000100010 4
1N
b100 J
b11011001011010001001100110110 H
b11110000101001100001100111100000 E
b110111010010010111111001101110100 =
b10101010100000000000000000000000 B
b1101010101 ?
b11111111111111111111111101010101 @
b11010101011110010000011010101010 G
0"
b1111100011 0
b1111100011 1
1&
#20060000
b1111100100 /
0-
0&
#20065000
1"
b11011111011111010001011110111110 #
b11011111011111010001011110111110 M
0N
1&
#20070000
1-
b1111100101 2
1(
b0 '
0S
b1011001111100010000000010110100 T
b11100001100100110010110111000010 P
b11000011110100010001011010000111 Q
b11101110000100001011100111011 O
b10 R
b10 )
b10 5
b11000011110100010001011010000111 +
b11000011110100010001011010000111 7
b11101110000100001011100111011 *
b11101110000100001011100111011 6
0&
#20075000
b0 A
09
0:
0>
b111 C
b11100001100100110010110111000010 D
b1011001111100010000000010110100 <
b0 L
b11011110000100110000000110111100 ;
b11011111110100110001011110111111 8
b1110000000001011000000011 4
1N
b10 J
b11000011110100010001011010000111 H
b11100001100100110010110111000010 E
b1011001111100010000000010110100 =
b11100001000010111001110110000000 B
b1110111000010000101110 ?
b1110111000010000101110 @
b11101110000100001011100111011 G
0"
b1111100100 0
b1111100100 1
1&
#20080000
b1111100101 /
0-
0&
#20085000
1!
1"
b0 #
b0 M
0N
1&
#20090000
1-
b1111100110 2
0(
b11010001111111011011011010100011 '
b10110001000101010111001101100010 T
b101010010011111011101100010100100 P
b11010000101101000011001010100001 Q
b10000001110010011010011000000011 O
b100 R
b100 )
b100 5
b11010000101101000011001010100001 +
b11010000101101000011001010100001 7
b10000001110010011010011000000011 *
b10000001110010011010011000000011 6
0&
#20095000
13
b1 A
19
b1 C
b1010010011111011101100010100100 D
1F
b10110001000101010111001101100010 <
b11010001111111011011011010100011 L
b1010001011111011001010010100010 ;
b11010001111111011011011010100011 8
b10000000100000000010001000000001 4
1N
b100 J
b11010000101101000011001010100001 H
b101010010011111011101100010100100 E
b10110001000101010111001101100010 =
b11100100110100110000000110 B
b1000000111001001101001100000001 ?
b11000000111001001101001100000001 @
b10000001110010011010011000000011 G
0"
b1111100101 0
b1111100101 1
1&
#20100000
b1111100110 /
0-
0&
#20105000
0!
1"
b11010001111111011011011010100011 #
b11010001111111011011011010100011 M
0N
1&
#20110000
1-
b1111100111 2
b11110110111010011101111111101101 '
b10000000011000000101101100000000 T
b101101101011100110110010011011010 P
b11110110100010011000010011101101 Q
b1110110111010011101111111101101 O
b11110110100010011000010011101101 +
b11110110100010011000010011101101 7
b1110110111010011101111111101101 *
b1110110111010011101111111101101 6
0&
#20115000
b0 A
09
03
1:
b1101 C
b1101101011100110110010011011010 D
b10000000011000000101101100000000 <
b11110110111010011101111111101101 L
b10000000011000000101101100000000 ;
b11110110111010011101111111101101 8
b1110110100010011000010011101101 4
1N
b11110110100010011000010011101101 H
b101101101011100110110010011011010 E
b10000000011000000101101100000000 =
b111011111111011010000000000000 B
b111011011101001110 ?
b111011011101001110 @
b1110110111010011101111111101101 G
0"
b1111100110 0
b1111100110 1
1&
#20120000
b1111100111 /
0-
0&
#20125000
1"
b11110110111010011101111111101101 #
b11110110111010011101111111101101 M
0N
1&
#20130000
1-
b1111101000 2
b101010010000000000000001010100 '
b110101111010101011010010101011111 T
b100100110001110101000000001001011 P
b111011011100100110110101110110 Q
b11101010110010000001001011010101 O
b11 R
b11 )
b11 5
b111011011100100110110101110110 +
b111011011100100110110101110110 7
b11101010110010000001001011010101 *
b11101010110010000001001011010101 6
0&
#20135000
b1 A
19
0:
1>
b10110 C
b100110001110101000000001001011 D
b10101111010101011010010101011111 <
b101010010000000000000001010100 L
b11010001101110100111111110100011 ;
b11111011111110100111111111110111 8
b101010010000000000000001010100 4
1N
b11 J
b111011011100100110110101110110 H
b100100110001110101000000001001011 E
b110101111010101011010010101011111 =
b10110101010000000000000000000000 B
b1110101011 ?
b11111111111111111111111110101011 @
b11101010110010000001001011010101 G
0"
b1111100111 0
b1111100111 1
1&
#20140000
b1111101000 /
0-
0&
#20145000
1"
b101010010000000000000001010100 #
b101010010000000000000001010100 M
0N
1&
#20150000
0&
#20155000
0"
b1111101000 0
b1111101000 1
1&
#20160000
0&
#20165000
1&
#20170000
0&
#20175000
1&
#20180000
0&
#20185000
1&
#20190000
0&
#20195000
1&
#20200000
0&
#20205000
1&
#20210000
0&
#20215000
1&
#20220000
0&
#20225000
1&
#20230000
0&
#20235000
1&
#20240000
0&
#20245000
1&
#20250000
0&
#20255000
1&
#20260000
0&
#20265000
1&
#20270000
0&
#20275000
1&
#20280000
0&
#20285000
1&
#20290000
0&
#20295000
1&
#20300000
0&
#20305000
1&
#20310000
0&
#20315000
1&
#20320000
0&
#20325000
1&
#20330000
0&
#20335000
1&
